,Source,Target,Weight,source_ct,target_ct
6,ASIL,ASGL,6.0,sensory,sensory
14,ASIL,AFDL,5.0,sensory,sensory
16,ASIL,AWCL,8.0,sensory,sensory
83,ASIL,AIML,3.0,sensory,interneuron
91,ASIL,AIAL,1.0,sensory,interneuron
125,ASIL,AIBL,11.0,sensory,interneuron
365,ASIR,ASGR,2.0,sensory,sensory
373,ASIR,AFDR,8.0,sensory,sensory
375,ASIR,AWCR,1.0,sensory,sensory
377,ASIR,ASKR,4.0,sensory,sensory
450,ASIR,AIAR,3.0,sensory,interneuron
734,ASJL,ASKL,13.0,sensory,sensory
787,ASJL,OLQDL,2.0,sensory,sensory
815,ASJL,PVQL,26.0,sensory,interneuron
877,ASJL,URADL,2.0,sensory,motorneuron
1093,ASJR,ASKR,1.0,sensory,sensory
1174,ASJR,PVQR,20.0,sensory,interneuron
1177,ASJR,RIFR,2.0,sensory,interneuron
1198,ASJR,RMGR,3.0,sensory,interneuron
1227,ASJR,AVBL,2.0,sensory,interneuron
1432,AWAL,ASIL,2.0,sensory,sensory
1440,AWAL,AWBL,6.0,sensory,sensory
1442,AWAL,ASEL,5.0,sensory,sensory
1444,AWAL,ADFL,10.0,sensory,sensory
1446,AWAL,AFDL,16.0,sensory,sensory
1521,AWAL,AIYL,13.0,sensory,interneuron
1525,AWAL,AUAL,2.0,sensory,interneuron
1527,AWAL,AIZL,50.0,sensory,interneuron
1551,AWAL,RIBL,3.0,sensory,interneuron
1799,AWAR,AWBR,4.0,sensory,sensory
1803,AWAR,ADFR,14.0,sensory,sensory
1805,AWAR,AFDR,8.0,sensory,sensory
1813,AWAR,ADLR,3.0,sensory,sensory
1880,AWAR,AIYR,3.0,sensory,interneuron
1886,AWAR,AIZR,88.0,sensory,interneuron
2158,ASGL,ASEL,1.0,sensory,sensory
2231,ASGL,AIML,5.0,sensory,interneuron
2239,ASGL,AIAL,70.0,sensory,interneuron
2243,ASGL,AIZL,3.0,sensory,interneuron
2275,ASGL,RICL,4.0,sensory,interneuron
2590,ASGR,AIMR,1.0,sensory,interneuron
2598,ASGR,AIAR,57.0,sensory,interneuron
2632,ASGR,AIBR,9.0,sensory,interneuron
2876,AWBL,ADFL,16.0,sensory,sensory
2953,AWBL,AIYL,13.0,sensory,interneuron
2959,AWBL,AIZL,1.0,sensory,interneuron
2983,AWBL,RIBL,9.0,sensory,interneuron
3008,AWBL,RIAL,13.0,sensory,interneuron
3052,AWBL,SMBVL,3.0,sensory,motorneuron
3235,AWBR,ADFR,19.0,sensory,sensory
3318,AWBR,AIZR,13.0,sensory,interneuron
3342,AWBR,RIBR,6.0,sensory,interneuron
3367,AWBR,RIAR,26.0,sensory,interneuron
3596,ASEL,AWCL,18.0,sensory,sensory
3598,ASEL,ASKL,4.0,sensory,sensory
3669,ASEL,AIYL,11.0,sensory,interneuron
3699,ASEL,RIBL,1.0,sensory,interneuron
3705,ASEL,AIBL,5.0,sensory,interneuron
3953,ASER,AFDR,2.0,sensory,sensory
3961,ASER,ADLR,2.0,sensory,sensory
4028,ASER,AIYR,23.0,sensory,interneuron
4030,ASER,AIAR,2.0,sensory,interneuron
4034,ASER,AIZR,8.0,sensory,interneuron
4064,ASER,AIBR,13.0,sensory,interneuron
4300,ADFL,AWAL,1.0,sensory,sensory
4369,ADFL,OLQVL,2.0,sensory,sensory
4389,ADFL,AUAL,3.0,sensory,interneuron
4391,ADFL,AIZL,37.0,sensory,interneuron
4397,ADFL,ADAL,2.0,sensory,interneuron
4415,ADFL,RIBL,1.0,sensory,interneuron
4417,ADFL,RIGL,9.0,sensory,interneuron
4440,ADFL,RIAL,47.0,sensory,interneuron
4484,ADFL,SMBVL,8.0,sensory,motorneuron
4659,ADFR,AWAR,1.0,sensory,sensory
4661,ADFR,ASGR,2.0,sensory,sensory
4663,ADFR,AWBR,8.0,sensory,sensory
4669,ADFR,AFDR,2.0,sensory,sensory
4748,ADFR,AUAR,10.0,sensory,interneuron
4750,ADFR,AIZR,24.0,sensory,interneuron
4799,ADFR,RIAR,33.0,sensory,interneuron
4814,ADFR,RIPR,1.0,sensory,interneuron
4841,ADFR,SMBDR,3.0,sensory,motorneuron
4843,ADFR,SMBVR,1.0,sensory,motorneuron
5101,AFDL,AIYL,59.0,sensory,interneuron
5375,AFDR,AWAR,2.0,sensory,sensory
5460,AFDR,AIYR,30.0,sensory,interneuron
5464,AFDR,AUAR,2.0,sensory,interneuron
5738,AWCL,ASEL,4.0,sensory,sensory
5746,AWCL,ASKL,2.0,sensory,sensory
5817,AWCL,AIYL,5.0,sensory,interneuron
5819,AWCL,AIAL,13.0,sensory,interneuron
5853,AWCL,AIBL,3.0,sensory,interneuron
6176,AWCR,AIYR,45.0,sensory,interneuron
6212,AWCR,AIBR,13.0,sensory,interneuron
6464,ASKL,ASHL,5.0,sensory,sensory
6526,ASKL,AINR,6.0,sensory,interneuron
6535,ASKL,AIAL,8.0,sensory,interneuron
6569,ASKL,AIBL,3.0,sensory,interneuron
6823,ASKR,ASHR,2.0,sensory,sensory
6886,ASKR,AIMR,1.0,sensory,interneuron
6894,ASKR,AIAR,38.0,sensory,interneuron
6905,ASKR,RIFR,1.0,sensory,interneuron
7172,ASHL,ADFL,12.0,sensory,sensory
7178,ASHL,ASKL,1.0,sensory,sensory
7182,ASHL,ADLL,3.0,sensory,sensory
7251,ASHL,AIAL,23.0,sensory,interneuron
7259,ASHL,PVQL,5.0,sensory,interneuron
7262,ASHL,RIFL,1.0,sensory,interneuron
7267,ASHL,AVFL,5.0,sensory,interneuron
7285,ASHL,AIBL,20.0,sensory,interneuron
7300,ASHL,AVDR,14.0,sensory,interneuron
7304,ASHL,RIAL,8.0,sensory,interneuron
7313,ASHL,AVBL,4.0,sensory,interneuron
7348,ASHL,SMBVL,4.0,sensory,motorneuron
7537,ASHR,ASKR,2.0,sensory,sensory
7610,ASHR,AIAR,48.0,sensory,interneuron
7644,ASHR,AIBR,2.0,sensory,interneuron
7657,ASHR,AVDL,24.0,sensory,interneuron
7672,ASHR,AVBR,1.0,sensory,interneuron
7882,ADLL,ASGL,9.0,sensory,sensory
7894,ADLL,ASKL,1.0,sensory,sensory
7896,ADLL,ASHL,4.0,sensory,sensory
7938,ADLL,CEPDL,1.0,sensory,sensory
7975,ADLL,PVQL,1.0,sensory,interneuron
7983,ADLL,AVFL,1.0,sensory,interneuron
7985,ADLL,AVHL,1.0,sensory,interneuron
7987,ADLL,PVPL,1.0,sensory,interneuron
8001,ADLL,AIBL,16.0,sensory,interneuron
8012,ADLL,AVJL,10.0,sensory,interneuron
8016,ADLL,AVDR,13.0,sensory,interneuron
8064,ADLL,SMBVL,1.0,sensory,motorneuron
8241,ADLR,ASGR,1.0,sensory,sensory
8245,ADLR,ASER,4.0,sensory,sensory
8255,ADLR,ASHR,11.0,sensory,sensory
8326,ADLR,AIAR,24.0,sensory,interneuron
8342,ADLR,AVFR,2.0,sensory,interneuron
8360,ADLR,AIBR,53.0,sensory,interneuron
8373,ADLR,AVDL,40.0,sensory,interneuron
8423,ADLR,SMBVR,9.0,sensory,motorneuron
8603,BAGL,ASER,1.0,sensory,sensory
8607,BAGL,AFDR,1.0,sensory,sensory
8682,BAGL,AIYR,1.0,sensory,interneuron
8712,BAGL,RIBR,20.0,sensory,interneuron
8714,BAGL,RIGR,15.0,sensory,interneuron
8718,BAGL,AIBR,1.0,sensory,interneuron
8737,BAGL,RIAR,39.0,sensory,interneuron
8743,BAGL,RMFR,5.0,sensory,interneuron
9073,URXL,RMGL,1.0,sensory,interneuron
9367,URXR,IL2R,1.0,sensory,sensory
9386,URXR,IL1R,2.0,sensory,sensory
9402,URXR,AUAR,6.0,sensory,interneuron
9430,URXR,RIGR,17.0,sensory,interneuron
9432,URXR,RMGR,1.0,sensory,interneuron
9435,URXR,RICL,1.0,sensory,interneuron
9453,URXR,RIAR,8.0,sensory,interneuron
9457,URXR,AVER,19.0,sensory,interneuron
9464,URXR,AVAR,1.0,sensory,interneuron
9789,ALNL,RMGL,6.0,sensory,interneuron
9797,ALNL,SAAVL,12.0,sensory,interneuron
9798,ALNL,SAAVR,24.0,sensory,interneuron
9813,ALNL,RIMR,4.0,sensory,interneuron
9822,ALNL,AVAR,2.0,sensory,interneuron
9849,ALNL,SMDDR,6.0,sensory,motorneuron
9853,ALNL,SMBDR,4.0,sensory,motorneuron
9861,ALNL,SIADR,3.0,sensory,motorneuron
10148,ALNR,RMGR,2.0,sensory,interneuron
10156,ALNR,SAAVR,8.0,sensory,interneuron
10206,ALNR,SMDDL,3.0,sensory,motorneuron
10209,ALNR,SMDVR,6.0,sensory,motorneuron
10210,ALNR,SMBDL,1.0,sensory,motorneuron
10221,ALNR,SIAVR,1.0,sensory,motorneuron
10505,PLNL,RMGL,5.0,sensory,interneuron
10511,PLNL,SAADL,40.0,sensory,interneuron
10513,PLNL,SAAVL,1.0,sensory,interneuron
10556,PLNL,RMDVR,1.0,sensory,motorneuron
10567,PLNL,SMDVR,3.0,sensory,motorneuron
10570,PLNL,SMBVL,25.0,sensory,motorneuron
10578,PLNL,SIAVL,1.0,sensory,motorneuron
10579,PLNL,SIAVR,10.0,sensory,motorneuron
10864,PLNR,RMGR,5.0,sensory,interneuron
10870,PLNR,SAADR,22.0,sensory,interneuron
10923,PLNR,SMDDR,1.0,sensory,motorneuron
10929,PLNR,SMBVR,10.0,sensory,motorneuron
11228,SDQL,SAADR,2.0,sensory,interneuron
11285,SDQL,SMBDR,11.0,sensory,motorneuron
11293,SDQL,SIADR,2.0,sensory,motorneuron
11487,SDQR,SDQL,4.0,sensory,sensory
11488,SDQR,SDQR,10.0,sensory,sensory
11492,SDQR,ALMR,13.0,sensory,sensory
11497,SDQR,FLPL,14.0,sensory,sensory
11498,SDQR,FLPR,2.0,sensory,sensory
11499,SDQR,DVA,25.0,sensory,sensory
11562,SDQR,PVR,17.0,sensory,interneuron
11609,SDQR,AVBL,36.0,sensory,interneuron
11610,SDQR,AVBR,20.0,sensory,interneuron
11613,SDQR,PVCL,2.0,sensory,interneuron
11632,SDQR,RIVR,10.0,sensory,motorneuron
11650,SDQR,SIADL,2.0,sensory,motorneuron
11838,AQR,BAGL,3.0,sensory,sensory
11850,AQR,ALMR,2.0,sensory,sensory
11857,AQR,DVA,1.0,sensory,sensory
11860,AQR,ADEL,4.0,sensory,sensory
11953,AQR,AVDL,2.0,sensory,interneuron
11954,AQR,AVDR,3.0,sensory,interneuron
11958,AQR,RIAL,5.0,sensory,interneuron
11959,AQR,RIAR,6.0,sensory,interneuron
11967,AQR,AVBL,5.0,sensory,interneuron
11968,AQR,AVBR,9.0,sensory,interneuron
11970,AQR,AVAR,3.0,sensory,interneuron
11971,AQR,PVCL,5.0,sensory,interneuron
11972,AQR,PVCR,5.0,sensory,interneuron
12592,ALML,CEPDL,17.0,sensory,sensory
12594,ALML,CEPVL,13.0,sensory,sensory
12634,ALML,BDUL,14.0,sensory,interneuron
12684,ALML,AVBR,1.0,sensory,interneuron
12687,ALML,PVCL,23.0,sensory,interneuron
12951,ALMR,CEPDR,19.0,sensory,sensory
12953,ALMR,CEPVR,4.0,sensory,sensory
12993,ALMR,BDUR,14.0,sensory,interneuron
13027,ALMR,AVDL,9.0,sensory,interneuron
13041,ALMR,AVBL,8.0,sensory,interneuron
13046,ALMR,PVCR,8.0,sensory,interneuron
13349,AVM,RIFR,1.0,sensory,interneuron
13351,AVM,BDUR,2.0,sensory,interneuron
13366,AVM,RIBR,5.0,sensory,interneuron
13382,AVM,AVJL,6.0,sensory,interneuron
13386,AVM,AVDR,2.0,sensory,interneuron
13393,AVM,RIMR,3.0,sensory,interneuron
13399,AVM,AVBL,3.0,sensory,interneuron
13400,AVM,AVBR,25.0,sensory,interneuron
13403,AVM,PVCL,2.0,sensory,interneuron
13404,AVM,PVCR,8.0,sensory,interneuron
13434,AVM,SMBVL,3.0,sensory,motorneuron
14711,FLPL,AQR,1.0,sensory,sensory
14720,FLPL,FLPR,5.0,sensory,sensory
14775,FLPL,RIS,6.0,sensory,interneuron
14784,FLPL,PVR,2.0,sensory,interneuron
14800,FLPL,RIGR,3.0,sensory,interneuron
14803,FLPL,AIBL,24.0,sensory,interneuron
14813,FLPL,DVC,6.0,sensory,interneuron
14817,FLPL,AVDL,11.0,sensory,interneuron
14826,FLPL,AVEL,17.0,sensory,interneuron
14831,FLPL,AVBL,16.0,sensory,interneuron
14833,FLPL,AVAL,32.0,sensory,interneuron
14834,FLPL,AVAR,6.0,sensory,interneuron
14835,FLPL,PVCL,6.0,sensory,interneuron
14861,FLPL,SMDDR,3.0,sensory,motorneuron
15077,FLPR,FLPL,2.0,sensory,sensory
15078,FLPR,FLPR,3.0,sensory,sensory
15161,FLPR,AIBL,3.0,sensory,interneuron
15162,FLPR,AIBR,4.0,sensory,interneuron
15182,FLPR,RIML,4.0,sensory,interneuron
15191,FLPR,AVAL,14.0,sensory,interneuron
15192,FLPR,AVAR,14.0,sensory,interneuron
15212,FLPR,RIVR,3.0,sensory,motorneuron
15427,DVA,AQR,5.0,sensory,sensory
15437,DVA,DVA,2.0,sensory,sensory
15440,DVA,ADEL,1.0,sensory,sensory
15482,DVA,RIR,33.0,sensory,interneuron
15488,DVA,AUAR,2.0,sensory,interneuron
15490,DVA,AIZR,6.0,sensory,interneuron
15503,DVA,AVHL,2.0,sensory,interneuron
15524,DVA,SAADR,5.0,sensory,interneuron
15525,DVA,SAAVL,3.0,sensory,interneuron
15526,DVA,SAAVR,1.0,sensory,interneuron
15534,DVA,AVDR,1.0,sensory,interneuron
15538,DVA,RIAL,1.0,sensory,interneuron
15539,DVA,RIAR,4.0,sensory,interneuron
15541,DVA,RIMR,4.0,sensory,interneuron
15542,DVA,AVEL,42.0,sensory,interneuron
15543,DVA,AVER,17.0,sensory,interneuron
15550,DVA,AVAR,3.0,sensory,interneuron
15551,DVA,PVCL,1.0,sensory,interneuron
15581,DVA,SMBDR,5.0,sensory,motorneuron
15582,DVA,SMBVL,1.0,sensory,motorneuron
15583,DVA,SMBVR,5.0,sensory,motorneuron
16511,ADEL,DVA,2.0,sensory,sensory
16515,ADEL,ADER,2.0,sensory,sensory
16553,ADEL,RIH,2.0,sensory,interneuron
16567,ADEL,PVQL,1.0,sensory,interneuron
16589,ADEL,RIGL,14.0,sensory,interneuron
16590,ADEL,RIGR,5.0,sensory,interneuron
16591,ADEL,RMGL,1.0,sensory,interneuron
16601,ADEL,AVKL,10.0,sensory,interneuron
16624,ADEL,AVAR,5.0,sensory,interneuron
16644,ADEL,RIVR,1.0,sensory,motorneuron
16872,ADER,ADEL,4.0,sensory,sensory
16947,ADER,RIGL,5.0,sensory,interneuron
16948,ADER,RIGR,5.0,sensory,interneuron
16981,ADER,AVAL,10.0,sensory,interneuron
17001,ADER,RIVL,2.0,sensory,motorneuron
17002,ADER,RIVR,1.0,sensory,motorneuron
20123,IL2DL,IL1DL,1.0,sensory,sensory
20176,IL2DL,RICR,4.0,sensory,interneuron
20207,IL2DL,RIPL,9.0,sensory,interneuron
20209,IL2DL,URADL,12.0,sensory,motorneuron
20472,IL2DR,URYDR,1.0,sensory,sensory
20478,IL2DR,OLQDR,3.0,sensory,sensory
20482,IL2DR,IL1DR,3.0,sensory,sensory
20491,IL2DR,RIH,4.0,sensory,interneuron
20533,IL2DR,RICL,3.0,sensory,interneuron
20566,IL2DR,RIPR,11.0,sensory,interneuron
20568,IL2DR,URADR,8.0,sensory,motorneuron
20571,IL2DR,RMEL,3.0,sensory,motorneuron
20572,IL2DR,RMER,4.0,sensory,motorneuron
20573,IL2DR,RMED,3.0,sensory,motorneuron
20574,IL2DR,RMEV,1.0,sensory,motorneuron
20835,IL2L,OLQDL,18.0,sensory,sensory
20837,IL2L,OLQVL,16.0,sensory,sensory
20849,IL2L,RIH,31.0,sensory,interneuron
20850,IL2L,URBL,19.0,sensory,interneuron
20892,IL2L,RICR,3.0,sensory,interneuron
20930,IL2L,RMER,8.0,sensory,motorneuron
20936,IL2L,RMDR,10.0,sensory,motorneuron
20952,IL2L,SMBVL,3.0,sensory,motorneuron
21192,IL2R,OLLR,2.0,sensory,sensory
21194,IL2R,OLQDR,26.0,sensory,sensory
21196,IL2R,OLQVR,10.0,sensory,sensory
21200,IL2R,IL1R,2.0,sensory,sensory
21202,IL2R,IL1VR,1.0,sensory,sensory
21207,IL2R,RIH,31.0,sensory,interneuron
21209,IL2R,URBR,10.0,sensory,interneuron
21242,IL2R,RIBR,15.0,sensory,interneuron
21249,IL2R,RICL,3.0,sensory,interneuron
21250,IL2R,RICR,3.0,sensory,interneuron
21287,IL2R,RMEL,1.0,sensory,motorneuron
21294,IL2R,RMDR,1.0,sensory,motorneuron
21311,IL2R,SMBVR,3.0,sensory,motorneuron
21553,IL2VL,OLQVL,9.0,sensory,sensory
21559,IL2VL,IL1VL,13.0,sensory,sensory
21624,IL2VL,RIAL,5.0,sensory,interneuron
21639,IL2VL,RIPL,36.0,sensory,interneuron
21643,IL2VL,URAVL,14.0,sensory,motorneuron
21645,IL2VL,RMEL,15.0,sensory,motorneuron
21646,IL2VL,RMER,6.0,sensory,motorneuron
21647,IL2VL,RMED,6.0,sensory,motorneuron
21648,IL2VL,RMEV,5.0,sensory,motorneuron
21903,IL2VR,CEPVR,3.0,sensory,sensory
21918,IL2VR,IL1VR,15.0,sensory,sensory
21923,IL2VR,RIH,6.0,sensory,interneuron
21998,IL2VR,RIPR,40.0,sensory,interneuron
22002,IL2VR,URAVR,13.0,sensory,motorneuron
22003,IL2VR,RMEL,11.0,sensory,motorneuron
22004,IL2VR,RMER,15.0,sensory,motorneuron
22005,IL2VR,RMED,12.0,sensory,motorneuron
22221,CEPDL,URXL,3.0,sensory,sensory
22267,CEPDL,OLQDL,23.0,sensory,sensory
22271,CEPDL,IL1DL,11.0,sensory,sensory
22273,CEPDL,IL1L,4.0,sensory,sensory
22319,CEPDL,RMGL,1.0,sensory,interneuron
22324,CEPDL,RICR,11.0,sensory,interneuron
22344,CEPDL,AVEL,9.0,sensory,interneuron
22352,CEPDL,AVAR,1.0,sensory,interneuron
22373,CEPDL,RMHL,13.0,sensory,motorneuron
22374,CEPDL,RMHR,8.0,sensory,motorneuron
22378,CEPDL,SMDDL,1.0,sensory,motorneuron
22383,CEPDL,SMBDR,5.0,sensory,motorneuron
22391,CEPDL,SIADR,9.0,sensory,motorneuron
22626,CEPDR,OLQDR,17.0,sensory,sensory
22630,CEPDR,IL1DR,17.0,sensory,sensory
22674,CEPDR,RIBR,2.0,sensory,interneuron
22681,CEPDR,RICL,20.0,sensory,interneuron
22682,CEPDR,RICR,14.0,sensory,interneuron
22702,CEPDR,AVEL,3.0,sensory,interneuron
22714,CEPDR,RIPR,5.0,sensory,interneuron
22716,CEPDR,URADR,5.0,sensory,motorneuron
22731,CEPDR,RMHL,6.0,sensory,motorneuron
22751,CEPDR,SIAVR,8.0,sensory,motorneuron
22972,CEPVL,IL2VL,2.0,sensory,sensory
22985,CEPVL,OLQVL,27.0,sensory,sensory
22991,CEPVL,IL1VL,5.0,sensory,sensory
22997,CEPVL,RIH,1.0,sensory,interneuron
23039,CEPVL,RICL,20.0,sensory,interneuron
23040,CEPVL,RICR,27.0,sensory,interneuron
23068,CEPVL,AVAR,1.0,sensory,interneuron
23071,CEPVL,RIPL,11.0,sensory,interneuron
23075,CEPVL,URAVL,24.0,sensory,motorneuron
23088,CEPVL,RIVR,4.0,sensory,motorneuron
23089,CEPVL,RMHL,1.0,sensory,motorneuron
23090,CEPVL,RMHR,4.0,sensory,motorneuron
23108,CEPVL,SIAVL,9.0,sensory,motorneuron
23287,CEPVR,AWCR,1.0,sensory,sensory
23296,CEPVR,URXR,8.0,sensory,sensory
23331,CEPVR,IL2VR,4.0,sensory,sensory
23340,CEPVR,OLLR,26.0,sensory,sensory
23344,CEPVR,OLQVR,31.0,sensory,sensory
23350,CEPVR,IL1VR,12.0,sensory,sensory
23376,CEPVR,PVR,5.0,sensory,interneuron
23390,CEPVR,RIBR,2.0,sensory,interneuron
23397,CEPVR,RICL,22.0,sensory,interneuron
23398,CEPVR,RICR,24.0,sensory,interneuron
23418,CEPVR,AVEL,19.0,sensory,interneuron
23419,CEPVR,AVER,8.0,sensory,interneuron
23430,CEPVR,RIPR,3.0,sensory,interneuron
23434,CEPVR,URAVR,16.0,sensory,motorneuron
23440,CEPVR,RMDDR,16.0,sensory,motorneuron
23447,CEPVR,RMHL,9.0,sensory,motorneuron
23448,CEPVR,RMHR,5.0,sensory,motorneuron
23453,CEPVR,SMDDR,8.0,sensory,motorneuron
23454,CEPVR,SMDVL,2.0,sensory,motorneuron
23467,CEPVR,SIAVR,11.0,sensory,motorneuron
24138,URYVL,RID,1.0,sensory,interneuron
24777,OLLL,IL1DL,1.0,sensory,sensory
24779,OLLL,IL1L,1.0,sensory,sensory
24781,OLLL,IL1VL,2.0,sensory,sensory
24821,OLLL,RIBL,9.0,sensory,interneuron
24851,OLLL,AVER,26.0,sensory,interneuron
24871,OLLL,RMDDL,22.0,sensory,motorneuron
24873,OLLL,RMDL,1.0,sensory,motorneuron
24874,OLLL,RMDR,23.0,sensory,motorneuron
24875,OLLL,RMDVL,4.0,sensory,motorneuron
24884,OLLL,SMDDL,5.0,sensory,motorneuron
24885,OLLL,SMDDR,11.0,sensory,motorneuron
24887,OLLL,SMDVR,24.0,sensory,motorneuron
25123,OLLR,CEPDR,11.0,sensory,sensory
25125,OLLR,CEPVR,9.0,sensory,sensory
25138,OLLR,IL1R,5.0,sensory,sensory
25140,OLLR,IL1VR,1.0,sensory,sensory
25180,OLLR,RIBR,23.0,sensory,interneuron
25182,OLLR,RIGR,2.0,sensory,interneuron
25208,OLLR,AVEL,44.0,sensory,interneuron
25226,OLLR,RMER,1.0,sensory,motorneuron
25230,OLLR,RMDDR,17.0,sensory,motorneuron
25232,OLLR,RMDR,5.0,sensory,motorneuron
25234,OLLR,RMDVR,6.0,sensory,motorneuron
25244,OLLR,SMDVL,24.0,sensory,motorneuron
25474,OLQDL,IL2DL,1.0,sensory,sensory
25476,OLQDL,IL2L,11.0,sensory,sensory
25489,OLQDL,OLQDL,8.0,sensory,sensory
25493,OLQDL,IL1DL,1.0,sensory,sensory
25546,OLQDL,RICR,13.0,sensory,interneuron
25588,OLQDL,RMDDR,6.0,sensory,motorneuron
25605,OLQDL,SMBDR,4.0,sensory,motorneuron
25610,OLQDL,SIBVL,6.0,sensory,motorneuron
25835,OLQDR,IL2R,10.0,sensory,sensory
25839,OLQDR,CEPDR,1.0,sensory,sensory
25861,OLQDR,RIH,1.0,sensory,interneuron
25903,OLQDR,RICL,22.0,sensory,interneuron
25904,OLQDR,RICR,3.0,sensory,interneuron
25921,OLQDR,RIAR,1.0,sensory,interneuron
25936,OLQDR,RIPR,5.0,sensory,interneuron
25945,OLQDR,RMDDL,20.0,sensory,motorneuron
25950,OLQDR,RMDVR,6.0,sensory,motorneuron
25969,OLQDR,SIBVR,14.0,sensory,motorneuron
26192,OLQVL,IL2L,9.0,sensory,sensory
26194,OLQVL,IL2VL,2.0,sensory,sensory
26213,OLQVL,IL1VL,2.0,sensory,sensory
26261,OLQVL,RICL,19.0,sensory,interneuron
26308,OLQVL,RMDVR,27.0,sensory,motorneuron
26311,OLQVL,RMHL,1.0,sensory,motorneuron
26324,OLQVL,SIBDL,26.0,sensory,motorneuron
26551,OLQVR,IL2R,11.0,sensory,sensory
26553,OLQVR,IL2VR,5.0,sensory,sensory
26572,OLQVR,IL1VR,10.0,sensory,sensory
26620,OLQVR,RICR,16.0,sensory,interneuron
26658,OLQVR,RMER,5.0,sensory,motorneuron
26665,OLQVR,RMDVL,23.0,sensory,motorneuron
26681,OLQVR,SMBVR,1.0,sensory,motorneuron
26683,OLQVR,SIBDR,23.0,sensory,motorneuron
27009,IL1DL,RIPL,12.0,sensory,interneuron
27023,IL1DL,RMDVL,25.0,sensory,motorneuron
27286,IL1DR,IL1R,1.0,sensory,sensory
27368,IL1DR,RIPR,17.0,sensory,interneuron
27382,IL1DR,RMDVR,19.0,sensory,motorneuron
27735,IL1L,RMDDL,12.0,sensory,motorneuron
27737,IL1L,RMDL,15.0,sensory,motorneuron
27738,IL1L,RMDR,3.0,sensory,motorneuron
27739,IL1L,RMDVL,13.0,sensory,motorneuron
27744,IL1L,RMHR,6.0,sensory,motorneuron
28044,IL1R,RIBR,11.0,sensory,interneuron
28093,IL1R,RMDDL,1.0,sensory,motorneuron
28094,IL1R,RMDDR,28.0,sensory,motorneuron
28097,IL1R,RMDVL,2.0,sensory,motorneuron
28098,IL1R,RMDVR,33.0,sensory,motorneuron
28101,IL1R,RMHL,5.0,sensory,motorneuron
28355,IL1VL,OLQVL,3.0,sensory,sensory
28403,IL1VL,RIGL,3.0,sensory,interneuron
28408,IL1VL,AIBR,3.0,sensory,interneuron
28426,IL1VL,RIAL,3.0,sensory,interneuron
28441,IL1VL,RIPL,47.0,sensory,interneuron
28451,IL1VL,RMDDL,81.0,sensory,motorneuron
28701,IL1VR,IL2VR,1.0,sensory,sensory
28800,IL1VR,RIPR,30.0,sensory,interneuron
28806,IL1VR,RMER,1.0,sensory,motorneuron
28810,IL1VR,RMDDR,47.0,sensory,motorneuron
28824,IL1VR,SMDVL,2.0,sensory,motorneuron
29013,AINL,AFDR,7.0,interneuron,sensory
29022,AINL,BAGL,8.0,interneuron,sensory
29063,AINL,CEPVR,7.0,interneuron,sensory
29092,AINL,AUAR,1.0,interneuron,interneuron
29370,AINR,AFDL,17.0,interneuron,sensory
29420,AINR,CEPVL,3.0,interneuron,sensory
29445,AINR,AIYL,3.0,interneuron,interneuron
29447,AINR,AIAL,8.0,interneuron,interneuron
29477,AINR,RIGL,3.0,interneuron,interneuron
29481,AINR,AIBL,9.0,interneuron,interneuron
29500,AINR,RIAL,24.0,interneuron,interneuron
29504,AINR,AVEL,1.0,interneuron,interneuron
29720,AIML,ASGL,3.0,interneuron,sensory
29732,AIML,ASKL,5.0,interneuron,sensory
29778,AIML,CEPVL,1.0,interneuron,sensory
29805,AIML,AIAL,2.0,interneuron,interneuron
29839,AIML,AIBL,30.0,interneuron,interneuron
29841,AIML,RICL,3.0,interneuron,interneuron
29866,AIML,RID,3.0,interneuron,interneuron
30075,AIMR,ASJR,1.0,interneuron,sensory
30079,AIMR,ASGR,4.0,interneuron,sensory
30091,AIMR,ASKR,8.0,interneuron,sensory
30098,AIMR,URXR,1.0,interneuron,sensory
30164,AIMR,AIAR,41.0,interneuron,interneuron
30198,AIMR,AIBR,36.0,interneuron,interneuron
30454,RIH,BAGL,2.0,interneuron,sensory
30473,RIH,DVA,1.0,interneuron,sensory
30488,RIH,IL2L,1.0,interneuron,sensory
30489,RIH,IL2R,10.0,interneuron,sensory
30490,RIH,IL2VL,1.0,interneuron,sensory
30492,RIH,CEPDL,9.0,interneuron,sensory
30493,RIH,CEPDR,25.0,interneuron,sensory
30494,RIH,CEPVL,3.0,interneuron,sensory
30495,RIH,CEPVR,1.0,interneuron,sensory
30501,RIH,OLQDL,10.0,interneuron,sensory
30502,RIH,OLQDR,33.0,interneuron,sensory
30504,RIH,OLQVR,51.0,interneuron,sensory
30508,RIH,IL1R,2.0,interneuron,sensory
30515,RIH,RIH,2.0,interneuron,interneuron
30519,RIH,AIYL,4.0,interneuron,interneuron
30520,RIH,AIYR,2.0,interneuron,interneuron
30524,RIH,AUAR,2.0,interneuron,interneuron
30525,RIH,AIZL,16.0,interneuron,interneuron
30526,RIH,AIZR,17.0,interneuron,interneuron
30527,RIH,RIS,1.0,interneuron,interneuron
30550,RIH,RIBR,24.0,interneuron,interneuron
30574,RIH,RIAL,8.0,interneuron,interneuron
30575,RIH,RIAR,62.0,interneuron,interneuron
30578,RIH,AVEL,1.0,interneuron,interneuron
30590,RIH,RIPR,50.0,interneuron,interneuron
30594,RIH,URAVR,1.0,interneuron,motorneuron
30598,RIH,RMEV,14.0,interneuron,motorneuron
30614,RIH,SMDVL,8.0,interneuron,motorneuron
30846,URBL,IL2L,1.0,interneuron,sensory
30850,URBL,CEPDL,3.0,interneuron,sensory
30857,URBL,OLLL,4.0,interneuron,sensory
30954,URBL,RMER,1.0,interneuron,motorneuron
30958,URBL,RMDDR,1.0,interneuron,motorneuron
30959,URBL,RMDL,18.0,interneuron,motorneuron
31209,URBR,CEPDR,4.0,interneuron,sensory
31270,URBR,RMGR,1.0,interneuron,interneuron
31517,RIR,ADFR,2.0,interneuron,sensory
31547,RIR,DVA,2.0,interneuron,sensory
31598,RIR,AUAR,3.0,interneuron,interneuron
31599,RIR,AIZL,10.0,interneuron,interneuron
31600,RIR,AIZR,6.0,interneuron,interneuron
31626,RIR,RIGR,2.0,interneuron,interneuron
31648,RIR,RIAL,10.0,interneuron,interneuron
31649,RIR,RIAR,9.0,interneuron,interneuron
31652,RIR,AVEL,2.0,interneuron,interneuron
31870,AIYL,AWBL,4.0,interneuron,sensory
31876,AIYL,AFDL,3.0,interneuron,sensory
31950,AIYL,RIR,1.0,interneuron,interneuron
31955,AIYL,AUAL,4.0,interneuron,interneuron
31957,AIYL,AIZL,157.0,interneuron,interneuron
31958,AIYL,AIZR,2.0,interneuron,interneuron
31981,AIYL,RIBL,142.0,interneuron,interneuron
32006,AIYL,RIAL,171.0,interneuron,interneuron
32007,AIYL,RIAR,2.0,interneuron,interneuron
32225,AIYR,AWAR,3.0,interneuron,sensory
32229,AIYR,AWBR,4.0,interneuron,sensory
32231,AIYR,ASER,1.0,interneuron,sensory
32233,AIYR,ADFR,2.0,interneuron,sensory
32235,AIYR,AFDR,10.0,interneuron,sensory
32312,AIYR,AIAR,10.0,interneuron,interneuron
32316,AIYR,AIZR,152.0,interneuron,interneuron
32340,AIYR,RIBR,117.0,interneuron,interneuron
32365,AIYR,RIAR,121.0,interneuron,interneuron
32411,AIYR,SIBDR,15.0,interneuron,motorneuron
32594,AIAL,AWCL,25.0,interneuron,sensory
32660,AIAL,AINR,5.0,interneuron,interneuron
32667,AIAL,AIYL,6.0,interneuron,interneuron
32669,AIAL,AIAL,26.0,interneuron,interneuron
32680,AIAL,RIFL,27.0,interneuron,interneuron
32703,AIAL,AIBL,45.0,interneuron,interneuron
32943,AIAR,ASGR,5.0,interneuron,sensory
32947,AIAR,ASER,4.0,interneuron,sensory
32955,AIAR,ASKR,2.0,interneuron,sensory
32957,AIAR,ASHR,1.0,interneuron,sensory
32959,AIAR,ADLR,12.0,interneuron,sensory
33020,AIAR,AIMR,1.0,interneuron,interneuron
33062,AIAR,AIBR,6.0,interneuron,interneuron
33306,AUAL,ADFL,8.0,interneuron,sensory
33376,AUAL,AINR,7.0,interneuron,interneuron
33413,AUAL,RIBL,18.0,interneuron,interneuron
33438,AUAL,RIAL,45.0,interneuron,interneuron
33442,AUAL,AVEL,5.0,interneuron,interneuron
33449,AUAL,AVAL,6.0,interneuron,interneuron
33665,AUAR,ADFR,12.0,interneuron,sensory
33676,AUAR,BAGL,3.0,interneuron,sensory
33678,AUAR,URXR,1.0,interneuron,sensory
33772,AUAR,RIBR,25.0,interneuron,interneuron
33797,AUAR,RIAR,42.0,interneuron,interneuron
34014,AIZL,AWAL,10.0,interneuron,sensory
34022,AIZL,ADFL,4.0,interneuron,sensory
34053,AIZL,DVA,1.0,interneuron,sensory
34095,AIZL,RIH,1.0,interneuron,interneuron
34101,AIZL,AIAL,10.0,interneuron,interneuron
34136,AIZL,AIBR,27.0,interneuron,interneuron
34144,AIZL,AVKR,1.0,interneuron,interneuron
34154,AIZL,RIAL,44.0,interneuron,interneuron
34155,AIZL,RIAR,5.0,interneuron,interneuron
34156,AIZL,RIML,14.0,interneuron,interneuron
34159,AIZL,AVER,15.0,interneuron,interneuron
34196,AIZL,SMBDL,36.0,interneuron,motorneuron
34198,AIZL,SMBVL,30.0,interneuron,motorneuron
34199,AIZL,SMBVR,2.0,interneuron,motorneuron
34381,AIZR,ADFR,6.0,interneuron,sensory
34391,AIZR,ADLR,8.0,interneuron,sensory
34460,AIZR,AIAR,8.0,interneuron,interneuron
34464,AIZR,AIZR,8.0,interneuron,interneuron
34493,AIZR,AIBL,72.0,interneuron,interneuron
34502,AIZR,AVKR,2.0,interneuron,interneuron
34513,AIZR,RIAR,42.0,interneuron,interneuron
34515,AIZR,RIMR,24.0,interneuron,interneuron
34516,AIZR,AVEL,51.0,interneuron,interneuron
34554,AIZR,SMBDL,3.0,interneuron,motorneuron
34555,AIZR,SMBDR,25.0,interneuron,motorneuron
34556,AIZR,SMBVL,2.0,interneuron,motorneuron
34557,AIZR,SMBVR,25.0,interneuron,motorneuron
34791,RIS,CEPVR,11.0,interneuron,sensory
34823,RIS,RIS,4.0,interneuron,interneuron
34845,RIS,RIBL,13.0,interneuron,interneuron
34846,RIS,RIBR,15.0,interneuron,interneuron
34859,RIS,AVKL,9.0,interneuron,interneuron
34860,RIS,AVKR,33.0,interneuron,interneuron
34867,RIS,AVL,2.0,interneuron,interneuron
34872,RIS,RIML,27.0,interneuron,interneuron
34873,RIS,RIMR,16.0,interneuron,interneuron
34874,RIS,AVEL,29.0,interneuron,interneuron
34875,RIS,AVER,14.0,interneuron,interneuron
34893,RIS,RMED,1.0,interneuron,motorneuron
34894,RIS,RMEV,14.0,interneuron,motorneuron
34897,RIS,RMDL,1.0,interneuron,motorneuron
34898,RIS,RMDR,5.0,interneuron,motorneuron
34899,RIS,RMDVL,1.0,interneuron,motorneuron
34909,RIS,SMDDR,5.0,interneuron,motorneuron
34915,RIS,SMBVR,1.0,interneuron,motorneuron
35232,ALA,AVEL,3.0,interneuron,interneuron
35233,ALA,AVER,1.0,interneuron,interneuron
35460,PVQL,ASKL,2.0,interneuron,sensory
35525,PVQL,AIML,9.0,interneuron,interneuron
35533,PVQL,AIAL,9.0,interneuron,interneuron
35549,PVQL,AVFL,9.0,interneuron,interneuron
35595,PVQL,AVBL,6.0,interneuron,interneuron
35819,PVQR,ASKR,13.0,interneuron,sensory
35821,PVQR,ASHR,5.0,interneuron,sensory
35892,PVQR,AIAR,17.0,interneuron,interneuron
35908,PVQR,AVFR,6.0,interneuron,interneuron
36225,ADAL,URYVL,2.0,interneuron,sensory
36240,ADAL,AINR,2.0,interneuron,interneuron
36260,ADAL,RIFL,1.0,interneuron,interneuron
36277,ADAL,RIBL,4.0,interneuron,interneuron
36279,ADAL,RIGL,19.0,interneuron,interneuron
36283,ADAL,AIBL,8.0,interneuron,interneuron
36286,ADAL,RICR,2.0,interneuron,interneuron
36287,ADAL,SAADL,1.0,interneuron,interneuron
36293,ADAL,DVC,2.0,interneuron,interneuron
36294,ADAL,AVJL,3.0,interneuron,interneuron
36299,ADAL,AVL,2.0,interneuron,interneuron
36302,ADAL,RIAL,13.0,interneuron,interneuron
36304,ADAL,RIML,11.0,interneuron,interneuron
36308,ADAL,RMFL,3.0,interneuron,interneuron
36311,ADAL,AVBL,10.0,interneuron,interneuron
36317,ADAL,RIPL,4.0,interneuron,interneuron
36605,RIFL,AIYL,3.0,interneuron,interneuron
36623,RIFL,AVFL,4.0,interneuron,interneuron
36641,RIFL,AIBL,3.0,interneuron,interneuron
36662,RIFL,RIML,41.0,interneuron,interneuron
36669,RIFL,AVBL,46.0,interneuron,interneuron
36670,RIFL,AVBR,11.0,interneuron,interneuron
36704,RIFL,SMBVL,1.0,interneuron,motorneuron
36708,RIFL,SIBVL,3.0,interneuron,motorneuron
36977,RIFR,RIFR,1.0,interneuron,interneuron
36982,RIFR,AVFR,1.0,interneuron,interneuron
36984,RIFR,AVHR,1.0,interneuron,interneuron
37022,RIFR,AVEL,3.0,interneuron,interneuron
37027,RIFR,AVBL,2.0,interneuron,interneuron
37028,RIFR,AVBR,28.0,interneuron,interneuron
37267,BDUL,ALML,2.0,interneuron,sensory
37361,BDUL,SAADL,3.0,interneuron,interneuron
37626,BDUR,ALMR,2.0,interneuron,sensory
37714,BDUR,RMGR,2.0,interneuron,interneuron
37991,PVR,DVA,1.0,interneuron,sensory
38102,PVR,AVBR,14.0,interneuron,interneuron
38105,PVR,PVCL,2.0,interneuron,interneuron
38108,PVR,RIPR,15.0,interneuron,interneuron
38408,AVFL,RIFL,4.0,interneuron,interneuron
38414,AVFL,AVFR,1.0,interneuron,interneuron
38418,AVFL,PVPR,10.0,interneuron,interneuron
38421,AVFL,PVNL,8.0,interneuron,interneuron
38446,AVFL,AVDR,4.0,interneuron,interneuron
38452,AVFL,RIML,10.0,interneuron,interneuron
38459,AVFL,AVBL,32.0,interneuron,interneuron
38460,AVFL,AVBR,4.0,interneuron,interneuron
38462,AVFL,AVAR,2.0,interneuron,interneuron
38464,AVFL,PVCR,13.0,interneuron,interneuron
38738,AVFR,OLQVR,8.0,interneuron,sensory
38766,AVFR,RIFL,1.0,interneuron,interneuron
38767,AVFR,RIFR,30.0,interneuron,interneuron
38771,AVFR,AVFL,4.0,interneuron,interneuron
38775,AVFR,PVPL,2.0,interneuron,interneuron
38779,AVFR,PVNL,2.0,interneuron,interneuron
38780,AVFR,PVNR,4.0,interneuron,interneuron
38803,AVFR,AVDL,8.0,interneuron,interneuron
38805,AVFR,AVL,1.0,interneuron,interneuron
38818,AVFR,AVBR,25.0,interneuron,interneuron
38820,AVFR,AVAR,5.0,interneuron,interneuron
38821,AVFR,PVCL,24.0,interneuron,interneuron
39030,AVHL,AWBL,1.0,interneuron,sensory
39034,AVHL,ADFL,3.0,interneuron,sensory
39059,AVHL,AVM,1.0,interneuron,sensory
39065,AVHL,DVA,2.0,interneuron,sensory
39130,AVHL,AVFR,3.0,interneuron,interneuron
39149,AVHL,RICL,1.0,interneuron,interneuron
39162,AVHL,AVDR,2.0,interneuron,interneuron
39210,AVHL,SMBVL,6.0,interneuron,motorneuron
39218,AVHL,SIAVL,1.0,interneuron,motorneuron
39389,AVHR,AWBR,3.0,interneuron,sensory
39393,AVHR,ADFR,3.0,interneuron,sensory
39401,AVHR,ASHR,2.0,interneuron,sensory
39403,AVHR,ADLR,3.0,interneuron,sensory
39468,AVHR,RIR,1.0,interneuron,interneuron
39472,AVHR,AIAR,2.0,interneuron,interneuron
39474,AVHR,AUAR,1.0,interneuron,interneuron
39492,AVHR,PVPR,1.0,interneuron,interneuron
39569,AVHR,SMBVR,10.0,interneuron,motorneuron
39840,PVPL,RIFL,1.0,interneuron,interneuron
39845,PVPL,AVFL,3.0,interneuron,interneuron
39847,PVPL,AVHL,3.0,interneuron,interneuron
39872,PVPL,AVKR,8.0,interneuron,interneuron
39878,PVPL,AVDR,5.0,interneuron,interneuron
39887,PVPL,AVER,4.0,interneuron,interneuron
39891,PVPL,AVBL,6.0,interneuron,interneuron
39892,PVPL,AVBR,4.0,interneuron,interneuron
39894,PVPL,AVAR,11.0,interneuron,interneuron
40119,PVPR,ADLR,1.0,interneuron,sensory
40129,PVPR,AQR,2.0,interneuron,sensory
40199,PVPR,RIFR,2.0,interneuron,interneuron
40218,PVPR,RIGR,2.0,interneuron,interneuron
40221,PVPR,AIBL,2.0,interneuron,interneuron
40249,PVPR,AVBL,4.0,interneuron,interneuron
40250,PVPR,AVBR,4.0,interneuron,interneuron
40285,PVPR,SMBVR,1.0,interneuron,motorneuron
41278,PVNL,AVFR,3.0,interneuron,interneuron
41281,PVNL,PVPL,1.0,interneuron,interneuron
41285,PVNL,PVNL,1.0,interneuron,interneuron
41309,PVNL,AVDL,5.0,interneuron,interneuron
41310,PVNL,AVDR,1.0,interneuron,interneuron
41311,PVNL,AVL,2.0,interneuron,interneuron
41323,PVNL,AVBL,2.0,interneuron,interneuron
41324,PVNL,AVBR,1.0,interneuron,interneuron
41325,PVNL,AVAL,8.0,interneuron,interneuron
41326,PVNL,AVAR,7.0,interneuron,interneuron
41635,PVNR,AVFL,5.0,interneuron,interneuron
41636,PVNR,AVFR,2.0,interneuron,interneuron
41639,PVNR,PVPL,1.0,interneuron,interneuron
41640,PVNR,PVPR,2.0,interneuron,interneuron
41669,PVNR,AVL,9.0,interneuron,interneuron
41682,PVNR,AVBR,1.0,interneuron,interneuron
42684,RIBL,AINR,1.0,interneuron,interneuron
42699,RIBL,RIS,1.0,interneuron,interneuron
42723,RIBL,RIGL,1.0,interneuron,interneuron
42746,RIBL,RIAL,6.0,interneuron,interneuron
42749,RIBL,RIMR,2.0,interneuron,interneuron
42751,RIBL,AVER,5.0,interneuron,interneuron
42784,RIBL,SMDDL,2.0,interneuron,motorneuron
42787,RIBL,SMDVR,2.0,interneuron,motorneuron
42984,RIBR,BAGL,10.0,interneuron,sensory
43019,RIBR,IL2R,2.0,interneuron,sensory
43038,RIBR,IL1R,3.0,interneuron,sensory
43054,RIBR,AUAR,4.0,interneuron,interneuron
43057,RIBR,RIS,4.0,interneuron,interneuron
43082,RIBR,RIGR,6.0,interneuron,interneuron
43104,RIBR,RIAL,12.0,interneuron,interneuron
43105,RIBR,RIAR,31.0,interneuron,interneuron
43108,RIBR,AVEL,5.0,interneuron,interneuron
43130,RIBR,RMDDR,5.0,interneuron,motorneuron
43132,RIBR,RMDR,5.0,interneuron,motorneuron
43134,RIBR,RMDVR,4.0,interneuron,motorneuron
43345,RIGL,ALNL,4.0,interneuron,sensory
43347,RIGL,PLNL,3.0,interneuron,sensory
43365,RIGL,ADER,1.0,interneuron,sensory
43391,RIGL,OLQVL,4.0,interneuron,sensory
43400,RIGL,AINR,4.0,interneuron,interneuron
43406,RIGL,RIR,12.0,interneuron,interneuron
43437,RIGL,RIBL,2.0,interneuron,interneuron
43451,RIGL,AVKL,8.0,interneuron,interneuron
43452,RIGL,AVKR,20.0,interneuron,interneuron
43453,RIGL,DVC,8.0,interneuron,interneuron
43462,RIGL,RIAL,3.0,interneuron,interneuron
43464,RIGL,RIML,9.0,interneuron,interneuron
43465,RIGL,RIMR,1.0,interneuron,interneuron
43467,RIGL,AVER,8.0,interneuron,interneuron
43468,RIGL,RMFL,3.0,interneuron,interneuron
43474,RIGL,AVAR,17.0,interneuron,interneuron
43496,RIGL,RMHR,32.0,interneuron,motorneuron
43700,RIGR,BAGL,5.0,interneuron,sensory
43706,RIGR,PLNR,4.0,interneuron,sensory
43744,RIGR,URYVR,1.0,interneuron,sensory
43750,RIGR,OLQVR,4.0,interneuron,sensory
43764,RIGR,RIR,16.0,interneuron,interneuron
43788,RIGR,PVPR,5.0,interneuron,interneuron
43796,RIGR,RIBR,5.0,interneuron,interneuron
43809,RIGR,AVKL,14.0,interneuron,interneuron
43814,RIGR,PVT,2.0,interneuron,interneuron
43824,RIGR,AVEL,9.0,interneuron,interneuron
43853,RIGR,RMHL,19.0,interneuron,motorneuron
44061,RMGL,ALNL,4.0,interneuron,sensory
44063,RMGL,PLNL,1.0,interneuron,sensory
44096,RMGL,CEPDL,4.0,interneuron,sensory
44162,RMGL,RICR,1.0,interneuron,interneuron
44170,RMGL,AVJL,3.0,interneuron,interneuron
44182,RMGL,AVEL,2.0,interneuron,interneuron
44187,RMGL,AVBL,4.0,interneuron,interneuron
44205,RMGL,RMDL,2.0,interneuron,motorneuron
44206,RMGL,RMDR,30.0,interneuron,motorneuron
44207,RMGL,RMDVL,32.0,interneuron,motorneuron
44210,RMGL,RIVR,1.0,interneuron,motorneuron
44211,RMGL,RMHL,1.0,interneuron,motorneuron
44217,RMGL,SMDDR,5.0,interneuron,motorneuron
44222,RMGL,SMBVL,4.0,interneuron,motorneuron
44226,RMGL,SIBVL,1.0,interneuron,motorneuron
44229,RMGL,SIADR,3.0,interneuron,motorneuron
44428,RMGR,ALMR,2.0,interneuron,sensory
44462,RMGR,OLLR,3.0,interneuron,sensory
44512,RMGR,RIBR,24.0,interneuron,interneuron
44521,RMGR,SAADL,3.0,interneuron,interneuron
44561,RMGR,RMDDL,3.0,interneuron,motorneuron
44564,RMGR,RMDR,4.0,interneuron,motorneuron
44566,RMGR,RMDVR,23.0,interneuron,motorneuron
44574,RMGR,SMDDL,3.0,interneuron,motorneuron
44581,RMGR,SMBVR,3.0,interneuron,motorneuron
44585,RMGR,SIBVR,2.0,interneuron,motorneuron
44846,AIBL,AIZR,8.0,interneuron,interneuron
44870,AIBL,RIBR,4.0,interneuron,interneuron
44875,AIBL,AIBL,2.0,interneuron,interneuron
44879,AIBL,SAADL,6.0,interneuron,interneuron
44880,AIBL,SAADR,14.0,interneuron,interneuron
44884,AIBL,AVKR,5.0,interneuron,interneuron
44896,AIBL,RIML,1.0,interneuron,interneuron
44897,AIBL,RIMR,42.0,interneuron,interneuron
44898,AIBL,AVEL,5.0,interneuron,interneuron
44901,AIBL,RMFR,5.0,interneuron,interneuron
44903,AIBL,AVBL,24.0,interneuron,interneuron
44933,AIBL,SMDDR,9.0,interneuron,motorneuron
44943,AIBL,SIBVR,6.0,interneuron,motorneuron
45115,AIBR,ASGR,4.0,interneuron,sensory
45150,AIBR,FLPR,5.0,interneuron,sensory
45151,AIBR,DVA,1.0,interneuron,sensory
45192,AIBR,AIMR,4.0,interneuron,interneuron
45200,AIBR,AIAR,4.0,interneuron,interneuron
45237,AIBR,SAADL,5.0,interneuron,interneuron
45242,AIBR,AVKR,4.0,interneuron,interneuron
45254,AIBR,RIML,36.0,interneuron,interneuron
45255,AIBR,RIMR,2.0,interneuron,interneuron
45257,AIBR,AVER,4.0,interneuron,interneuron
45258,AIBR,RMFL,2.0,interneuron,interneuron
45262,AIBR,AVBR,19.0,interneuron,interneuron
45284,AIBR,RIVR,6.0,interneuron,motorneuron
45290,AIBR,SMDDL,11.0,interneuron,motorneuron
45529,RICL,CEPDR,1.0,interneuron,sensory
45531,RICL,CEPVR,1.0,interneuron,sensory
45592,RICL,AIBR,4.0,interneuron,interneuron
45598,RICL,SAAVR,3.0,interneuron,interneuron
45612,RICL,RIML,2.0,interneuron,interneuron
45621,RICL,AVAL,25.0,interneuron,interneuron
45622,RICL,AVAR,22.0,interneuron,interneuron
45643,RICL,RMHL,1.0,interneuron,motorneuron
45648,RICL,SMDDL,15.0,interneuron,motorneuron
45649,RICL,SMDDR,20.0,interneuron,motorneuron
45651,RICL,SMDVR,3.0,interneuron,motorneuron
45886,RICR,CEPDL,5.0,interneuron,sensory
45888,RICR,CEPVL,2.0,interneuron,sensory
45925,RICR,ADAL,3.0,interneuron,interneuron
45949,RICR,AIBL,15.0,interneuron,interneuron
45956,RICR,SAAVR,9.0,interneuron,interneuron
45968,RICR,RIAL,1.0,interneuron,interneuron
45970,RICR,RIML,4.0,interneuron,interneuron
45974,RICR,RMFL,6.0,interneuron,interneuron
45979,RICR,AVAL,38.0,interneuron,interneuron
45980,RICR,AVAR,30.0,interneuron,interneuron
46000,RICR,RIVR,2.0,interneuron,motorneuron
46006,RICR,SMDDL,16.0,interneuron,motorneuron
46007,RICR,SMDDR,16.0,interneuron,motorneuron
46009,RICR,SMDVR,2.0,interneuron,motorneuron
46011,RICR,SMBDR,10.0,interneuron,motorneuron
46019,RICR,SIADR,3.0,interneuron,motorneuron
47044,SAAVL,RIML,1.0,interneuron,interneuron
47045,SAAVL,RIMR,50.0,interneuron,interneuron
47049,SAAVL,RMFR,11.0,interneuron,interneuron
47053,SAAVL,AVAL,70.0,interneuron,interneuron
47081,SAAVL,SMDDR,18.0,interneuron,motorneuron
47402,SAAVR,RIML,29.0,interneuron,interneuron
47403,SAAVR,RIMR,5.0,interneuron,interneuron
47406,SAAVR,RMFL,6.0,interneuron,interneuron
47412,SAAVR,AVAR,70.0,interneuron,interneuron
47438,SAAVR,SMDDL,17.0,interneuron,motorneuron
47441,SAAVR,SMDVR,1.0,interneuron,motorneuron
47657,AVKL,DVA,2.0,interneuron,sensory
47743,AVKL,SAADL,1.0,interneuron,interneuron
47744,AVKL,SAADR,3.0,interneuron,interneuron
47745,AVKL,SAAVL,3.0,interneuron,interneuron
47748,AVKL,AVKR,1.0,interneuron,interneuron
47753,AVKL,AVDL,1.0,interneuron,interneuron
47760,AVKL,RIML,2.0,interneuron,interneuron
47762,AVKL,AVEL,1.0,interneuron,interneuron
47769,AVKL,AVAL,1.0,interneuron,interneuron
47796,AVKL,SMDDL,1.0,interneuron,motorneuron
47797,AVKL,SMDDR,3.0,interneuron,motorneuron
48069,AVKR,RIS,1.0,interneuron,interneuron
48084,AVKR,PVPR,3.0,interneuron,interneuron
48098,AVKR,AIBR,5.0,interneuron,interneuron
48101,AVKR,SAADL,2.0,interneuron,interneuron
48104,AVKR,SAAVR,5.0,interneuron,interneuron
48105,AVKR,AVKL,1.0,interneuron,interneuron
48118,AVKR,RIML,5.0,interneuron,interneuron
48119,AVKR,RIMR,8.0,interneuron,interneuron
48121,AVKR,AVER,10.0,interneuron,interneuron
48144,AVKR,RMDR,3.0,interneuron,motorneuron
48154,AVKR,SMDDL,3.0,interneuron,motorneuron
48168,AVKR,SIAVL,4.0,interneuron,motorneuron
48441,DVC,PVPL,4.0,interneuron,interneuron
48449,DVC,RIBL,1.0,interneuron,interneuron
48450,DVC,RIBR,14.0,interneuron,interneuron
48451,DVC,RIGL,2.0,interneuron,interneuron
48452,DVC,RIGR,10.0,interneuron,interneuron
48455,DVC,AIBL,3.0,interneuron,interneuron
48456,DVC,AIBR,6.0,interneuron,interneuron
48463,DVC,AVKL,15.0,interneuron,interneuron
48464,DVC,AVKR,15.0,interneuron,interneuron
48471,DVC,AVL,3.0,interneuron,interneuron
48485,DVC,AVAL,38.0,interneuron,interneuron
48486,DVC,AVAR,33.0,interneuron,interneuron
48514,DVC,SMDVL,1.0,interneuron,motorneuron
48723,AVJL,ALML,2.0,interneuron,sensory
48725,AVJL,AVM,5.0,interneuron,sensory
48798,AVJL,AVHR,4.0,interneuron,interneuron
48841,AVJL,AVBL,5.0,interneuron,interneuron
48842,AVJL,AVBR,2.0,interneuron,interneuron
48845,AVJL,PVCL,5.0,interneuron,interneuron
48876,AVJL,SMBVL,1.0,interneuron,motorneuron
49146,AVJR,PVQR,2.0,interneuron,interneuron
49187,AVJR,AVL,1.0,interneuron,interneuron
49524,PVT,RIBR,2.0,interneuron,interneuron
49525,PVT,RIGL,3.0,interneuron,interneuron
49526,PVT,RIGR,19.0,interneuron,interneuron
49529,PVT,AIBL,8.0,interneuron,interneuron
49530,PVT,AIBR,3.0,interneuron,interneuron
49534,PVT,SAADR,2.0,interneuron,interneuron
49537,PVT,AVKL,3.0,interneuron,interneuron
49538,PVT,AVKR,2.0,interneuron,interneuron
49539,PVT,DVC,3.0,interneuron,interneuron
49545,PVT,AVL,2.0,interneuron,interneuron
49552,PVT,AVEL,2.0,interneuron,interneuron
49555,PVT,RMFR,7.0,interneuron,interneuron
49798,AVDL,ALMR,2.0,interneuron,sensory
49917,AVDL,AVAL,14.0,interneuron,interneuron
49918,AVDL,AVAR,14.0,interneuron,interneuron
50269,AVDR,AVER,3.0,interneuron,interneuron
50272,AVDR,RID,1.0,interneuron,interneuron
50274,AVDR,AVBR,1.0,interneuron,interneuron
50275,AVDR,AVAL,19.0,interneuron,interneuron
50276,AVDR,AVAR,14.0,interneuron,interneuron
50277,AVDR,PVCL,2.0,interneuron,interneuron
50575,AVL,RIS,1.0,interneuron,interneuron
50594,AVL,PVNR,1.0,interneuron,interneuron
50616,AVL,PVT,2.0,interneuron,interneuron
50622,AVL,RIAL,1.0,interneuron,interneuron
50646,AVL,RMEV,11.0,interneuron,motorneuron
51625,RIAL,OLQVL,1.0,interneuron,sensory
51627,RIAL,IL1DL,5.0,interneuron,sensory
51645,RIAL,AUAL,2.0,interneuron,interneuron
51671,RIAL,RIBL,8.0,interneuron,interneuron
51672,RIAL,RIBR,22.0,interneuron,interneuron
51676,RIAL,RMGR,4.0,interneuron,interneuron
51696,RIAL,RIAL,2.0,interneuron,interneuron
51697,RIAL,RIAR,33.0,interneuron,interneuron
51721,RIAL,RMDDL,71.0,interneuron,motorneuron
51722,RIAL,RMDDR,51.0,interneuron,motorneuron
51723,RIAL,RMDL,12.0,interneuron,motorneuron
51724,RIAL,RMDR,27.0,interneuron,motorneuron
51725,RIAL,RMDVL,71.0,interneuron,motorneuron
51726,RIAL,RMDVR,79.0,interneuron,motorneuron
51727,RIAL,RIVL,10.0,interneuron,motorneuron
51728,RIAL,RIVR,1.0,interneuron,motorneuron
51734,RIAL,SMDDL,18.0,interneuron,motorneuron
51735,RIAL,SMDDR,28.0,interneuron,motorneuron
51736,RIAL,SMDVL,18.0,interneuron,motorneuron
51737,RIAL,SMDVR,18.0,interneuron,motorneuron
51747,RIAL,SIADR,3.0,interneuron,motorneuron
51749,RIAL,SIAVR,37.0,interneuron,motorneuron
51975,RIAR,CEPVR,3.0,interneuron,sensory
52005,RIAR,AIZL,3.0,interneuron,interneuron
52006,RIAR,AIZR,1.0,interneuron,interneuron
52029,RIAR,RIBL,17.0,interneuron,interneuron
52030,RIAR,RIBR,32.0,interneuron,interneuron
52033,RIAR,RMGL,1.0,interneuron,interneuron
52040,RIAR,SAADR,2.0,interneuron,interneuron
52054,RIAR,RIAL,47.0,interneuron,interneuron
52079,RIAR,RMDDL,39.0,interneuron,motorneuron
52080,RIAR,RMDDR,107.0,interneuron,motorneuron
52081,RIAR,RMDL,13.0,interneuron,motorneuron
52082,RIAR,RMDR,33.0,interneuron,motorneuron
52083,RIAR,RMDVL,113.0,interneuron,motorneuron
52084,RIAR,RMDVR,81.0,interneuron,motorneuron
52085,RIAR,RIVL,6.0,interneuron,motorneuron
52086,RIAR,RIVR,6.0,interneuron,motorneuron
52092,RIAR,SMDDL,33.0,interneuron,motorneuron
52093,RIAR,SMDDR,57.0,interneuron,motorneuron
52094,RIAR,SMDVL,42.0,interneuron,motorneuron
52095,RIAR,SMDVR,27.0,interneuron,motorneuron
52104,RIAR,SIADL,4.0,interneuron,motorneuron
52105,RIAR,SIADR,4.0,interneuron,motorneuron
52106,RIAR,SIAVL,23.0,interneuron,motorneuron
52365,RIML,RIS,1.0,interneuron,interneuron
52369,RIML,ADAL,9.0,interneuron,interneuron
52370,RIML,RIFL,1.0,interneuron,interneuron
52387,RIML,RIBL,3.0,interneuron,interneuron
52388,RIML,RIBR,3.0,interneuron,interneuron
52394,RIML,AIBR,4.0,interneuron,interneuron
52399,RIML,SAAVL,24.0,interneuron,interneuron
52400,RIML,SAAVR,27.0,interneuron,interneuron
52418,RIML,RMFL,1.0,interneuron,interneuron
52419,RIML,RMFR,1.0,interneuron,interneuron
52421,RIML,AVBL,23.0,interneuron,interneuron
52422,RIML,AVBR,23.0,interneuron,interneuron
52440,RIML,RMDR,11.0,interneuron,motorneuron
52450,RIML,SMDDL,13.0,interneuron,motorneuron
52451,RIML,SMDDR,11.0,interneuron,motorneuron
52452,RIML,SMDVL,12.0,interneuron,motorneuron
52729,RIMR,RIFR,8.0,interneuron,interneuron
52745,RIMR,RIBL,2.0,interneuron,interneuron
52746,RIMR,RIBR,3.0,interneuron,interneuron
52747,RIMR,RIGL,1.0,interneuron,interneuron
52751,RIMR,AIBL,14.0,interneuron,interneuron
52757,RIMR,SAAVL,28.0,interneuron,interneuron
52758,RIMR,SAAVR,16.0,interneuron,interneuron
52765,RIMR,AVDL,1.0,interneuron,interneuron
52771,RIMR,RIAR,1.0,interneuron,interneuron
52774,RIMR,AVEL,8.0,interneuron,interneuron
52777,RIMR,RMFR,11.0,interneuron,interneuron
52779,RIMR,AVBL,11.0,interneuron,interneuron
52780,RIMR,AVBR,8.0,interneuron,interneuron
52781,RIMR,AVAL,1.0,interneuron,interneuron
52784,RIMR,PVCR,2.0,interneuron,interneuron
52797,RIMR,RMDL,17.0,interneuron,motorneuron
52798,RIMR,RMDR,6.0,interneuron,motorneuron
52808,RIMR,SMDDL,5.0,interneuron,motorneuron
52809,RIMR,SMDDR,29.0,interneuron,motorneuron
52810,RIMR,SMDVL,2.0,interneuron,motorneuron
52811,RIMR,SMDVR,11.0,interneuron,motorneuron
53139,AVEL,AVAL,17.0,interneuron,interneuron
53140,AVEL,AVAR,3.0,interneuron,interneuron
53497,AVER,AVAL,14.0,interneuron,interneuron
53498,AVER,AVAR,33.0,interneuron,interneuron
54124,RMFR,URYDR,2.0,interneuron,sensory
54180,RMFR,RIGR,4.0,interneuron,interneuron
54251,RMFR,SIBVR,6.0,interneuron,motorneuron
54539,RID,RMGL,1.0,interneuron,interneuron
54928,AVBL,AVBR,1.0,interneuron,interneuron
54929,AVBL,AVAL,10.0,interneuron,interneuron
54930,AVBL,AVAR,5.0,interneuron,interneuron
55285,AVBR,AVBL,1.0,interneuron,interneuron
55287,AVBR,AVAL,9.0,interneuron,interneuron
55630,AVAL,AVDR,2.0,interneuron,interneuron
55646,AVAL,AVAR,12.0,interneuron,interneuron
55647,AVAL,PVCL,8.0,interneuron,interneuron
55648,AVAL,PVCR,6.0,interneuron,interneuron
55667,AVAL,RMHL,1.0,interneuron,motorneuron
55956,AVAR,AVFR,1.0,interneuron,interneuron
55970,AVAR,RIGR,2.0,interneuron,interneuron
55987,AVAR,AVDL,6.0,interneuron,interneuron
55988,AVAR,AVDR,4.0,interneuron,interneuron
56003,AVAR,AVAL,21.0,interneuron,interneuron
56005,AVAR,PVCL,4.0,interneuron,interneuron
56006,AVAR,PVCR,20.0,interneuron,interneuron
56249,PVCL,DVA,1.0,interneuron,sensory
56346,PVCL,AVDR,12.0,interneuron,interneuron
56358,PVCL,RID,5.0,interneuron,interneuron
56359,PVCL,AVBL,17.0,interneuron,interneuron
56360,PVCL,AVBR,6.0,interneuron,interneuron
56361,PVCL,AVAL,2.0,interneuron,interneuron
56364,PVCL,PVCR,3.0,interneuron,interneuron
56402,PVCL,SIAVL,2.0,interneuron,motorneuron
56703,PVCR,AVDL,5.0,interneuron,interneuron
56704,PVCR,AVDR,1.0,interneuron,interneuron
56712,PVCR,AVEL,8.0,interneuron,interneuron
56717,PVCR,AVBL,19.0,interneuron,interneuron
56718,PVCR,AVBR,4.0,interneuron,interneuron
56719,PVCR,AVAL,8.0,interneuron,interneuron
56720,PVCR,AVAR,10.0,interneuron,interneuron
56721,PVCR,PVCL,2.0,interneuron,interneuron
56757,PVCR,SIBVR,1.0,interneuron,motorneuron
56761,PVCR,SIAVR,8.0,interneuron,motorneuron
57797,URADL,RIPL,16.0,motorneuron,interneuron
58156,URADR,RIPR,16.0,motorneuron,interneuron
58162,URADR,RMER,10.0,motorneuron,motorneuron
58433,URAVL,IL1VL,1.0,motorneuron,sensory
58513,URAVL,RIPL,34.0,motorneuron,interneuron
58519,URAVL,RMEL,1.0,motorneuron,motorneuron
58522,URAVL,RMEV,1.0,motorneuron,motorneuron
58872,URAVR,RIPR,15.0,motorneuron,interneuron
58878,URAVR,RMER,12.0,motorneuron,motorneuron
59148,RMEL,IL1R,1.0,motorneuron,sensory
59235,RMEL,RMEL,1.0,motorneuron,motorneuron
59247,RMEL,RMHL,3.0,motorneuron,motorneuron
59505,RMER,IL1L,3.0,motorneuron,sensory
59594,RMER,RMER,2.0,motorneuron,motorneuron
59905,RMED,RIBL,3.0,motorneuron,interneuron
59959,RMED,RMDVL,3.0,motorneuron,motorneuron
59968,RMED,SMDDL,3.0,motorneuron,motorneuron
59969,RMED,SMDDR,16.0,motorneuron,motorneuron
60263,RMEV,RIBL,3.0,motorneuron,interneuron
60676,RMDDL,RMDVR,36.0,motorneuron,motorneuron
61028,RMDDR,RMEV,1.0,motorneuron,motorneuron
61033,RMDDR,RMDVL,34.0,motorneuron,motorneuron
61047,RMDDR,SMBDR,3.0,motorneuron,motorneuron
61389,RMDL,RMDL,2.0,motorneuron,motorneuron
61390,RMDL,RMDR,2.0,motorneuron,motorneuron
61601,RMDR,URXL,5.0,motorneuron,sensory
61634,RMDR,IL2L,11.0,motorneuron,sensory
61638,RMDR,CEPDL,6.0,motorneuron,sensory
61653,RMDR,IL1L,4.0,motorneuron,sensory
61699,RMDR,RMGL,2.0,motorneuron,interneuron
61720,RMDR,RIAL,16.0,motorneuron,interneuron
61721,RMDR,RIAR,25.0,motorneuron,interneuron
61723,RMDR,RIMR,5.0,motorneuron,interneuron
61742,RMDR,RMER,2.0,motorneuron,motorneuron
61745,RMDR,RMDDL,5.0,motorneuron,motorneuron
61747,RMDR,RMDL,16.0,motorneuron,motorneuron
61759,RMDR,SMDDR,5.0,motorneuron,motorneuron
61764,RMDR,SMBVL,1.0,motorneuron,motorneuron
61771,RMDR,SIADR,5.0,motorneuron,motorneuron
62094,RMDVL,RIPR,1.0,motorneuron,interneuron
62104,RMDVL,RMDDR,71.0,motorneuron,motorneuron
62111,RMDVL,RMHL,1.0,motorneuron,motorneuron
62365,RMDVR,OLQVL,3.0,motorneuron,sensory
62371,RMDVR,IL1VL,3.0,motorneuron,sensory
62461,RMDVR,RMDDL,73.0,motorneuron,motorneuron
62480,RMDVR,SMBVL,1.0,motorneuron,motorneuron
62682,RIVL,SDQR,1.0,motorneuron,sensory
62780,RIVL,SAADR,34.0,motorneuron,interneuron
62794,RIVL,RIAL,6.0,motorneuron,interneuron
62795,RIVL,RIAR,5.0,motorneuron,interneuron
62820,RIVL,RMDDR,3.0,motorneuron,motorneuron
62823,RIVL,RMDVL,4.0,motorneuron,motorneuron
62826,RIVL,RIVR,14.0,motorneuron,motorneuron
62833,RIVL,SMDDR,9.0,motorneuron,motorneuron
62847,RIVL,SIAVR,20.0,motorneuron,motorneuron
63105,RIVR,RIS,3.0,motorneuron,interneuron
63134,RIVR,AIBR,10.0,motorneuron,interneuron
63137,RIVR,SAADL,31.0,motorneuron,interneuron
63152,RIVR,RIAL,11.0,motorneuron,interneuron
63153,RIVR,RIAR,2.0,motorneuron,interneuron
63154,RIVR,RIML,10.0,motorneuron,interneuron
63158,RIVR,RMFL,3.0,motorneuron,interneuron
63177,RIVR,RMDDL,3.0,motorneuron,motorneuron
63182,RIVR,RMDVR,9.0,motorneuron,motorneuron
63184,RIVR,RIVR,1.0,motorneuron,motorneuron
63193,RIVR,SMDVR,6.0,motorneuron,motorneuron
63204,RIVR,SIAVL,13.0,motorneuron,motorneuron
63429,RMHL,CEPDR,2.0,motorneuron,sensory
63431,RMHL,CEPVR,1.0,motorneuron,sensory
63444,RMHL,IL1R,2.0,motorneuron,sensory
63486,RMHL,RIBR,2.0,motorneuron,interneuron
63488,RMHL,RIGR,3.0,motorneuron,interneuron
63490,RMHL,RMGR,4.0,motorneuron,interneuron
63499,RMHL,AVKL,3.0,motorneuron,interneuron
63538,RMHL,RMDR,5.0,motorneuron,motorneuron
63539,RMHL,RMDVL,2.0,motorneuron,motorneuron
63786,RMHR,CEPDL,2.0,motorneuron,sensory
63788,RMHR,CEPVL,3.0,motorneuron,sensory
63895,RMHR,RMDL,12.0,motorneuron,motorneuron
63896,RMHR,RMDR,2.0,motorneuron,motorneuron
65288,SMDDL,SAAVR,5.0,motorneuron,interneuron
65300,SMDDL,RIAL,4.0,motorneuron,interneuron
65301,SMDDL,RIAR,9.0,motorneuron,interneuron
65304,SMDDL,AVEL,1.0,motorneuron,interneuron
65340,SMDDL,SMDVL,2.0,motorneuron,motorneuron
65341,SMDDL,SMDVR,17.0,motorneuron,motorneuron
65342,SMDDL,SMBDL,3.0,motorneuron,motorneuron
65346,SMDDL,SIBDL,14.0,motorneuron,motorneuron
65350,SMDDL,SIADL,14.0,motorneuron,motorneuron
65633,SMDDR,RIBL,22.0,motorneuron,interneuron
65658,SMDDR,RIAL,14.0,motorneuron,interneuron
65659,SMDDR,RIAR,10.0,motorneuron,interneuron
65686,SMDDR,RMDR,1.0,motorneuron,motorneuron
65696,SMDDR,SMDDL,4.0,motorneuron,motorneuron
65698,SMDDR,SMDVL,5.0,motorneuron,motorneuron
65701,SMDDR,SMBDR,3.0,motorneuron,motorneuron
65705,SMDDR,SIBDR,14.0,motorneuron,motorneuron
65709,SMDDR,SIADR,14.0,motorneuron,motorneuron
65937,SMDVL,CEPVR,4.0,motorneuron,sensory
65952,SMDVL,IL1VR,6.0,motorneuron,sensory
65992,SMDVL,RIBR,9.0,motorneuron,interneuron
66016,SMDVL,RIAL,32.0,motorneuron,interneuron
66017,SMDVL,RIAR,54.0,motorneuron,interneuron
66020,SMDVL,AVEL,25.0,motorneuron,interneuron
66039,SMDVL,RMED,1.0,motorneuron,motorneuron
66040,SMDVL,RMEV,2.0,motorneuron,motorneuron
66042,SMDVL,RMDDR,48.0,motorneuron,motorneuron
66045,SMDVL,RMDVL,29.0,motorneuron,motorneuron
66055,SMDVL,SMDDR,22.0,motorneuron,motorneuron
66056,SMDVL,SMDVL,21.0,motorneuron,motorneuron
66057,SMDVL,SMDVR,2.0,motorneuron,motorneuron
66064,SMDVL,SIBVL,30.0,motorneuron,motorneuron
66069,SMDVL,SIAVR,30.0,motorneuron,motorneuron
66374,SMDVR,RIAL,40.0,motorneuron,interneuron
66375,SMDVR,RIAR,39.0,motorneuron,interneuron
66397,SMDVR,RMED,15.0,motorneuron,motorneuron
66399,SMDVR,RMDDL,1.0,motorneuron,motorneuron
66406,SMDVR,RIVR,1.0,motorneuron,motorneuron
66412,SMDVR,SMDDL,14.0,motorneuron,motorneuron
66423,SMDVR,SIBVR,30.0,motorneuron,motorneuron
66426,SMDVR,SIAVL,30.0,motorneuron,motorneuron
66616,SMBDL,ALNR,1.0,motorneuron,sensory
66620,SMBDL,SDQR,18.0,motorneuron,sensory
66651,SMBDL,CEPDR,2.0,motorneuron,sensory
66714,SMBDL,AIBR,2.0,motorneuron,interneuron
66720,SMBDL,SAAVR,17.0,motorneuron,interneuron
66734,SMBDL,RIML,2.0,motorneuron,interneuron
66755,SMBDL,RMED,61.0,motorneuron,motorneuron
66770,SMBDL,SMDDL,7.0,motorneuron,motorneuron
66776,SMBDL,SMBVL,2.0,motorneuron,motorneuron
66782,SMBDL,SIADL,19.0,motorneuron,motorneuron
66784,SMBDL,SIAVL,3.0,motorneuron,motorneuron
66977,SMBDR,SDQL,18.0,motorneuron,sensory
67008,SMBDR,CEPDL,18.0,motorneuron,sensory
67017,SMBDR,OLQDL,8.0,motorneuron,sensory
67021,SMBDR,IL1DL,8.0,motorneuron,sensory
67077,SMBDR,SAAVL,14.0,motorneuron,interneuron
67116,SMBDR,RMDDR,11.0,motorneuron,motorneuron
67129,SMBDR,SMDDR,4.0,motorneuron,motorneuron
67132,SMBDR,SMBDL,3.0,motorneuron,motorneuron
67133,SMBDR,SMBDR,3.0,motorneuron,motorneuron
67135,SMBDR,SMBVR,3.0,motorneuron,motorneuron
67141,SMBDR,SIADR,20.0,motorneuron,motorneuron
67143,SMBDR,SIAVR,1.0,motorneuron,motorneuron
67333,SMBVL,PLNL,4.0,motorneuron,sensory
67427,SMBVL,RMGL,1.0,motorneuron,interneuron
67433,SMBVL,SAADL,44.0,motorneuron,interneuron
67440,SMBVL,AVJL,1.0,motorneuron,interneuron
67478,SMBVL,RMDVR,19.0,motorneuron,motorneuron
67480,SMBVL,RIVR,2.0,motorneuron,motorneuron
67490,SMBVL,SMBDL,2.0,motorneuron,motorneuron
67496,SMBVL,SIBVL,3.0,motorneuron,motorneuron
67500,SMBVL,SIAVL,1.0,motorneuron,motorneuron
67692,SMBVR,PLNR,14.0,motorneuron,sensory
67792,SMBVR,SAADR,37.0,motorneuron,interneuron
67834,SMBVR,RMDR,1.0,motorneuron,motorneuron
67839,SMBVR,RMHL,1.0,motorneuron,motorneuron
67849,SMBVR,SMBDR,2.0,motorneuron,motorneuron
67859,SMBVR,SIAVR,1.0,motorneuron,motorneuron
68170,SIBDL,RMFL,1.0,motorneuron,interneuron
68176,SIBDL,AVAR,1.0,motorneuron,interneuron
68202,SIBDL,SMDDL,10.0,motorneuron,motorneuron
68214,SIBDL,SIADL,2.0,motorneuron,motorneuron
68561,SIBDR,SMDDR,10.0,motorneuron,motorneuron
68573,SIBDR,SIADR,2.0,motorneuron,motorneuron
68920,SIBVL,SMDVL,22.0,motorneuron,motorneuron
68933,SIBVL,SIAVR,5.0,motorneuron,motorneuron
69216,SIBVR,RIGR,1.0,motorneuron,interneuron
69219,SIBVR,AIBL,1.0,motorneuron,interneuron
69243,SIBVR,AVER,2.0,motorneuron,interneuron
69279,SIBVR,SMDVR,22.0,motorneuron,motorneuron
69290,SIBVR,SIAVL,5.0,motorneuron,motorneuron
69484,SIADL,SDQR,4.0,motorneuron,sensory
69634,SIADL,SMDDL,17.0,motorneuron,motorneuron
69642,SIADL,SIBDL,4.0,motorneuron,motorneuron
69841,SIADR,SDQL,4.0,motorneuron,sensory
69993,SIADR,SMDDR,17.0,motorneuron,motorneuron
69997,SIADR,SMBDR,17.0,motorneuron,motorneuron
70001,SIADR,SIBDR,4.0,motorneuron,motorneuron
70344,SIAVL,RIVR,1.0,motorneuron,motorneuron
70353,SIAVL,SMDVR,10.0,motorneuron,motorneuron
70356,SIAVL,SMBVL,2.0,motorneuron,motorneuron
70361,SIAVL,SIBVR,2.0,motorneuron,motorneuron
70660,SIAVR,AVKR,1.0,motorneuron,interneuron
70710,SIAVR,SMDVL,10.0,motorneuron,motorneuron
70715,SIAVR,SMBVR,2.0,motorneuron,motorneuron
70718,SIAVR,SIBVL,2.0,motorneuron,motorneuron
