cell_name,cell_type,Gender,indegree,outdegree,degree,instrength,outstrength,strength,BC_wei,BC_wei_norm,BC_bin,BC_bin_norm,eccentricity,CC_wei,CC_bin,LE_wei,LE_bin
ADAL,interneuron,GS,3,16,19,14,87,101,1789,0.0594312670254468,561.345774615534,0.0186481222050207,Inf,0.0050037924590555,0.150887573964497,0.00786128442515743,0.27189349112426
ADEL,sensory,GS,3,10,13,9,43,52,127,0.0042189887715102,664.325626611783,0.0220691524354456,Inf,0.00392203611818229,0.197368421052632,0.0058493251947908,0.254385964912281
ADER,sensory,GS,2,6,8,3,27,30,0,0,69.8389655064578,0.00232007725421759,Inf,0.00380191289537119,0.192307692307692,0.00368945225659476,0.173076923076923
ADFL,sensory,GS,6,9,15,53,110,163,321,0.0106637432728722,210.314858280875,0.0069867403588092,Inf,0.0125687371721092,0.225490196078431,0.0165271155684438,0.343954248366013
ADFR,sensory,GS,7,10,17,58,85,143,327,0.0108630655770381,307.521864552025,0.010215994437314,Inf,0.0120795948933941,0.223484848484848,0.0142764689036545,0.278409090909091
ADLL,sensory,GS,1,12,13,3,59,62,7,0.000232542688193476,32.8212619080266,0.00109033492485638,Inf,0.00364445136005541,0.168831168831169,0.00410923745049844,0.209415584415584
ADLR,sensory,GS,6,8,14,29,144,173,1744.5,0.0579529599362169,294.09732601754,0.00977002611180453,Inf,0.0117849770155853,0.224719101123595,0.0168888195547767,0.344569288389513
AFDL,sensory,GS,4,1,5,41,59,100,139,0.00461763337984187,2.32863756613757,7.73582342082774e-05,Inf,0.0184618293667294,0.277777777777778,0.0184618293667294,0.277777777777778
AFDR,sensory,GS,7,3,10,38,34,72,219,0.00727526410205302,71.4377535852268,0.00237318960817311,Inf,0.00808828868433346,0.302325581395349,0.0117235796797786,0.479651162790698
AIAL,interneuron,GS,10,6,16,170,134,304,1395,0.0463424357185569,410.206414403622,0.0136272146170893,Inf,0.0265999134474967,0.316239316239316,0.0402807532051262,0.326217228464419
AIAR,interneuron,GS,12,7,19,254,31,285,1140.5,0.0378878479835227,482.303762604014,0.0160223162116807,Inf,0.0129860179144639,0.274390243902439,0.0198879570914213,0.427337398373984
AIBL,interneuron,GS,21,13,34,297,131,428,1892,0.0628529665802937,807.253967656737,0.0268172868133924,Inf,0.00734817432220536,0.153500897666068,0.0176020264683974,0.212191715766767
AIBR,interneuron,GS,18,14,32,201,107,308,2865,0.0951764002391868,2092.64594082348,0.0695185017880365,Inf,0.0046960132316492,0.111451942740286,0.00651855812169891,0.151874573960463
AIML,interneuron,GS,3,7,10,17,47,64,19,0.000631187296525148,147.567532686612,0.00490225010586046,Inf,0.00666141603240007,0.181818181818182,0.0074955934654838,0.181818181818182
AIMR,interneuron,GS,4,6,10,7,91,98,489,0.0162447677895156,503.899929563636,0.0167397491716044,Inf,0.0177643860717729,0.414634146341463,0.0214172196393523,0.540650406504065
AINL,interneuron,GS,0,4,4,0,23,23,0,0,0,0,Inf,0.00444468994655693,0.25,0.00679237253924904,0.375
AINR,interneuron,GS,6,8,14,25,68,93,150,0.0049830576041459,478.485820549297,0.0158954827104278,Inf,0.00862242435678693,0.202247191011236,0.010823126903105,0.27621722846442
AIYL,interneuron,GS,9,9,18,117,486,603,715,0.0237525745797621,606.831834708232,0.0201591865892044,Inf,0.0179014123231782,0.182119205298013,0.0316685710943155,0.399621570482498
AIYR,interneuron,GS,6,10,16,104,435,539,1023,0.0339844528602751,394.975488289062,0.013121237402467,Inf,0.0204476333606777,0.230769230769231,0.0325373932228287,0.416452991452991
AIZL,interneuron,GS,8,14,22,277,200,477,6709,0.222875556441432,1618.40525359513,0.0537640440367794,Inf,0.0114679217250023,0.158590308370044,0.0184490145279056,0.289962240402769
AIZR,interneuron,GS,12,13,25,333,276,609,2716,0.0902265630190685,900.647466253971,0.0299198547024773,Inf,0.0198297203376013,0.246621621621622,0.0356855890662127,0.2633
ALA,interneuron,GS,0,2,2,0,4,4,0,0,0,0,Inf,0,0,0,0
ALML,sensory,GS,2,5,7,4,68,72,345,0.0114610324895356,361.803641120947,0.0120192559006361,Inf,0.00188332982157313,0.075,0.00188332982157313,0.075
ALMR,sensory,GS,5,6,11,21,62,83,249,0.0082718756228822,386.172783593568,0.0128288081720008,Inf,0.0038221917336299,0.10377358490566,0.00316504816902853,0.0943396226415094
ALNL,sensory,GS,2,8,10,8,61,69,32,0.00106305228888446,33.9352516977197,0.00112734209347285,Inf,0.0101452543419201,0.25,0.017847312199513,0.419886363636364
ALNR,sensory,GS,1,6,7,1,21,22,0,0,4.90304366685946,0.000162880993517356,Inf,0.00754713922909754,0.3,0.0106960863110995,0.4375
AQR,sensory,GS,3,13,16,8,53,61,277,0.0092020463756561,154.400488113986,0.00512924350920158,Inf,0.00537445214263698,0.235294117647059,0.00887625976067079,0.395448179271709
ASEL,sensory,GS,3,5,8,10,39,49,626,0.0207959604013022,115.435462446275,0.00383481039287339,Inf,0.00708335301282024,0.203703703703704,0.00730436709097223,0.203703703703704
ASER,sensory,GS,4,6,10,10,50,60,515,0.0171084977742343,98.3522752230222,0.00326730035290088,Inf,0.0151915456118374,0.392857142857143,0.0187087169089662,0.490079365079365
ASGL,sensory,GS,3,5,8,18,83,101,40,0.00132881536110557,49.1996567759726,0.00163443149212586,Inf,0.011095788693701,0.166666666666667,0.00587184568454572,0.157407407407407
ASGR,sensory,GS,6,3,9,18,67,85,0,0,46.443283305667,0.00154286370691871,Inf,0.0205927170557042,0.484848484848485,0.0220671513551424,0.568181818181818
ASHL,sensory,GS,2,12,14,9,100,109,344,0.0114278121055079,264.200895751506,0.00877685521731133,Inf,0.00842812589430726,0.213483146067416,0.00949512719632926,0.264044943820225
ASHR,sensory,GS,5,5,10,21,77,98,0,0,80.8646082359242,0.00268635333984201,Inf,0.0139335811515896,0.302325581395349,0.0194192383617394,0.449612403100775
ASIL,sensory,GS,1,6,7,2,34,36,314,0.0104312005846788,188.955199872591,0.00627716430378683,Inf,0.00933346702892083,0.285714285714286,0.0103467402756954,0.273809523809524
ASIR,sensory,GS,0,5,5,0,18,18,0,0,0,0,Inf,0.00604734636441613,0.2,0.00726526893793272,0.25
ASJL,sensory,GS,0,4,4,0,43,43,0,0,0,0,Inf,0.00582416425890133,0.166666666666667,0.00427698974431244,0.0833333333333333
ASJR,sensory,GS,1,5,6,1,28,29,164,0.00544814298053285,180.303493565258,0.00598975129776288,Inf,0.00277384530228518,0.2,0.00401154901805764,0.255555555555556
ASKL,sensory,GS,7,4,11,28,22,50,523,0.0173742608464554,438.579352865344,0.0145697745287803,Inf,0.00797849262871328,0.268518518518519,0.0112599258432352,0.376543209876543
ASKR,sensory,GS,6,4,10,30,42,72,0,0,48.7397909955429,0.00161915457429882,Inf,0.0122493246633817,0.321428571428571,0.0160806651028563,0.512896825396825
AUAL,interneuron,GS,4,6,10,11,89,100,0,0,118.009640358542,0.00392032557167439,Inf,0.0190941124928369,0.337209302325581,0.0214503488483177,0.424418604651163
AUAR,interneuron,GS,9,5,14,31,83,114,115,0.00382034416317853,262.156495902962,0.00870893946923666,Inf,0.010435207486653,0.193181818181818,0.0142522691542063,0.282670454545455
AVAL,interneuron,GS,20,5,25,357,29,386,1487,0.0493987110490997,730.818014425979,0.0242780550935479,Inf,0.0100094712700295,0.185810810810811,0.0184655650292145,0.330349099099099
AVAR,interneuron,GS,26,7,33,325,58,383,2106,0.0699621287622085,1369.48286893684,0.0454947468253552,Inf,0.00695251386863767,0.145315487571702,0.0141844036947426,0.318417478527421
AVBL,interneuron,GS,23,3,26,286,16,302,16,0.00053152614444223,83.8083968534676,0.002784147128213,Inf,0.00749053557308251,0.157407407407407,0.0137473069503495,0.298469650205761
AVBR,interneuron,GS,22,2,24,212,10,222,335,0.0111288286492592,25.7044184215001,0.000853910651169362,Inf,0.00611494296068109,0.178181818181818,0.0105105788288911,0.318121212121212
AVDL,interneuron,GS,11,3,14,112,30,142,66,0.0021925453458242,185.395899329392,0.00615892297287197,Inf,0.00860870414780737,0.202247191011236,0.0119195773653979,0.296816479400749
AVDR,interneuron,GS,13,6,19,64,40,104,186,0.00617899142914092,119.397634445407,0.00396643526826812,Inf,0.00707535007383561,0.267857142857143,0.0113623116682401,0.460019841269841
AVEL,interneuron,GS,24,2,26,295,20,315,392,0.0130223905388346,230.623658965285,0.00766140651668609,Inf,0.00660832014591244,0.126153846153846,0.0144460753145658,0.310802197802198
AVER,interneuron,GS,14,2,16,136,47,183,88,0.00292339379443226,148.189516989114,0.00492291266324875,Inf,0.00675522562564733,0.129166666666667,0.0110233694255429,0.231736111111111
AVFL,interneuron,GS,7,10,17,31,88,119,376,0.0124908643943924,200.333570848532,0.00665515815721651,Inf,0.00799645131294445,0.257462686567164,0.0140021507003794,0.467350746268657
AVFR,interneuron,GS,8,12,20,19,114,133,338,0.0112284898013421,1013.63470371502,0.0336733341211554,Inf,0.00415223785069736,0.172972972972973,0.00562225964902904,0.246396396396396
AVHL,interneuron,GS,3,9,12,6,20,26,7,0.000232542688193476,288.805300689621,0.00959422299812708,Inf,0.00213741143042133,0.153846153846154,0.00201238608657357,0.15
AVHR,interneuron,GS,2,9,11,5,26,31,30,0.000996611520829181,300.03489485429,0.0099672744287519,Inf,0.00295617375553582,0.154545454545455,0.00391996817926317,0.193939393939394
AVJL,interneuron,GS,5,7,12,23,24,47,656,0.0217925719221314,697.931240067866,0.0231855438199411,Inf,0.00383416628324552,0.1875,0.00452862266310767,0.228515625
AVJR,interneuron,GS,0,2,2,0,3,3,0,0,0,0,Inf,0,0,0,0
AVKL,interneuron,GS,8,11,19,63,19,82,0,0,362.346377721625,0.0120372858189364,Inf,0.00420579499087503,0.158823529411765,0.00829199000567748,0.345022175536881
AVKR,interneuron,GS,11,12,23,92,50,142,162,0.00538170221247758,485.595113374449,0.0161316561482443,Inf,0.00566391957633533,0.166,0.0106205863358001,0.334533333333333
AVL,interneuron,GS,8,5,13,22,16,38,5,0.000166101920138197,404.386325557325,0.0134338690305403,Inf,0.00178307628900503,0.12,0.00156563437743511,0.0933333333333333
AVM,sensory,GS,2,11,13,6,60,66,112,0.00372068301109561,90.0856116842867,0.0029926786155168,Inf,0.00508597099321498,0.207792207792208,0.00613171263214958,0.258658008658009
AWAL,sensory,GS,2,9,11,11,107,118,1874,0.0622549996677962,642.001083582027,0.0213275225427555,Inf,0.0168726211437997,0.292452830188679,0.0249853276165465,0.424528301886792
AWAR,sensory,GS,3,6,9,6,120,126,0,0,43.6048649763714,0.00144857035998842,Inf,0.0281059602287085,0.46969696969697,0.0339807411415396,0.651515151515151
AWBL,sensory,GS,3,6,9,11,55,66,0,0,25.1693895113945,0.000836136785309763,Inf,0.0211938967537631,0.357142857142857,0.0267701044410922,0.473809523809524
AWBR,sensory,GS,4,4,8,19,64,83,0,0,36.1440694480622,0.00120071986738629,Inf,0.0322379305831628,0.462962962962963,0.0392775113809676,0.624074074074074
AWCL,sensory,GS,3,5,8,51,27,78,36,0.00119593382499502,169.668928634718,0.00563646696680347,Inf,0.0220643699271264,0.403846153846154,0.0151860884129171,0.365384615384615
AWCR,sensory,GS,2,2,4,2,58,60,0,0,88.0362601621084,0.00292459837094241,Inf,0,0,0,0
BAGL,sensory,GS,6,8,14,31,83,114,454,0.0150820543485483,517.890366797325,0.0172045168692221,Inf,0.0114075497994045,0.213483146067416,0.016496092447465,0.328183520599251
BDUL,interneuron,GS,1,2,3,14,5,19,0,0,1,3.32203840276394e-05,Inf,0,0,0,0
BDUR,interneuron,GS,2,2,4,16,4,20,0,0,15.2686843993475,0.00050723155934315,Inf,0.00340693705587414,0.2,0.00340693705587414,0.2
CEPDL,sensory,GS,9,13,22,65,99,164,1209.5,0.0401800544814298,576.308854328385,0.0191452014593178,Inf,0.00494742038864652,0.127753303964758,0.00836730694933684,0.23942731277533
CEPDR,sensory,GS,8,10,18,65,97,162,694,0.0230549465151817,659.923490612205,0.0219229117869977,Inf,0.00400363194299572,0.09,0.00479060821996338,0.116111111111111
CEPVL,sensory,GS,6,13,19,25,136,161,441,0.014650189356189,698.722364569521,0.0232118252796997,Inf,0.00302668129912675,0.0833333333333333,0.00421120743806222,0.111855158730159
CEPVR,sensory,GS,10,20,30,44,232,276,758,0.0251810510929506,1379.07737053741,0.0458134798530798,Inf,0.0049697244726619,0.106976744186047,0.00984847021547064,0.212151162790698
DVA,sensory,GS,12,21,33,41,144,185,730,0.0242508803401767,1848.66412756115,0.0614133322557024,Inf,0.00396416336890294,0.17816091954023,0.00952864172539754,0.236296583850932
DVC,interneuron,GS,4,13,17,19,145,164,254,0.0084379775430204,125.935218735633,0.0041836163290025,Inf,0.00760311891991105,0.177777777777778,0.0147605908385673,0.374898589065256
FLPL,sensory,GS,2,14,16,16,138,154,198,0.00657763603747259,70.6673187627529,0.00234759546750226,Inf,0.0101811876534374,0.197478991596639,0.0153355732425746,0.296008403361345
FLPR,sensory,GS,4,8,12,15,47,62,0,0,118.223568903856,0.00392743236010419,Inf,0.0128250899586475,0.444444444444444,0.0162698396370877,0.333333333333333
IL1DL,sensory,GS,6,2,8,27,37,64,129,0.00428542953956548,69.0737441279001,0.00229465630615574,Inf,0.00786583901962,0.214285714285714,0.00790352031481294,0.208333333333333
IL1DR,sensory,GS,2,3,5,20,37,57,11,0.000365424224304033,4.65156042787622,0.000154526623741818,Inf,0.0082198687315485,0.15,0.0082198687315485,0.15
IL1L,sensory,GS,4,5,9,12,49,61,497,0.0165105308617368,515.626305206625,0.0171293038737169,Inf,0.00939509169406535,0.314285714285714,0.0116823179971169,0.39047619047619
IL1R,sensory,GS,8,6,14,18,80,98,0,0,151.530594634491,0.00503390454569435,Inf,0.00701768911177041,0.202247191011236,0.0115500283242171,0.385112359550562
IL1VL,sensory,GS,6,6,12,26,140,166,204.5,0.00679356853365225,458.134091233964,0.0152193904469459,Inf,0.0107837739034864,0.215384615384615,0.0165688766695619,0.325128205128205
IL1VR,sensory,GS,6,5,11,45,81,126,8,0.000265763072221115,37.1007453282449,0.00123250100751594,Inf,0.0144345972482556,0.320754716981132,0.019261699723689,0.477987421383648
IL2DL,sensory,GS,1,4,5,1,26,27,165,0.00548136336456049,165.625,0.00550212610457777,Inf,0.00686979950664382,0.25,0.00670831694873861,0.225
IL2DR,sensory,GS,0,11,11,0,44,44,0,0,0,0,Inf,0.00385449931585725,0.109090909090909,0.00364256918719345,0.0909090909090909
IL2L,sensory,GS,5,8,13,33,108,141,9048,0.300578034682081,716.633728993854,0.0238068476843351,Inf,0.00632586189233244,0.143835616438356,0.00364717884395366,0.089041095890411
IL2R,sensory,GS,5,13,18,34,108,142,848,0.0281708856554382,510.098176746083,0.0169456573233035,Inf,0.00811342794943737,0.161073825503356,0.00928553081519148,0.198545861297539
IL2VL,sensory,GS,3,9,12,5,109,114,0,0,124.324121766388,0.0041300950689784,Inf,0.00736706164909702,0.192307692307692,0.00863606463534101,0.228205128205128
IL2VR,sensory,GS,3,8,11,10,115,125,190,0.00631187296525148,162.994431989646,0.00541473762506299,Inf,0.0128349658200873,0.254716981132075,0.0135776450532792,0.254716981132075
OLLL,sensory,GS,1,12,13,4,129,133,155,0.0051491595242841,33.952453069806,0.00112791352965936,Inf,0.00608456430390768,0.141025641025641,0.00927988204292463,0.219978632478633
OLLR,sensory,GS,3,12,15,31,148,179,41,0.00136203574513321,70.6727903224422,0.00234777723481636,Inf,0.0124190039557097,0.206730769230769,0.0164779103661329,0.358653846153846
OLQDL,sensory,GS,6,8,14,69,50,119,1151,0.0382366620158129,471.550888636591,0.0156651016090822,Inf,0.0172368963003818,0.369318181818182,0.0246103527885361,0.283854166666667
OLQDR,sensory,GS,4,10,14,79,83,162,354,0.0117600159457843,78.1699172858552,0.00259683467164491,Inf,0.0129479196361772,0.227272727272727,0.0177595617572586,0.283143939393939
OLQVL,sensory,GS,8,7,15,65,86,151,1023,0.0339844528602751,489.313153677911,0.0162551708749555,Inf,0.00403943903856074,0.133663366336634,0.00652090408161224,0.194719471947195
OLQVR,sensory,GS,5,8,13,104,94,198,915,0.03039665138529,305.650587141395,0.0101538298831106,Inf,0.0091174485055044,0.142857142857143,0.0119818659917584,0.203463203463204
PLNL,sensory,GS,3,8,11,8,86,94,42,0.00139525612916085,39.8085910217943,0.00132245668134324,Inf,0.00664438311987768,0.188679245283019,0.00905201022805936,0.29559748427673
PLNR,sensory,GS,2,4,6,18,38,56,175,0.00581356720483689,22.8976886072155,0.000760670008877,Inf,0.0112524532139109,0.142857142857143,0.0122597538651713,0.160714285714286
PVCL,interneuron,GS,13,8,21,86,48,134,347,0.0115274732575909,640.827709295436,0.0212885425983468,Inf,0.00671828458248302,0.240291262135922,0.0107492182961557,0.362864077669903
PVCR,interneuron,GS,8,10,18,65,66,131,1976,0.0656434788386154,150.912049533961,0.00501335623991633,Inf,0.0103991708277133,0.28,0.0150064455411647,0.398611111111111
PVNL,interneuron,GS,3,10,13,11,31,42,27,0.000896950368746263,13.1109694369285,0.000435551439669408,Inf,0.0083901325075916,0.460526315789474,0.0118855856519027,0.600308641975309
PVNR,interneuron,GS,2,6,8,5,20,25,5,0.000166101920138197,37.1263392096794,0.00123335124608595,Inf,0.00525082155710057,0.326923076923077,0.00646304274498601,0.416666666666667
PVPL,interneuron,GS,5,9,14,9,45,54,36,0.00119593382499502,135.594222105338,0.00450449213026837,Inf,0.00524279786228747,0.230769230769231,0.00916911564183316,0.42967032967033
PVPR,interneuron,GS,5,8,13,21,18,39,4,0.000132881536110557,296.799233324235,0.00985978451014001,Inf,0.00241289736797288,0.116883116883117,0.00247840326215452,0.116883116883117
PVQL,interneuron,GS,4,5,9,33,35,68,148,0.00491661683609063,409.529134513577,0.0136047151190478,Inf,0.00684354017463998,0.208333333333333,0.00888535481938521,0.277777777777778
PVQR,interneuron,GS,2,4,6,22,41,63,333,0.0110623878812039,57.0717191499666,0.00189594442727947,Inf,0.0126381662327308,0.233333333333333,0.0141912195696443,0.266666666666667
PVR,interneuron,GS,3,4,7,24,32,56,2,6.64407680552787e-05,53.7600011185571,0.00178592788248479,Inf,0.00957087893454584,0.261904761904762,0.0081259156985592,0.25
PVT,interneuron,GS,2,12,14,4,56,60,87,0.00289017341040462,248.415374611103,0.00825245414295074,Inf,0.00511330134469066,0.202247191011236,0.0071776925569232,0.294943820224719
RIAL,interneuron,GS,28,22,50,592,521,1113,3693.5,0.122699488406086,1802.91884479501,0.0598936563947583,Inf,0.0155434043817512,0.186314921681781,0.0399995289095758,0.399280598542013
RIAR,interneuron,GS,24,23,47,609,694,1303,7787,0.258687130423228,2600.86060457074,0.0864015880861982,Inf,0.0170651795741565,0.159345794392523,0.0388019270519816,0.4
RIBL,interneuron,GS,18,8,26,261,20,281,292,0.00970035213607069,820.472076637457,0.0272563974698511,Inf,0.00867830166344131,0.200934579439252,0.0164850421794654,0.427833407506305
RIBR,interneuron,GS,23,12,35,385,91,476,2593,0.0861404557836689,1519.05966594174,0.0504637454634821,Inf,0.0104986303195791,0.154173764906303,0.0219635742223815,0.370698466780238
RICL,interneuron,GS,11,11,22,118,97,215,287,0.0095342502159325,529.62605356375,0.0175943808904309,Inf,0.00403715135266052,0.0982532751091703,0.00990978627086195,0.269851667013239
RICR,interneuron,GS,12,16,28,121,162,283,890,0.029566141784599,990.749740787423,0.0329130868642423,Inf,0.00484296982989727,0.116,0.0109002548780842,0.266071428571429
RID,interneuron,GS,4,1,5,10,1,11,167,0.00554780413261577,259.020193360381,0.00860475029434527,Inf,0.00177464980444466,0.1,0.00177464980444466,0.1
RIFL,interneuron,GS,7,8,15,36,112,148,628,0.0208624011693575,347.143493458238,0.011532240165379,Inf,0.00932775119160304,0.213592233009709,0.0107584667954781,0.277508090614887
RIFR,interneuron,GS,7,6,13,45,36,81,0,0,259.289520262736,0.00861369743747045,Inf,0.00685587865799663,0.296052631578947,0.00882864991635236,0.166666666666667
RIGL,interneuron,GS,10,17,27,60,139,199,1081,0.0359112351338781,852.534523380477,0.0283215242635199,Inf,0.00321537195066109,0.108381502890173,0.00653381092105685,0.23059110927608
RIGR,interneuron,GS,15,11,26,96,84,180,1255,0.0416915819546874,1460.76265009917,0.0485270962095266,Inf,0.0029128570657352,0.0783699059561129,0.00414111042935112,0.116431556948798
RIH,interneuron,GS,9,28,37,79,361,440,9055,0.300810577370274,1248.98229321141,0.0414916714242047,Inf,0.00775642372627274,0.160606060606061,0.0197196666818022,0.27545197740113
RIML,interneuron,GS,17,16,33,208,167,375,4202,0.139592053684141,1198.68619665592,0.0398208157815401,Inf,0.00594311069723257,0.137931034482759,0.0137766562168534,0.334722222222222
RIMR,interneuron,GS,13,21,34,166,185,351,2186,0.0726197594844196,1109.1185330129,0.0368453435988604,Inf,0.00628486728977693,0.137837837837838,0.0155123476999833,0.354422994422994
RIPL,interneuron,GS,8,0,8,169,0,169,0,0,0,0,Inf,0.0131591427805314,0.142857142857143,0.0131591427805314,0.142857142857143
RIPR,interneuron,GS,13,0,13,209,0,209,0,0,0,0,Inf,0.0098701308187874,0.147435897435897,0.0154458177340561,0.248397435897436
RIR,interneuron,GS,5,9,14,63,46,109,1065,0.0353797089894359,415.990952335412,0.0138193791886058,Inf,0.00942716902315389,0.230337078651685,0.0124839303042719,0.324625468164794
RIS,interneuron,GS,9,18,27,22,201,223,192,0.00637831373330676,551.65245989949,0.018326106567653,Inf,0.00759665134636513,0.221739130434783,0.0144071856750694,0.235028248587571
RIVL,motorneuron,GS,3,9,12,18,96,114,170,0.00564746528469869,104.538103021558,0.00347279592789707,Inf,0.0202570657436904,0.359375,0.0243308615807675,0.424479166666667
RIVR,motorneuron,GS,15,12,27,54,102,156,203,0.00674373795761079,626.058908497399,0.0207979173642083,Inf,0.00736487417533244,0.26231884057971,0.0140687392554365,0.353732849071832
RMDDL,motorneuron,GS,12,1,13,331,36,367,41,0.00136203574513321,14.5597679352475,0.000483681082162231,Inf,0.0298550101093745,0.272727272727273,0.0458193527353869,0.467748917748918
RMDDR,motorneuron,GS,13,3,16,411,38,449,513,0.017042057006179,154.182884890224,0.00512201464654255,Inf,0.0299191157880991,0.220338983050847,0.0393790018748958,0.299081920903955
RMDL,motorneuron,GS,11,2,13,109,4,113,0,0,1.48066002624826,4.91880946863418e-05,Inf,0.0166832926397653,0.434210526315789,0.0235058139948733,0.507716049382716
RMDR,motorneuron,GS,19,14,33,177,108,285,8524.5,0.283187163643612,2081.9318460206,0.0691625754441764,Inf,0.00770050450546133,0.159615384615385,0.0152296650598303,0.38091804029304
RMDVL,motorneuron,GS,14,3,17,356,73,429,223,0.00740814563816358,397.926302680433,0.0132192645897426,Inf,0.0195637584002835,0.130597014925373,0.0211516210024892,0.166355721393035
RMDVR,motorneuron,GS,13,4,17,343,80,423,598,0.0198657896485283,531.387923439529,0.017652910884311,Inf,0.0188315848109543,0.180451127819549,0.029964932998409,0.352756892230576
RMED,motorneuron,GS,7,4,11,99,25,124,36,0.00119593382499502,45.8480749445745,0.00152309065658675,Inf,0.0050758871684962,0.172727272727273,0.00984023121182961,0.275606060606061
RMEL,motorneuron,GS,6,3,9,32,5,37,2.5,8.30509600690984e-05,44.0861624486624,0.00146455924684946,Inf,0.00433283958560338,0.314285714285714,0.00517508709664884,0.107142857142857
RMER,motorneuron,GS,12,2,14,67,5,72,333,0.0110623878812039,350.04234935601,0.0116285412715438,Inf,0.00531960630756381,0.233333333333333,0.00730994905453109,0.150252525252525
RMEV,motorneuron,GS,8,1,9,49,3,52,79,0.00262441033818351,67.5158344216737,0.00224290194743451,Inf,0.00594631312986109,0.180555555555556,0.00593187150249639,0.219907407407407
RMFL,interneuron,GS,8,0,8,25,0,25,0,0,0,0,Inf,0.00673484194774895,0.303571428571429,0.0121453489450082,0.491071428571429
RMFR,interneuron,GS,6,3,9,40,12,52,166,0.00551458374858813,208.309223969555,0.00692011241676815,Inf,0.00902398906858075,0.222222222222222,0.0159316733302524,0.413888888888889
RMGL,interneuron,GS,9,16,25,19,98,117,610,0.02026443425686,1158.42722111717,0.0384833971535836,Inf,0.00290021210310069,0.128813559322034,0.00683201390153251,0.313841807909605
RMGR,interneuron,GS,8,10,18,22,70,92,452,0.015015613580493,669.446430725984,0.0222392675146497,Inf,0.00366724677905362,0.0849673202614379,0.00528333649801341,0.127995642701525
RMHL,motorneuron,GS,13,9,22,62,24,86,189.5,0.00629526277323766,1732.20511564064,0.0575445191562236,Inf,0.00197369401701,0.101769911504425,0.00484132008105274,0.23919616519174
RMHR,motorneuron,GS,5,4,9,55,19,74,100,0.00332203840276394,162.857476058248,0.00541018789642709,Inf,0.00443491552692838,0.147058823529412,0.00589225627391173,0.198529411764706
SAADL,interneuron,GS,10,0,10,136,0,136,0,0,0,0,Inf,0.00786076793725808,0.144444444444444,0.0100610221915139,0.208703703703704
SAADR,interneuron,GS,9,0,9,121,0,121,0,0,0,0,Inf,0.0075522372671213,0.152777777777778,0.00877393168315641,0.185185185185185
SAAVL,interneuron,GS,7,5,12,85,150,235,898,0.0298319048568201,116.766869446571,0.00387904024472031,Inf,0.0120137401670582,0.203125,0.0140827833330774,0.23828125
SAAVR,interneuron,GS,10,6,16,115,128,243,1388,0.0461098930303634,100.629663094852,0.00334295605258296,Inf,0.0107810958641072,0.226495726495726,0.0146944742951116,0.322578347578348
SDQL,sensory,GS,3,3,6,26,15,41,0,0,14.285425212902,0.000474567311570726,Inf,0.0252347797999489,0.5,0.0163997943178225,0.307692307692308
SDQR,sensory,GS,4,12,16,33,155,188,1623,0.0539166832768587,313.534368625896,0.0104157321316157,Inf,0.0129238605778286,0.245762711864407,0.0164047196626869,0.137037037037037
SIADL,motorneuron,GS,5,3,8,41,25,66,69,0.00229220649790712,89.0359445884495,0.00295780827149191,Inf,0.0220504720606671,0.44,0.0265370905061096,0.54
SIADR,motorneuron,GS,11,4,15,68,42,110,564,0.0187362965915886,163.874664817236,0.00544397929762927,Inf,0.0169591301791632,0.361386138613861,0.0254139207760013,0.626237623762376
SIAVL,motorneuron,GS,11,4,15,92,15,107,0,0,132.660129858462,0.0044070204590546,Inf,0.0095223943285202,0.227722772277228,0.0125113834236871,0.316831683168317
SIAVR,motorneuron,GS,11,4,15,132,15,147,2208,0.0733506079330277,233.082426725546,0.00774308772591676,Inf,0.0103519415936499,0.137254901960784,0.0108821913861594,0.151960784313725
SIBDL,motorneuron,GS,3,4,7,44,14,58,0,0,42.3468520665829,0.00140677868801352,Inf,0.00996347697846715,0.210526315789474,0.00996347697846715,0.210526315789474
SIBDR,motorneuron,GS,4,2,6,56,12,68,0,0,7.52535133711604,0.000249995061361904,Inf,0.0145620048146828,0.307692307692308,0.0145620048146828,0.307692307692308
SIBVL,motorneuron,GS,6,2,8,45,27,72,54,0.00179390073749253,37.5099573820365,0.00124609518909164,Inf,0.0226155798052613,0.307692307692308,0.0111195198704769,0.221153846153846
SIBVR,motorneuron,GS,7,5,12,61,31,92,131,0.00435187030762076,194.395503499953,0.00645789327951474,Inf,0.005290020305891,0.119047619047619,0.00493357931544475,0.0952380952380952
SMBDL,motorneuron,GS,6,11,17,48,134,182,1878,0.0623878812039067,798.121017831261,0.0265138867128849,Inf,0.00607711012829905,0.150375939849624,0.00908756273930926,0.204385964912281
SMBDR,motorneuron,GS,13,12,25,95,111,206,1641,0.0545146501893562,951.893197234217,0.0316222575654182,Inf,0.00995882499510263,0.253424657534247,0.0200266344781392,0.187669376693767
SMBVL,motorneuron,GS,18,9,27,98,77,175,216,0.0071756029499701,901.70271940763,0.0299549106174882,Inf,0.00272604392628883,0.108695652173913,0.00478837296640367,0.199782608695652
SMBVR,motorneuron,GS,14,6,20,76,56,132,197,0.00654441565344495,376.249652154707,0.0124991579348451,Inf,0.00319360152472173,0.101604278074866,0.00335209107945653,0.113636363636364
SMDDL,motorneuron,GS,21,9,30,201,69,270,1123,0.037306491263039,858.74686400511,0.0285279006047808,Inf,0.0098338772150834,0.188084112149533,0.0172688435891786,0.357441866933689
SMDDR,motorneuron,GS,23,9,32,313,87,400,2178,0.0723539964121985,885.978312404988,0.0294325397782535,Inf,0.0127175452702092,0.197341513292434,0.0262539853778354,0.444639205375402
SMDVL,motorneuron,GS,14,15,29,171,315,486,4180,0.138861205235533,701.65100785992,0.0233091159344868,Inf,0.0273308964659022,0.287688442211055,0.0421177226545429,0.355256782945736
SMDVR,motorneuron,GS,15,8,23,154,170,324,1646,0.0546807521094944,287.302354215205,0.00954429453907397,Inf,0.0165470556067868,0.261133603238866,0.025827013464928,0.445614035087719
URADL,motorneuron,GS,2,1,3,14,16,30,0,0,1,3.32203840276394e-05,Inf,0.0116959064327485,0.166666666666667,0.0116959064327485,0.166666666666667
URADR,motorneuron,GS,2,2,4,13,26,39,4,0.000132881536110557,2.73923288613691,9.09983684186071e-05,Inf,0.0152359452159039,0.333333333333333,0.0123860253930844,0.25
URAVL,motorneuron,GS,2,4,6,38,37,75,8,0.000265763072221115,13.3641525141525,0.000443962278724089,Inf,0.0172862475363185,0.3,0.0179680948421922,0.3
URAVR,motorneuron,GS,3,2,5,30,27,57,5,0.000166101920138197,1.83477382180943,6.09518909643687e-05,Inf,0.0244922262193424,0.5,0.0251969243671798,0.491666666666667
URBL,interneuron,GS,1,6,7,19,28,47,171,0.00568068566872633,167.794761904762,0.0055742064283025,Inf,0.00313017389112383,0.125,0.00168084370519703,0.075
URBR,interneuron,GS,1,2,3,10,5,15,0,0,5.40400432900433,0.000179523099096549,Inf,0,0,0,0
URXL,sensory,GS,2,1,3,8,1,9,0,0,0,0,Inf,0.015283440875162,0.833333333333333,0.017101916658798,0.916666666666667
URXR,sensory,GS,3,9,12,10,56,66,14,0.000465085376386951,235.144365136282,0.00781158611176273,Inf,0.0027558141102661,0.0846153846153846,0.00495148268742762,0.152435897435897
URYDR,sensory,GS,2,0,2,3,0,3,0,0,0,0,Inf,0,0,0,0
URYVL,sensory,GS,1,1,2,2,1,3,0,0,5.20866628498207,0.000173033894258922,Inf,0,0,0,0
URYVR,sensory,GS,1,0,1,1,0,1,0,0,0,0,Inf,0,0,0,0
