,cell_name,cell_type_cook,Gender_cook,indegree_cook,outdegree_cook,degree_cook,instrength_cook,outstrength_cook,strength_cook,BC_wei_cook,BC_wei_norm_cook,BC_bin_cook,BC_bin_norm_cook,eccentricity_cook,CC_wei_cook,CC_bin_cook,LE_wei_cook,LE_bin_cook,cell_class,cell_type_wit7,Gender_wit7,indegree_wit7,outdegree_wit7,degree_wit7,instrength_wit7,outstrength_wit7,strength_wit7,BC_wei_wit7,BC_wei_norm_wit7,BC_bin_wit7,BC_bin_norm_wit7,eccentricity_wit7,CC_wei_wit7,CC_bin_wit7,LE_wei_wit7,LE_bin_wit7,cell_class_wit8,cell_type_wit8,Gender_wit8,indegree_wit8,outdegree_wit8,degree_wit8,instrength_wit8,outstrength_wit8,strength_wit8,BC_wei_wit8,BC_wei_norm_wit8,BC_bin_wit8,BC_bin_norm_wit8,eccentricity_wit8,CC_wei_wit8,CC_bin_wit8,LE_wei_wit8,LE_bin_wit8
0,ASIL,sensory,GS,5,17,22,17,43,60,33.0,0.0004254660787499,97.3402320083875,0.001254998994461,inf,0.0101599621862002,0.234649122807018,0.0189451236245801,0.470102339181287,ASI,Sensory neuron,GS,2,10,12,3,32,35,0.0,0.0,54.3798984015184,0.00170673210726,2.7,0.0358226002131064,0.315384615384615,0.0479585009424723,0.453205128205128,ASI,Sensory neuron,GS,3,11,14,3,38,41,11.0,0.0003452388425083,70.6009256922377,0.0022158347150912,inf,0.0190727866858724,0.275280898876405,0.0299299328822872,0.478932584269663
1,ASIR,sensory,GS,4,12,16,6,27,33,0.0,0.0,110.787130950292,0.0014283686721628,inf,0.0172382665325895,0.432203389830508,0.024006580595741,0.642302259887006,ASI,Sensory neuron,GS,2,8,10,2,41,43,0.0,0.0,8.33292121199958,0.0002615316430857,2.76666666666667,0.0492273123100107,0.363636363636364,0.0658759976186574,0.516098484848485,ASI,Sensory neuron,GS,4,9,13,4,31,35,0.0,0.0,51.5971388066824,0.0016193942253054,inf,0.0224423501516968,0.361842105263158,0.032855074358844,0.581140350877193
2,ASJL,sensory,GS,7,7,14,13,53,66,337.0,0.0043449111678399,253.01640094107,0.0032621180596306,inf,0.0124024366246289,0.241573033707865,0.0194531852757624,0.44063670411985,ASJ,Sensory neuron,GS,5,5,10,6,15,21,137.0,0.0042997928566945,117.693834779859,0.0036938621172512,2.63578643578644,0.0172191694724798,0.290697674418605,0.0280857227319403,0.465697674418605,ASJ,Sensory neuron,GS,4,4,8,8,20,28,20.0,0.0006277069863787,59.8520819069219,0.0018784784981144,inf,0.022510248914477,0.388888888888889,0.0318973703415907,0.597222222222222
3,ASJR,sensory,GS,3,3,6,10,32,42,102.0,0.0013150769706815,22.3286147711922,0.000287880853655,inf,0.0265034749680898,0.533333333333333,0.033623423865629,0.638888888888889,ASJ,Sensory neuron,GS,1,4,5,1,25,26,0.0,0.0,0.0,0.0,2.59090909090909,0.0506153703223046,0.555555555555556,0.0541611397191065,0.611111111111111,ASJ,Sensory neuron,GS,1,4,5,1,19,20,2.0,6.27706986378758e-05,11.268668959357,0.0003536711116488,inf,0.0216053931551343,0.35,0.0228737270041384,0.4
4,AWAL,sensory,GS,4,8,12,18,54,72,803.0,0.0103530079162476,21.3167468796246,0.0002748349305023,inf,0.0224525031561816,0.296875,0.0332052578141263,0.471484375,AWA,Sensory neuron,GS,6,13,19,8,41,49,256.0,0.0080346494256481,137.601264357351,0.0043186637485829,2.61590909090909,0.0218979026373964,0.294642857142857,0.0392398911171646,0.513839285714286,AWA,Sensory neuron,GS,6,13,19,6,47,53,12.0,0.0003766241918272,175.159828035188,0.0054974523895294,inf,0.0131737156085246,0.27710843373494,0.0251207720006109,0.561495983935743
5,AWAR,sensory,GS,11,13,24,21,93,114,254.0,0.0032747995152265,132.334501872288,0.001706177018028,inf,0.015921839949055,0.312962962962963,0.02831714235146,0.560030864197531,AWA,Sensory neuron,GS,6,12,18,8,43,51,106.0,0.0033268470278074,95.0243073614425,0.002982371080329,2.7,0.021812973645819,0.246666666666667,0.0428046615468092,0.519888888888889,AWA,Sensory neuron,GS,7,12,19,8,43,51,1.0,3.13853493189379e-05,180.284169135396,0.0056582816249888,inf,0.0154655718069834,0.315151515151515,0.0278465788049702,0.583030303030303
6,ASGL,sensory,GS,7,4,11,17,67,84,5.0,6.4464557386349e-05,85.3363997224181,0.00110023464741,inf,0.0263938973576988,0.330188679245283,0.0302865944675796,0.40566037735849,ASG,Sensory neuron,GS,5,3,8,11,15,26,0.0,0.0,17.1740265995751,0.0005390128240403,2.78333333333333,0.0457068662124271,0.480769230769231,0.0590201630128241,0.647435897435897,ASG,Sensory neuron,GS,8,6,14,18,16,34,33.0,0.0010357165275249,181.965564707478,0.005711052812362,inf,0.0178752638201423,0.369318181818182,0.0271973649651256,0.598484848484849
7,ASGR,sensory,GS,11,4,15,26,75,101,0.0,0.0,20.5152710775412,0.0002645015739349,inf,0.0253443915623076,0.407766990291262,0.0334395063607127,0.632281553398058,ASG,Sensory neuron,GS,5,4,9,13,25,38,0.0,0.0,17.5474531591559,0.0005507329470578,2.6421568627451,0.0432297784272929,0.338235294117647,0.0440229506292009,0.323529411764706,ASG,Sensory neuron,GS,4,2,6,14,13,27,0.0,0.0,2.50540465587654,7.86330003099787e-05,inf,0.0317936098364258,0.357142857142857,0.034913063917814,0.392857142857143
8,AWBL,sensory,GS,9,16,25,28,74,102,47.0,0.0006059668394316,228.836969338498,0.0029503747884079,inf,0.0126292494615089,0.249152542372881,0.0256347245980754,0.543559322033898,AWB,Sensory neuron,GS,10,9,19,17,26,43,172.666666666667,0.0054192036490699,123.417154053902,0.0038734904919308,2.84285714285714,0.0174888765058766,0.242603550295858,0.0315329445524941,0.46474358974359,AWB,Sensory neuron,GS,11,11,22,18,34,52,106.0,0.0033268470278074,185.862422615429,0.0058333570590493,inf,0.0131116697930414,0.281938325991189,0.0232769887754914,0.543098384728341
9,AWBR,sensory,GS,8,15,23,19,40,59,0.0,0.0,128.418978670963,0.0016556945240061,inf,0.0131911666966587,0.330645161290323,0.0217892440350677,0.596942204301075,AWB,Sensory neuron,GS,5,10,15,15,28,43,72.0,0.0022597451509635,84.5654681756256,0.0026541167590115,2.76666666666667,0.0203489131564035,0.189320388349515,0.0311211279698855,0.319174757281553,AWB,Sensory neuron,GS,11,11,22,20,27,47,137.0,0.0042997928566945,424.141101391741,0.0133118166276989,inf,0.0105780250845842,0.237777777777778,0.0193445023313025,0.474740740740741
10,ASEL,sensory,GS,13,17,30,37,129,166,504.0,0.0064980273845439,339.430988883516,0.0043762536923173,inf,0.0172046839720083,0.26518691588785,0.0302145230344686,0.501947040498442,ASE,Sensory neuron,GS,9,12,21,18,60,78,225.0,0.007061703596761,293.707080838987,0.0092180993295771,2.45,0.0255176732687751,0.240291262135922,0.0460184044461723,0.460881877022654,ASE,Sensory neuron,GS,5,15,20,9,51,60,101.5,0.0031856129558722,115.837664822973,0.003635605574759,inf,0.0144711273267023,0.262032085561497,0.0247923071612879,0.477361853832442
11,ASER,sensory,GS,21,17,38,78,115,193,1634.83333333333,0.0210777614467566,444.836647835025,0.0057352395223824,inf,0.0151767130063665,0.276086956521739,0.0312716054649604,0.57719806763285,ASE,Sensory neuron,GS,14,18,32,31,68,99,815.5,0.0255947523695939,737.828349451357,0.0231570004849462,2.5,0.0233291387502725,0.280287474332649,0.0446965389049232,0.435948477751756,ASE,Sensory neuron,GS,11,11,22,28,71,99,133.0,0.0041742514594187,186.443963906038,0.0058516089355984,inf,0.017548392448185,0.251101321585903,0.0347994444474251,0.516336270190896
12,ADFL,sensory,GS,10,20,30,42,136,178,652.0,0.0084061782831799,236.681081526181,0.0030515082324615,inf,0.015347717206324,0.279205607476636,0.0282432143120797,0.577239096573209,ADF,Sensory neuron,GS,5,20,25,18,54,72,229.0,0.0071872449940367,208.053737732638,0.0065298392358495,2.78333333333333,0.0155521675938936,0.175675675675676,0.0307487206380102,0.380996621621622,ADF,Sensory neuron,GS,7,15,22,20,57,77,100.0,0.0031385349318937,169.187833763816,0.0053100192631917,inf,0.0162015959416704,0.277533039647577,0.0263317775702557,0.495961820851689
13,ADFR,sensory,GS,17,22,39,48,202,250,627.0,0.0080838554962481,543.149614365658,0.0070027798969296,inf,0.0175961562419333,0.312242090784044,0.0326709259777944,0.55121235324145,ADF,Sensory neuron,GS,7,11,18,22,59,81,196.5,0.0061672211411713,153.12868977116,0.0048059974192191,2.78333333333333,0.027513658102592,0.205298013245033,0.0430012133024883,0.363520971302428,ADF,Sensory neuron,GS,6,11,17,18,45,63,138.0,0.0043311782060134,92.2264650683493,0.0028945598226209,inf,0.0160456195634073,0.24812030075188,0.0257728443571058,0.43890977443609
14,AFDL,sensory,GS,10,7,17,28,36,64,349.0,0.0044996261055671,132.976140692182,0.0017144496105332,inf,0.0182299537432807,0.481060606060606,0.0274008075834092,0.527777777777778,AFD,Sensory neuron,GS,7,3,10,21,14,35,37.0,0.0011612579248007,21.0490868121673,0.0006606329424445,2.88333333333333,0.0307742375739342,0.337209302325581,0.0385543674145735,0.414728682170543,AFD,Sensory neuron,GS,6,6,12,19,15,34,74.0,0.0023225158496014,45.4865610295732,0.0014276116072303,inf,0.0143573293736186,0.285714285714286,0.0252898013315838,0.561111111111111
15,AFDR,sensory,GS,9,4,13,46,35,81,262.0,0.0033779428070446,32.8419536933512,0.0004234284017089,inf,0.0236280601409652,0.46,0.033058692905592,0.679333333333333,AFD,Sensory neuron,GS,6,2,8,16,15,31,89.0,0.0027932960893854,11.2823206823646,0.0003540995757442,2.82142857142857,0.0473744429242959,0.5,0.0654336686458586,0.717948717948718,AFD,Sensory neuron,GS,8,2,10,22,12,34,63.0,0.001977277007093,2.75179971988795,8.6366195464439e-05,inf,0.0214249052650846,0.375,0.0277480342356211,0.513257575757576
16,AWCL,sensory,GS,12,14,26,57,67,124,405.0,0.0052216291482942,187.512618362402,0.0024175835894175,inf,0.0196200041958782,0.34012539184953,0.0314225505912694,0.585841170323929,AWC,Sensory neuron,GS,11,9,20,60,42,102,2331.83333333333,0.0731854037202101,141.096253200093,0.0044283551942782,2.69444444444444,0.0477186794354902,0.345108695652174,0.0711421097700411,0.527038043478261,AWC,Sensory neuron,GS,9,15,24,34,60,94,277.5,0.0087094344360052,627.503402983163,0.0196944135014488,inf,0.0164238333404221,0.209259259259259,0.0295570965856981,0.428024691358025
17,AWCR,sensory,GS,14,17,31,62,111,173,1186.0,0.015290993012042,294.278621870577,0.0037941082214303,inf,0.0214182035058327,0.324175824175824,0.0374891066177218,0.586813186813187,AWC,Sensory neuron,GS,6,16,22,36,67,103,1399.0,0.0439081036971941,172.07595192293,0.0054006638604899,2.7,0.0322917900352062,0.234649122807018,0.0546699739539301,0.430691311612364,AWC,Sensory neuron,GS,12,11,23,71,68,139,2646.0,0.0830456342979097,170.522992922776,0.0053519236997921,inf,0.0301122662109852,0.315040650406504,0.0525432905897242,0.606368563685637
18,ASKL,sensory,GS,9,5,14,50,48,98,246.0,0.0031716562234083,31.3166188139164,0.0004037623941352,inf,0.0331477259419556,0.385057471264368,0.0489921541704885,0.626436781609195,ASK,Sensory neuron,GS,9,8,17,17,44,61,746.166666666667,0.0234187014834808,288.189005117631,0.009044912595494,2.48138528138528,0.0291516841464526,0.285714285714286,0.0418463535453352,0.464285714285714,ASK,Sensory neuron,GS,8,12,20,27,43,70,652.5,0.020478940430607,438.830571469571,0.0137728507774016,inf,0.0145724592685546,0.202702702702703,0.023060866754696,0.371126126126126
19,ASKR,sensory,GS,7,12,19,27,55,82,302.0,0.0038936592661354,132.248974964263,0.0017050743271739,inf,0.0143317208286537,0.30952380952381,0.0242802189291071,0.558730158730159,ASK,Sensory neuron,GS,7,11,18,25,41,66,743.333333333333,0.0233297763270772,115.282412623964,0.003618178790533,2.51020733652313,0.0252285273136599,0.263333333333333,0.0369205213375227,0.401388888888889,ASK,Sensory neuron,GS,7,12,19,19,60,79,145.0,0.004550875651246,150.321197613566,0.0047178832971428,inf,0.0165249396861903,0.306060606060606,0.0288952093289247,0.568636363636363
20,ASHL,sensory,GS,10,20,30,22,141,163,134.0,0.0017276501379541,294.160957220671,0.003792591181515,inf,0.0168698209768906,0.294871794871795,0.0310015138541011,0.569017094017094,ASH,Sensory neuron,GS,7,21,28,16,77,93,391.0,0.0122716715837047,169.535302102312,0.0053209246783727,2.66154401154401,0.0213789172342592,0.268716577540107,0.0360268061717936,0.404813664596273,ASH,Sensory neuron,GS,8,23,31,17,83,100,681.666666666667,0.0213943464524094,322.266538756904,0.0101144478926905,inf,0.0093545141316985,0.183695652173913,0.0178986157425154,0.390971790890269
21,ASHR,sensory,GS,18,21,39,40,142,182,1667.0,0.0214924834326088,569.192260310005,0.007338545425724,inf,0.0146245093614668,0.309426229508197,0.0288632056806685,0.565742147922999,ASH,Sensory neuron,GS,10,17,27,16,73,89,313.416666666667,0.0098366915657104,450.435163859962,0.0141370649632779,2.53449883449883,0.0159639973065939,0.197406340057637,0.031485567689428,0.424351585014409,ASH,Sensory neuron,GS,6,24,30,10,88,98,173.5,0.0054453581068357,357.351738635497,0.0112156091468049,inf,0.0069388200636349,0.129370629370629,0.0135441746916259,0.279778554778555
22,ADLL,sensory,GS,9,24,33,19,148,167,567.333333333333,0.007314578444771,484.319687306873,0.0062442908551465,inf,0.0123407723506753,0.212237093690249,0.0250449813393575,0.499888463989803,ADL,Sensory neuron,GS,8,19,27,11,64,75,191.5,0.0060102943945766,272.545545310696,0.0085539371448966,2.54090909090909,0.0164583777575951,0.184971098265896,0.0273526193683776,0.352769749518304,ADL,Sensory neuron,GS,10,21,31,18,98,116,1710.5,0.0536846400100433,659.020408177317,0.0206835857189542,inf,0.0113039748397228,0.186274509803922,0.0206336911255254,0.406517792302106
23,ADLR,sensory,GS,17,26,43,52,155,207,1171.0,0.0150975993398829,818.56235100821,0.0105536519301747,inf,0.0143255195782595,0.265432098765432,0.0289503811956999,0.499701277297074,ADL,Sensory neuron,GS,2,14,16,4,56,60,111.0,0.0034837737744021,36.6539885070842,0.0011503982332271,2.69166666666667,0.0211066658119069,0.15546218487395,0.0273168940269976,0.217787114845938,ADL,Sensory neuron,GS,6,16,22,13,72,85,405.5,0.0127267591488293,175.987439856973,0.0055234272756566,inf,0.0130652882633035,0.177631578947368,0.0200662789772024,0.30109649122807
24,BAGL,sensory,GS,10,19,29,43,78,121,534.0,0.006884814728862,328.643616044575,0.0042371730492325,inf,0.0122696192783462,0.22875,0.0248405261027682,0.529520833333333,BAG,Sensory neuron,GS,11,7,18,38,36,74,1213.0,0.0380704287238717,101.950312152706,0.0031997461600874,3.05,0.0258855994234644,0.228476821192053,0.0410326629139331,0.399944812362031,BAG,Sensory neuron,GS,14,6,20,47,49,96,593.0,0.0186115121461302,129.524705521184,0.0040651781282149,inf,0.0167296766595515,0.23936170212766,0.029084736986215,0.447517730496454
25,BAGR,sensory,GS,13,11,24,38,75,113,256.0,0.003300585338181,213.838017435667,0.0027569946292729,inf,0.0157448191282367,0.261992619926199,0.029492958965557,0.552152521525215,BAG,Sensory neuron,GS,14,13,27,42,57,99,3483.33333333333,0.109325633460967,417.194046427994,0.0130937808809238,2.87735597735598,0.0166045902085854,0.160919540229885,0.0332165613340948,0.351388888888889,BAG,Sensory neuron,GS,12,12,24,39,74,113,1377.33333333333,0.0432280877952838,235.595476056534,0.0073942463139957,inf,0.0174952898214241,0.254612546125461,0.0316333196479504,0.508948339483395
26,URXL,sensory,GS,18,25,43,73,93,166,399.0,0.0051442716794306,994.228991243466,0.0128185063722373,inf,0.0104159954230646,0.243834080717489,0.0225237793023902,0.464804526748971,URX,Sensory neuron,GS,15,18,33,38,71,109,614.5,0.0192862971564874,843.050212071198,0.0264594253992593,2.91068931068931,0.0159327165283647,0.188824662813102,0.0339204353585721,0.416726305165611,URX,Sensory neuron,GS,10,11,21,31,66,97,1176.33333333333,0.0369196325821773,238.16163108049,0.0074747859858292,inf,0.0125994652001994,0.174757281553398,0.0208264571938404,0.347370550161812
27,URXR,sensory,GS,22,26,48,76,131,207,1089.0,0.0140403805987468,1106.99855652053,0.0142724343946847,inf,0.0093450334061074,0.191756272401434,0.0229507216369083,0.505727299880526,URX,Sensory neuron,GS,10,15,25,32,89,121,1148.0,0.0360303810181407,249.992621374853,0.0078461057490067,2.86709956709957,0.0168441617516924,0.15993265993266,0.0356620972234584,0.371097883597884,URX,Sensory neuron,GS,9,12,21,25,75,100,1053.5,0.0330644655075011,417.465626838578,0.0131023045269782,inf,0.0107651725047815,0.163414634146341,0.0170071739741334,0.284512195121951
28,ALNL,sensory,GS,4,8,12,14,21,35,0.0,0.0,33.4558678594812,0.0004313435427075,inf,0.01256491532433,0.3125,0.0198120735971611,0.489583333333333,ALN,Sensory neuron,GS,3,6,9,5,19,24,0.0,0.0,60.8733182993034,0.0019105303590265,3.53651903651904,0.018788073845607,0.257142857142857,0.0245942599521303,0.335714285714286,ALN,Sensory neuron,GS,2,6,8,4,18,22,23.0,0.0007218630343355,54.3215576709565,0.0017049010630518,inf,0.0096682269451713,0.211538461538462,0.0113228611347314,0.25
29,ALNR,sensory,GS,9,7,16,23,25,48,0.0,0.0,181.44491880921,0.0023393532762075,inf,0.0106348333554979,0.21304347826087,0.0153781499009152,0.311304347826087,ALN,Sensory neuron,GS,3,9,12,5,23,28,0.0,0.0,73.649453758014,0.0023115138333442,3.40993173493173,0.0078815241386238,0.09375,0.010581362641962,0.129557291666667,ALN,Sensory neuron,GS,3,6,9,4,18,22,2.0,6.27706986378758e-05,60.4112426226538,0.0018960279525031,inf,0.0071551483965547,0.114285714285714,0.0091656321297414,0.152380952380952
30,PLNL,sensory,GS,4,3,7,27,25,52,332.0,0.0042804466104535,10.9548233557998,0.0001412395677754,inf,0.0361197495201462,0.421052631578947,0.0500059554530421,0.603070175438596,PLN,Sensory neuron,GS,2,6,8,3,13,16,0.0,0.0,45.188938089215,0.0014182706072818,3.68687978687979,0.0070235801122597,0.0740740740740741,0.0090996331006729,0.0925925925925926,PLN,Sensory neuron,GS,3,3,6,4,18,22,3.0,9.41560479568138e-05,83.2212428711546,0.0026119277782673,inf,0.0146510191723498,0.25,0.0165301669579993,0.285714285714286
31,PLNR,sensory,GS,3,6,9,16,32,48,750.0,0.0096696836079523,36.7888212000541,0.0004743150150854,inf,0.0171327397178458,0.287878787878788,0.0216344622193704,0.348484848484849,PLN,Sensory neuron,GS,3,4,7,4,15,19,20.5,0.0006433996610382,90.5654185615698,0.0028424272977706,3.36783216783217,0.0183618845829152,0.236842105263158,0.0259359503798024,0.348684210526316,PLN,Sensory neuron,GS,1,5,6,3,21,24,109.0,0.0034210030757642,65.1346740608223,0.002044274498174,inf,0.0169305781134413,0.214285714285714,0.0206335413286023,0.267857142857143
32,SDQL,sensory,GS,6,20,26,31,60,91,1069.0,0.0137825223692014,208.538809902752,0.0026886724156513,inf,0.0101889990568887,0.224299065420561,0.0209440654665974,0.491147455867082,SDQ,Sensory neuron,GS,11,11,22,12,15,27,169.666666666667,0.0053250476011131,292.272491982757,0.0091730742571953,3.57424242424242,0.0116442406424123,0.263157894736842,0.020721221202962,0.327349290780142,SDQ,Sensory neuron,GS,4,9,13,4,13,17,0.0,0.0,37.956176903123,0.0011912678709159,inf,0.0048971379936687,0.155844155844156,0.0060527744769173,0.20021645021645
33,SDQR,sensory,GS,3,13,16,27,102,129,1051.0,0.0135504499626106,183.606677100945,0.0023672246344981,inf,0.0160220703391404,0.19327731092437,0.0271094801808317,0.365546218487395,SDQ,Sensory neuron,GS,4,13,17,5,24,29,90.5,0.0028403741133638,266.595253170666,0.008367185147532,3.21709956709957,0.009641400726813,0.18796992481203,0.0139038639367929,0.270112781954887,SDQ,Sensory neuron,GS,2,9,11,2,24,26,3.0,9.41560479568138e-05,28.7984324322967,0.0009038488617254,inf,0.0052086012748594,0.145454545454545,0.0061452854890087,0.178787878787879
34,AQR,sensory,GS,9,19,28,32,84,116,617.0,0.0079549263814754,214.642364257925,0.0027673650016493,inf,0.0179675526688857,0.347708894878706,0.0324830764112797,0.637241689128482,AQR,Sensory neuron,GS,11,17,28,19,54,73,296.833333333333,0.0093162178561714,338.486334900753,0.0106235118605472,3.08257575757576,0.0149985430137473,0.18230563002681,0.0258411408836843,0.349495723222265,AQR,Sensory neuron,GS,9,19,28,18,74,92,1115.5,0.0350103571652753,368.273369939133,0.0115583883604021,inf,0.0110725357385436,0.17379679144385,0.0172066402107662,0.307499363381716
35,ALML,sensory,GS,12,16,28,20,58,78,199.5,0.0025721358397153,542.145866572517,0.0069898386654871,inf,0.0084016369833692,0.276280323450135,0.0178681952065333,0.425291088222123,ALM,Sensory neuron,GS,4,9,13,5,26,31,64.5833333333333,0.002026970476848,125.237149846124,0.0039306116956287,3.1,0.0105584417300488,0.190789473684211,0.0132483329817036,0.239583333333333,ALM,Sensory neuron,GS,4,9,13,6,32,38,204.0,0.0064026112610633,154.549826620213,0.0048506002956566,inf,0.0075636120289671,0.177631578947368,0.0121903072459966,0.323026315789474
36,ALMR,sensory,GS,4,8,12,8,32,40,15.0,0.000193393672159,38.7033611992203,0.0004989990098143,inf,0.005347076405153,0.207692307692308,0.0100559175036189,0.358974358974359,ALM,Sensory neuron,GS,7,9,16,12,26,38,622.083333333333,0.019524302722156,310.074768466092,0.0097318049232971,3.26709956709957,0.0088890910580079,0.123931623931624,0.0126918472544147,0.179202279202279,ALM,Sensory neuron,GS,5,9,14,9,30,39,717.0,0.0225032954616785,284.185189063372,0.0089192514300223,inf,0.0071302957648624,0.160919540229885,0.0084402192737305,0.191091954022989
37,AVM,sensory,GS,3,20,23,5,91,96,69.0,0.0008896108919316,117.545901795087,0.0015155089063599,inf,0.0112697968697468,0.215139442231076,0.020493810173314,0.438877822045153,AVM,Sensory neuron,GS,7,10,17,7,42,49,195.25,0.0061279894545226,198.515444437872,0.0062304765688868,3.26709956709957,0.0189809482736797,0.235074626865672,0.0272587127848114,0.372512437810945,AVM,Sensory neuron,GS,7,12,19,7,45,52,122.833333333333,0.0038551670746762,253.936550644694,0.0079698873468299,inf,0.0113080741673934,0.248484848484848,0.0192458210851401,0.445757575757576
38,FLPL,sensory,GS,7,16,23,25,241,266,407.0,0.0052474149712488,471.930977349698,0.006084564314351,inf,0.0335381045748611,0.258064516129032,0.0458883042920056,0.39801747311828,FLP,Sensory neuron,GS,2,17,19,2,49,51,10.0,0.0003138534931893,71.3544179637417,0.0022394833332415,3.31068931068931,0.015050810872425,0.201183431952663,0.0176272957489442,0.23767258382643,FLP,Sensory neuron,GS,5,16,21,5,39,44,16.5,0.0005178582637624,241.47005889387,0.0075786221484486,inf,0.0071206439959207,0.181159420289855,0.0095602468353794,0.262882447665056
39,FLPR,sensory,GS,5,17,22,11,170,181,134.0,0.0017276501379541,948.563460161954,0.0122297447224408,inf,0.0325680259822679,0.357456140350877,0.0442777873981128,0.528764619883041,FLP,Sensory neuron,GS,2,12,14,4,40,44,41.0,0.0012867993220764,14.6483709158632,0.0004597442381477,3.4004329004329,0.0210282175560683,0.241758241758242,0.0247465203271233,0.302106227106227,FLP,Sensory neuron,GS,4,10,14,5,27,32,2.0,6.27706986378758e-05,60.0187926182053,0.0018837107720232,inf,0.0112566958104393,0.280898876404494,0.0120435716422094,0.308988764044944
40,DVA,sensory,GS,30,44,74,146,158,304,4104.5,0.0529189551584539,3657.54830443561,0.0471564465129265,inf,0.0057527872677109,0.120401337792642,0.0197738390292029,0.419812956769478,DVA,Modulatory neuron,GS,15,28,43,26,68,94,966.333333333333,0.0303287092252003,1076.81154182997,0.0337961063909976,2.88376623376623,0.0103562893859745,0.142538975501114,0.02602465433101,0.37992894262382,DVA,Modulatory neuron,GS,9,32,41,21,59,80,300.166666666667,0.0094208356872345,756.665045771389,0.0237481967789652,inf,0.0057164650857333,0.123774509803922,0.0107356145927264,0.251158380018674
41,ADEL,sensory,GS,8,36,44,48,131,179,1060.0,0.013666486165906,676.212732586272,0.0087183509010375,inf,0.0078315082094151,0.17199148029819,0.0222928644870521,0.420133667502088,ADE,Modulatory neuron,GS,7,27,34,9,62,71,262.416666666667,0.0082360387504446,550.203613273304,0.0172683325991245,2.83535353535354,0.010796817926987,0.173561151079137,0.0262840728532589,0.270477642276423,ADE,Modulatory neuron,GS,6,25,31,9,57,66,410.5,0.012883685895424,459.327918789175,0.014416167183139,inf,0.0044785783884192,0.107142857142857,0.0117671030762453,0.302984428390273
42,ADER,sensory,GS,11,25,36,36,85,121,455.5,0.0058727211778963,651.888001895421,0.0084047343015319,inf,0.0091189727039244,0.202093397745572,0.0198413522058435,0.474559082892416,ADE,Modulatory neuron,GS,6,32,38,12,75,87,163.583333333333,0.0051341200594229,468.819165507372,0.0147140532768618,2.81068931068931,0.0095905945376521,0.136103151862464,0.0227936153741828,0.350225133033156,ADE,Modulatory neuron,GS,6,29,35,12,62,74,579.5,0.0181878099303245,797.947911638455,0.0250438739450899,inf,0.0043635082925385,0.102542372881356,0.0098521630216111,0.237683615819209
43,IL2DL,sensory,GS,3,14,17,4,87,91,0.0,0.0,104.205402687773,0.0013435110323067,inf,0.015722173416271,0.294776119402985,0.0224250714085701,0.362980769230769,IL2,Sensory neuron,GS,1,15,16,1,47,48,0.0,0.0,9.03725586344378,0.0002836374321588,3.07424242424242,0.0159695506609166,0.205882352941176,0.0242068367176223,0.334733893557423,IL2,Sensory neuron,GS,2,13,15,2,71,73,13.0,0.0004080095411461,51.9779244423495,0.0016313453154965,inf,0.0088456832951671,0.120192307692308,0.0121102287365002,0.174278846153846
44,IL2DR,sensory,GS,1,12,13,5,115,120,7.0,9.02503803408886e-05,13.9889413894001,0.0001803581829942,inf,0.0176457124082053,0.227272727272727,0.0232286273773809,0.321969696969697,IL2,Sensory neuron,GS,1,11,12,1,51,52,3.0,9.41560479568138e-05,76.1795799567826,0.0023909227279135,3.02424242424242,0.0143360481334584,0.136363636363636,0.0161402712872936,0.164141414141414,IL2,Sensory neuron,GS,0,11,11,0,51,51,0.0,0.0,0.0,0.0,2.90833333333333,0.0084195528793733,0.1,0.0084195528793733,0.1
45,IL2L,sensory,GS,9,12,21,15,102,117,95.0,0.0012248265903406,277.734437430616,0.0035808055159822,inf,0.0111273008176152,0.195121951219512,0.0204870485711828,0.373252032520325,IL2,Sensory neuron,GS,7,11,18,12,35,47,1128.0,0.035402674031762,270.972683319993,0.0085045723218879,2.94924242424242,0.0146381623232957,0.184563758389262,0.020866510517691,0.265771812080537,IL2,Sensory neuron,GS,7,14,21,14,36,50,727.5,0.0228328416295273,399.692822430542,0.0125444988522548,inf,0.0048939069500227,0.112745098039216,0.008365861269078,0.207720588235294
46,IL2R,sensory,GS,6,15,21,11,87,98,14.0,0.0001805007606817,176.929674994336,0.002281138637404,inf,0.0110713536758786,0.273170731707317,0.0200705948023428,0.49130081300813,IL2,Sensory neuron,GS,10,16,26,20,35,55,883.0,0.0277132634486222,514.898449003968,0.0161602676857689,2.99090909090909,0.0106994431621782,0.17192429022082,0.0156282965013516,0.254600420609884,IL2,Sensory neuron,GS,6,14,20,16,41,57,713.5,0.0223934467390622,156.190981425949,0.0049021085125211,inf,0.0069034771546481,0.151351351351351,0.0118277392264093,0.268153153153153
47,IL2VL,sensory,GS,1,12,13,4,103,107,11.0,0.0001418220262499,20.788699708037,0.0002680268650632,inf,0.0236532592323334,0.279220779220779,0.035347202116446,0.511580086580087,IL2,Sensory neuron,GS,2,13,15,2,45,47,0.0,0.0,11.3996979409928,0.0003577835020084,3.32424242424242,0.017324903939639,0.206730769230769,0.0204439021635495,0.244391025641026,IL2,Sensory neuron,GS,1,11,12,1,51,52,0.0,0.0,7.86427870225824,0.0002468231342118,inf,0.0074582582192332,0.106060606060606,0.0085444698046237,0.132575757575758
48,IL2VR,sensory,GS,5,14,19,14,150,164,107.0,0.0013795415280678,185.590965772595,0.002392807892687,inf,0.0213165351749647,0.261904761904762,0.0347547156199881,0.487251984126984,IL2,Sensory neuron,GS,1,14,15,1,51,52,0.0,0.0,5.06128042404091,0.0001588500541096,3.52424242424242,0.0182840735832287,0.230769230769231,0.0237113624974871,0.290464743589744,IL2,Sensory neuron,GS,2,14,16,2,57,59,1.0,3.13853493189379e-05,32.2381519831724,0.0010118056613888,inf,0.0094493474803635,0.184873949579832,0.0159339755391357,0.313375350140056
49,CEPDL,sensory,GS,19,26,45,40,175,215,930.0,0.0119904076738609,1868.35487163365,0.0240885339680985,inf,0.0070676235998471,0.143660531697342,0.0193714810813454,0.400342048884994,CEP,Modulatory neuron,GS,14,21,35,29,67,96,1541.83333333333,0.0483909777582491,1120.81944708302,0.0351773098701593,3.2221361971362,0.0126869236428476,0.150170648464164,0.0286882551442604,0.364799691207541,CEP,Modulatory neuron,GS,13,16,29,32,57,89,1557.0,0.0488669888895863,561.591122573675,0.0176257335563893,inf,0.0095910951158598,0.169172932330827,0.0205253119516238,0.400187969924812
50,CEPDR,sensory,GS,13,23,36,29,147,176,841.0,0.0108429385523839,500.290436408686,0.0064502003095418,inf,0.0133574252673317,0.256019261637239,0.0263495646840714,0.501081081081081,CEP,Modulatory neuron,GS,10,23,33,30,58,88,1261.41666666667,0.0395900027200636,729.654990488731,0.0229004767587951,3.2004329004329,0.0089040785066772,0.103053435114504,0.0147554490860451,0.17970737913486,CEP,Modulatory neuron,GS,6,23,29,20,79,99,932.0,0.0292511455652501,555.028499345899,0.0174197633339369,inf,0.0067669413434435,0.101990049751244,0.0141547567139512,0.252908078654347
51,CEPVL,sensory,GS,13,21,34,44,138,182,832.0,0.0107269023490885,553.433059465064,0.0071353634442776,inf,0.0125990505396713,0.203435804701627,0.028650251724584,0.498191681735986,CEP,Modulatory neuron,GS,13,17,30,37,53,90,3574.5,0.112186931140544,650.054685568714,0.0204021933829864,3.24594572094572,0.0125518497627002,0.145348837209302,0.0258865021883657,0.314980620155039,CEP,Modulatory neuron,GS,16,20,36,32,61,93,2508.0,0.0787144560918963,819.38767000117,0.0257167682506174,inf,0.0068617322927932,0.130016051364366,0.0125839631855365,0.259818084537186
52,CEPVR,sensory,GS,19,21,40,58,122,180,2278.0,0.0293700523452206,592.825816080226,0.0076432507681625,inf,0.0075361757550391,0.153548387096774,0.0186862485554698,0.404543778801843,CEP,Modulatory neuron,GS,8,22,30,20,64,84,752.0,0.0236017826878413,490.265281948407,0.0153871471328983,3.28181818181818,0.0090305435968061,0.100694444444444,0.0143329431472475,0.168190586419753,CEP,Modulatory neuron,GS,13,21,34,30,67,97,1849.0,0.0580315108907162,963.453933876953,0.0302383382674331,inf,0.0053173753995201,0.104129263913824,0.0102475293912332,0.205071813285458
53,URYDL,sensory,GS,8,11,19,23,65,88,0.0,0.0,145.577849394201,0.0018769223252907,inf,0.0145849590770856,0.22289156626506,0.0265511297065979,0.45281124497992,URY,Sensory neuron,GS,6,12,18,8,44,52,0.0,0.0,107.829780019087,0.0033842753128832,3.25235597735598,0.0153780808527833,0.16,0.0248666456258308,0.279015873015873,URY,Sensory neuron,GS,5,14,19,6,56,62,267.0,0.0083798882681564,421.315663322646,0.0132231392669213,inf,0.009621697383411,0.154761904761905,0.0134923401769358,0.225694444444444
54,URYDR,sensory,GS,5,14,19,9,62,71,0.0,0.0,248.495302605528,0.0032038279390104,inf,0.0121034314206539,0.254437869822485,0.0198191184435607,0.456755424063116,URY,Sensory neuron,GS,3,10,13,5,43,48,2.0,6.27706986378758e-05,32.3704527369881,0.0010159579667625,3.83880286380286,0.0199516749647632,0.181818181818182,0.0331690475979569,0.327922077922078,URY,Sensory neuron,GS,6,9,15,8,43,51,28.0,0.0008787897809302,285.821993597646,0.0089706231120973,inf,0.0112396961658038,0.16504854368932,0.015203805020562,0.243932038834951
55,URYVL,sensory,GS,3,20,23,10,128,138,117.0,0.0015084706428405,84.0205174257657,0.0010832690934448,inf,0.017857161652037,0.242,0.0309350025844409,0.461333333333333,URY,Sensory neuron,GS,7,10,17,9,34,43,0.0,0.0,67.2153939536872,0.0021095786188465,3.20235597735598,0.0157355436796371,0.177777777777778,0.0239518963903724,0.275,URY,Sensory neuron,GS,8,12,20,12,54,66,14.0,0.0004393948904651,108.026449022436,0.0033904478382535,inf,0.0122358833350884,0.192513368983957,0.0185614773049712,0.326069518716578
56,URYVR,sensory,GS,9,16,25,20,138,158,0.0,0.0,329.329950352295,0.0042460218967057,inf,0.0121195462043018,0.181818181818182,0.0247149691492918,0.426732269787825,URY,Sensory neuron,GS,5,9,14,6,30,36,0.0,0.0,83.1261094618072,0.002608941982983,3.34679487179487,0.0173625541411814,0.161111111111111,0.0212281301711244,0.209722222222222,URY,Sensory neuron,GS,7,15,22,9,47,56,16.0,0.000502165589103,134.514370062471,0.0042217804928275,inf,0.0050489495858157,0.1,0.0080473618212511,0.167753623188406
57,OLLL,sensory,GS,11,16,27,44,174,218,1272.0,0.0163997833990872,416.46782782402,0.0053694828372659,inf,0.0240796910272621,0.322674418604651,0.0431653499705084,0.478968253968254,OLL,Sensory neuron,GS,9,21,30,24,109,133,2293.0,0.0719666059883246,385.791310274388,0.0121081950371724,3.07927905427905,0.0152532621426659,0.145348837209302,0.0343310880573941,0.355988372093023,OLL,Sensory neuron,GS,9,18,27,30,117,147,1399.0,0.0439081036971941,269.073742992244,0.0084449734163656,inf,0.0128428625424045,0.178260869565217,0.0244484589486355,0.39494708994709
58,OLLR,sensory,GS,19,21,40,63,159,222,1258.0,0.0162192826384054,683.434198800145,0.008811456625669,inf,0.0133801473141736,0.256827048114434,0.0262472607808411,0.464357864357864,OLL,Sensory neuron,GS,9,18,27,27,104,131,831.5,0.0260969179586969,332.870538363684,0.0104472581245271,3.19090909090909,0.0156859875581275,0.148414985590778,0.0352590294159955,0.378818443804035,OLL,Sensory neuron,GS,6,14,20,33,115,148,1744.0,0.0547360492122277,244.480921731424,0.0076731191303566,inf,0.01745178983035,0.203208556149733,0.0292402043816375,0.374955436720143
59,OLQDL,sensory,GS,5,10,15,62,40,102,13.0,0.0001676078492045,52.8145360726312,0.0006809331382975,inf,0.0121646184018628,0.191176470588235,0.0217880956483417,0.370296451914099,OLQ,Sensory neuron,GS,6,9,15,28,22,50,1074.0,0.0337078651685393,232.865057739488,0.0073085511813284,3.14924242424242,0.0167759780040346,0.191176470588235,0.0203787964069696,0.241830065359477,OLQ,Sensory neuron,GS,5,12,17,23,26,49,362.0,0.0113614964534555,240.701194896506,0.0075544910833125,inf,0.0092669687252383,0.200757575757576,0.0161005175870645,0.364583333333333
60,OLQDR,sensory,GS,10,8,18,49,28,77,15.0,0.000193393672159,80.6803247810832,0.0010402042853598,inf,0.0108998090106265,0.220394736842105,0.019879859636264,0.426315789473684,OLQ,Sensory neuron,GS,5,10,15,25,21,46,326.5,0.0102473165526332,51.1450085568238,0.0016052039594759,3.15757575757576,0.0196923103578307,0.242718446601942,0.0306381810329374,0.37831715210356,OLQ,Sensory neuron,GS,6,8,14,24,17,41,319.0,0.0100119264327412,113.400333987226,0.0035591090950733,inf,0.007149187529088,0.138888888888889,0.0118505266388942,0.242592592592593
61,OLQVL,sensory,GS,13,8,21,80,45,125,12.0,0.0001547149377272,214.610872835855,0.0027669589855322,inf,0.0115120249652683,0.193236714975845,0.0234244687765093,0.422705314009662,OLQ,Sensory neuron,GS,7,7,14,29,19,48,145.0,0.004550875651246,48.3828553667574,0.0015185128167333,3.44924242424242,0.0153786784996905,0.166666666666667,0.0232282983828015,0.244907407407407,OLQ,Sensory neuron,GS,8,8,16,22,19,41,521.5,0.0163674596698261,161.466738243682,0.0050676899831674,inf,0.0048772990994957,0.126050420168067,0.0065626129263046,0.171918767507003
62,OLQVR,sensory,GS,12,8,20,70,80,150,3019.0,0.0389236997498775,103.758410511567,0.0013377480017478,inf,0.0152582465243026,0.209677419354839,0.0299904048723255,0.445250896057348,OLQ,Sensory neuron,GS,7,9,16,22,19,41,355.5,0.0111574916828824,93.7792916958535,0.0029432958287569,3.32424242424242,0.0115997891618081,0.182203389830508,0.0187310349635873,0.280054479418886,OLQ,Sensory neuron,GS,8,8,16,28,22,50,303.5,0.0095254535182976,187.912250271433,0.0058976916160766,inf,0.008387129023501,0.175213675213675,0.0130369558235966,0.281410256410256
63,IL1DL,sensory,GS,6,6,12,56,29,85,567.0,0.0073102808076119,75.8738867203723,0.0009782353049221,inf,0.0225458587921663,0.2578125,0.0251339845805494,0.309895833333333,IL1,Motor neuron,GS,9,5,14,25,19,44,191.0,0.0059946017199171,121.943760226405,0.0038272475119705,4.0770313020313,0.0246296620639909,0.202247191011236,0.0289462149025076,0.234082397003745,IL1,Motor neuron,GS,6,8,14,25,19,44,334.0,0.0104827066725253,194.70789946648,0.0061109754399121,inf,0.0149893198859321,0.224719101123595,0.0255430522131872,0.427996254681648
64,IL1DR,sensory,GS,11,10,21,64,95,159,867.0,0.0111781542507929,480.239112984367,0.00619168037163,inf,0.0250068198026976,0.396039603960396,0.044001456068101,0.475711382113821,IL1,Motor neuron,GS,7,4,11,20,9,29,65.5,0.0020557403803904,61.5216458586069,0.0019308783459483,4.27021312021312,0.0220013829740894,0.235849056603774,0.0228540489625725,0.221698113207547,IL1,Motor neuron,GS,8,5,13,32,21,53,269.0,0.0084426589667943,59.8668755992895,0.0018789428033171,inf,0.0166263230673557,0.203947368421053,0.0199668568467155,0.25219298245614
65,IL1L,sensory,GS,9,12,21,33,76,109,277.0,0.0035713364792037,325.688463769549,0.0041990725325487,inf,0.0146942475547637,0.278325123152709,0.025797817556388,0.488136288998358,IL1,Motor neuron,GS,10,11,21,17,30,47,165.5,0.0051942753122842,251.644049425476,0.0078979363952506,3.85620213120213,0.0190800775988295,0.228365384615385,0.0332687975522696,0.43075206043956,IL1,Motor neuron,GS,10,8,18,12,16,28,0.0,0.0,85.1854136192956,0.0026735739633198,inf,0.0095592847898154,0.230263157894737,0.0151313193270972,0.379111842105263
66,IL1R,sensory,GS,14,12,26,36,77,113,1236.0,0.0159356385859055,247.237063923621,0.0031876055790673,inf,0.0139168759225053,0.2609375,0.0278319144446726,0.562083333333333,IL1,Motor neuron,GS,10,13,23,16,30,46,200.5,0.006292762538447,765.556091252714,0.0240272453472071,3.89857729989309,0.0155754661758955,0.192771084337349,0.0272305817799114,0.373125836680054,IL1,Motor neuron,GS,12,12,24,21,24,45,178.0,0.0055865921787709,689.710135274498,0.0216467935244021,inf,0.0093604242730221,0.195970695970696,0.0195757518705692,0.44212308855166
67,IL1VL,sensory,GS,7,10,17,60,66,126,90.0,0.0011603620329542,118.733599499554,0.0015308217877253,inf,0.0307882333337291,0.390977443609023,0.0452081542082198,0.509708737864078,IL1,Motor neuron,GS,8,5,13,20,15,35,59.0,0.0018517356098173,45.1306647671203,0.0014164416787119,4.27021312021312,0.0209375497341749,0.24025974025974,0.025290503227199,0.302489177489178,IL1,Motor neuron,GS,7,6,13,22,18,40,166.5,0.0052256606616031,110.436479575082,0.0034660874890177,inf,0.0120788383715712,0.177631578947368,0.0140892930864245,0.221491228070175
68,IL1VR,sensory,GS,8,8,16,63,77,140,357.0,0.0046027693973853,76.6127463305901,0.0009877613564708,inf,0.0276217007090351,0.310344827586207,0.0449276292683675,0.557471264367816,IL1,Motor neuron,GS,9,4,13,17,13,30,127.0,0.0039859393635051,35.5877723858529,0.0011169346678128,4.18255078255078,0.0224247588658452,0.285714285714286,0.0267065815487124,0.361471861471861,IL1,Motor neuron,GS,9,3,12,22,7,29,9.0,0.0002824681438704,27.5788843751797,0.0008655729199416,inf,0.0130475447239957,0.234848484848485,0.0167358299594713,0.313131313131313
69,AINL,interneuron,GS,7,13,20,8,45,53,89.0,0.001147469121477,258.079670609388,0.0033273983472497,inf,0.0055005345619187,0.165775401069519,0.0104002595177638,0.306932773109244,AIN,Interneuron,GS,2,13,15,3,33,36,7.0,0.0002196974452325,80.1553569914788,0.0025157038789617,2.96428571428571,0.0147919305317318,0.1875,0.0294084374698764,0.373958333333333,AIN,Interneuron,GS,3,14,17,3,41,44,2.0,6.27706986378758e-05,124.385739729262,0.0039038898916973,inf,0.0096354765824626,0.17910447761194,0.01657323574019,0.32089552238806
70,AINR,interneuron,GS,4,18,22,7,53,60,0.0,0.0,135.415598386639,0.0017459013226404,inf,0.0087990536168615,0.275330396475771,0.0162735229275722,0.336936592818946,AIN,Interneuron,GS,1,12,13,1,42,43,0.0,0.0,32.4476320126163,0.0010183802652883,2.96666666666667,0.01884834762325,0.16025641025641,0.0324303424039496,0.290598290598291,AIN,Interneuron,GS,6,12,18,9,33,42,67.6666666666667,0.0021237419705814,277.395658326265,0.0087061596361265,inf,0.0064606293103077,0.125827814569536,0.0122094605398594,0.252152317880795
71,AIML,interneuron,GS,8,18,26,20,59,79,623.0,0.008032283850339,356.576127370642,0.0045973044450973,inf,0.0089964628252662,0.233438485804416,0.018169169595302,0.508964248159832,AIM,Modulatory neuron,GS,2,21,23,7,49,56,493.166666666667,0.0154782081057895,279.963528606475,0.0087867531418767,2.33333333333333,0.0099535228308388,0.125,0.0159684370253579,0.209490740740741,AIM,Modulatory neuron,GS,5,15,20,8,41,49,472.0,0.0148138848785387,390.959518851586,0.0122704010687209,inf,0.0082495232314979,0.163101604278075,0.0154782395434135,0.350311942959002
72,AIMR,interneuron,GS,8,23,31,17,66,83,370.5,0.0047768237023284,354.487087467969,0.0045703706385597,inf,0.0086419871287721,0.257608695652174,0.0186481158437764,0.47327943615257,AIM,Modulatory neuron,GS,8,17,25,14,32,46,189.0,0.0059318310212792,237.074723253106,0.0074406730039892,2.59090909090909,0.01527920764852,0.264406779661017,0.0301311226666502,0.415796519410977,AIM,Modulatory neuron,GS,6,18,24,18,42,60,119.5,0.003750549243613,306.816444719505,0.0096295412943162,inf,0.006453265975155,0.134191176470588,0.0111092853601305,0.239185049019608
73,RIH,interneuron,GS,24,29,53,110,266,376,4429.0,0.0571027049328279,2413.317934263,0.0311146944929605,inf,0.008813253634618,0.115553925165077,0.0244072596638492,0.369534989344234,RIH,Interneuron,GS,14,33,47,37,107,144,2206.66666666667,0.0692570041637897,1438.36303817035,0.0451435264004252,2.82424242424242,0.0088425775823139,0.0982309124767225,0.0252286159781334,0.292018045579498,RIH,Interneuron,GS,12,26,38,39,102,141,1976.5,0.0620331429288808,823.675179045425,0.0258513332196794,inf,0.0068709388395309,0.112625538020086,0.0180450658042219,0.323590899774544
74,URBL,interneuron,GS,5,16,21,17,62,79,98.0,0.0012635053247724,204.37506844223,0.0026349896655866,inf,0.010175696034162,0.285024154589372,0.018895717330855,0.428085376162299,URB,Sensory neuron,GS,3,21,24,5,46,51,236.0,0.0074069424392693,65.9376671073409,0.0020694767154397,3.0015984015984,0.013563150627162,0.203296703296703,0.0262573390289354,0.416361416361416,URB,Sensory neuron,GS,6,19,25,9,40,49,146.0,0.0045822610005649,161.097528085768,0.0050561021933892,inf,0.0072947440521645,0.202702702702703,0.0136194320997762,0.368524774774775
75,URBR,interneuron,GS,9,24,33,38,71,109,216.0,0.0027848688790902,209.623575826184,0.0027026582066757,inf,0.0097110974934523,0.238003838771593,0.0189609766761993,0.501615483045426,URB,Sensory neuron,GS,4,16,20,6,41,47,2.5,7.84633732973448e-05,37.1972625122478,0.0011674490776551,2.99209956709957,0.0162617190825218,0.223404255319149,0.0289577464699216,0.41334219858156,URB,Sensory neuron,GS,3,12,15,8,24,32,874.0,0.0274307953047517,115.564722147258,0.0036270391735377,inf,0.0080931494858472,0.199029126213592,0.0146123675551537,0.360355987055016
76,RIR,interneuron,GS,21,26,47,70,103,173,1851.0,0.0238647791444264,905.496650343737,0.0116744881558461,inf,0.0099679583252635,0.21087160262418,0.0233104342178252,0.532286785379569,RIR,Interneuron,GS,13,20,33,34,77,111,1556.33333333333,0.0488460653233737,731.218351024469,0.0229495433753207,2.74924242424242,0.0210486101412005,0.201348747591522,0.0434809338211428,0.461560693641619,RIR,Interneuron,GS,15,20,35,54,79,133,2518.33333333333,0.079038771368192,663.965552005748,0.0208387907854418,inf,0.0122529592313462,0.184931506849315,0.0253365972313037,0.420450097847358
77,AIYL,interneuron,GS,12,12,24,121,191,312,2244.0,0.0289316933549934,326.737433201575,0.0042125968025782,inf,0.0282191804486072,0.283333333333333,0.046753581610112,0.512746913580247,AIY,Interneuron,GS,13,5,18,61,22,83,480.5,0.0150806603477497,172.984060248065,0.0054291651574937,2.8,0.0291344541394838,0.246710526315789,0.0544148152021988,0.495888157894737,AIY,Interneuron,GS,11,15,26,61,33,94,666.0,0.0209026426464127,415.837789719328,0.0130512142903562,inf,0.0132661889706267,0.215625,0.0282510704059479,0.493385416666667
78,AIYR,interneuron,GS,12,14,26,130,202,332,1636.0,0.0210928031768134,274.431153352194,0.0035382165667748,inf,0.0234406551095643,0.292452830188679,0.0414049477535577,0.596305031446541,AIY,Interneuron,GS,10,12,22,57,41,98,753.0,0.0236331680371603,300.556776891751,0.0094330794329217,2.75,0.0286868595765356,0.245575221238938,0.0471771711070737,0.459992625368731,AIY,Interneuron,GS,12,9,21,65,28,93,958.0,0.0300671646475425,211.507755928992,0.006638244803496,inf,0.0180259130579113,0.290243902439024,0.0325888300563721,0.550691056910569
79,AIAL,interneuron,GS,22,18,40,195,101,296,4957.33333333334,0.0639144598299855,528.867849772251,0.0068186463702876,inf,0.0143805590685404,0.229465449804433,0.0302436298786447,0.540993046501521,AIA,Interneuron,GS,18,10,28,106,32,138,3035.83333333333,0.0952806896407424,856.958009915186,0.02689592649285,2.7,0.0275955137082098,0.243243243243243,0.0532237186526554,0.512950450450451,AIA,Interneuron,GS,20,9,29,113,37,150,3702.0,0.116188563178708,447.011239330684,0.0140296038958849,inf,0.0180785346227889,0.23375,0.0348952392356979,0.522041666666667
80,AIAR,interneuron,GS,15,13,28,189,89,278,3315.0,0.0427400015471494,260.41549732554,0.0033575139543273,inf,0.0296496447915616,0.420980926430518,0.0504541172300558,0.544444444444444,AIA,Interneuron,GS,17,10,27,108,30,138,2775.66666666667,0.0871152679262654,540.915811474935,0.0169768316952776,2.58333333333333,0.025143931331196,0.21304347826087,0.0532597878354988,0.500434782608696,AIA,Interneuron,GS,18,10,28,123,43,166,3614.66666666667,0.113447576004854,651.688570174587,0.0204534734220886,inf,0.0171880945031847,0.207547169811321,0.0315092657777816,0.432434860736748
81,AUAL,interneuron,GS,8,12,20,50,89,139,326.0,0.0042030891415899,158.26652241722,0.0020405162633405,inf,0.0256673314477832,0.359459459459459,0.0388708196354449,0.587387387387387,AUA,Sensory neuron,GS,7,7,14,35,60,95,211.0,0.0066223087062959,35.7164033321141,0.0011209717949944,3.04781052281052,0.035207097615891,0.202247191011236,0.0448974328787543,0.267322097378277,AUA,Sensory neuron,GS,9,9,18,27,63,90,509.333333333333,0.0159856045864457,211.219388789667,0.0066291943000962,inf,0.0186468985877464,0.26510067114094,0.0289045484755567,0.457046979865772
82,AUAR,interneuron,GS,10,10,20,51,80,131,892.0,0.0115004770377247,313.866248310869,0.0040466497551748,inf,0.0237080675358811,0.364130434782609,0.0356140597053493,0.593478260869565,AUA,Sensory neuron,GS,11,6,17,42,54,96,63.0,0.001977277007093,43.8114723113851,0.0013750383626698,3.13852813852814,0.0254981049802995,0.183823529411765,0.0358512062157251,0.316850490196078,AUA,Sensory neuron,GS,10,6,16,33,57,90,122.0,0.0038290126169104,157.014619606643,0.0049279586845346,inf,0.0189231364903065,0.252136752136752,0.0298712203740947,0.427991452991453
83,AIZL,interneuron,GS,23,20,43,216,248,464,6910.33333333334,0.0890943159450934,804.773600246444,0.0103758747872211,inf,0.0156336767754652,0.193512304250559,0.0350409111563657,0.46939783743475,AIZ,Interneuron,GS,12,15,27,70,102,172,3428.5,0.107604670139979,453.035882413917,0.0142186894235741,2.7,0.0229230387374302,0.165229885057471,0.047534998797938,0.359425173326035,AIZ,Interneuron,GS,19,20,39,94,132,226,4029.5,0.12646726508066,903.891162218534,0.0283689398725295,inf,0.0127977631964295,0.16508152173913,0.0282980788648148,0.397780797101449
84,AIZR,interneuron,GS,18,16,34,206,187,393,4810.0,0.0620149042056677,589.17660968965,0.0075962018732065,inf,0.0202789660994531,0.232851985559567,0.0429674185536144,0.526594464500602,AIZ,Interneuron,GS,16,16,32,78,97,175,2652.5,0.0832496390684828,830.490917994481,0.0260652475674622,2.75,0.0192203802555721,0.164300202839757,0.0437602591239342,0.387707669274606,AIZ,Interneuron,GS,14,17,31,73,111,184,3660.0,0.114870378507313,544.768000759691,0.0170977340016223,inf,0.0144207233757566,0.195652173913043,0.0324167287686483,0.453242753623188
85,RIS,interneuron,GS,19,26,45,40,184,224,1748.5,0.0225432557180062,1281.39734805284,0.0165209425756535,inf,0.0130477592854603,0.251533742331288,0.0278070721455202,0.497673766816144,RIS,Modulatory neuron,GS,13,22,35,19,97,116,1331.0,0.0417738999435064,1260.35022218368,0.0395565319874358,3.07424242424242,0.0159730107167781,0.162969283276451,0.0333532851672211,0.378299203640501,RIS,Modulatory neuron,GS,17,24,41,32,102,134,1533.5,0.0481294331805913,918.466961107912,0.0288264064122752,inf,0.0109458557118933,0.194204685573366,0.0232744738095499,0.46575215782984
86,ALA,interneuron,GS,5,8,13,12,172,184,189.0,0.0024367602692039,207.367070797269,0.0026735652870899,inf,0.0106875661904591,0.149350649350649,0.014412944509775,0.222294372294372,ALA,Modulatory neuron,GS,1,5,6,1,10,11,0.0,0.0,15.667733339899,0.0004917372839087,3.54090909090909,0.0066245463001079,0.166666666666667,0.0078634500022758,0.2,ALA,Modulatory neuron,GS,4,4,8,4,6,10,0.0,0.0,24.4365626643034,0.0007669500553732,inf,0.0029906302876682,0.0892857142857143,0.003726017678226,0.113095238095238
87,PVQL,interneuron,GS,9,11,20,48,40,88,156.0,0.002011294190454,235.669564451777,0.0030384668323635,inf,0.0101608192289419,0.232620320855615,0.0166873850398069,0.386363636363636,PVQ,Modulatory neuron,GS,7,6,13,18,17,35,448.25,0.0140684828322139,250.642701224632,0.0078665087321772,2.54487734487734,0.0125009119780828,0.155844155844156,0.0154291462563583,0.211038961038961,PVQ,Modulatory neuron,GS,7,7,14,21,25,46,307.666666666667,0.0096562258071265,104.018935861619,0.0032646706378011,inf,0.014768476788778,0.284090909090909,0.0249821064889545,0.54157196969697
88,PVQR,interneuron,GS,12,18,30,38,44,82,246.0,0.0031716562234083,705.139928075776,0.0090913066717693,inf,0.0043776936134132,0.145161290322581,0.0115632366125192,0.385802062760588,PVQ,Modulatory neuron,GS,3,11,14,15,24,39,173.0,0.0054296654321762,218.966220686471,0.0068723313252925,2.59090909090909,0.0199233953883559,0.292134831460674,0.0341710918941755,0.508426966292135,PVQ,Modulatory neuron,GS,6,9,15,18,29,47,214.5,0.0067321574289121,133.6650231486,0.0041951234432427,inf,0.0168072820591239,0.36,0.026951354903364,0.608666666666667
89,ADAL,interneuron,GS,16,21,37,39,91,130,301.0,0.0038807663546582,635.189440316731,0.0081894412253001,inf,0.0116839530143035,0.247727272727273,0.0214699783658166,0.449067796610169,ADA,Interneuron,GS,19,13,32,27,42,69,333.833333333333,0.0104774757809721,1076.71896535402,0.0337932008459615,2.93376623376623,0.0113618194317855,0.163265306122449,0.0189555189982821,0.287638483965014,ADA,Interneuron,GS,14,14,28,25,54,79,300.0,0.0094156047956813,487.112800762432,0.0152882054096551,inf,0.0062586229668618,0.13262599469496,0.0110104395866835,0.260035366931919
90,ADAR,interneuron,GS,16,18,34,46,97,143,1798.0,0.0231814548361311,436.110227856182,0.0056227305620817,inf,0.010478207356624,0.201077199281867,0.0228076565306364,0.479787552363854,ADA,Interneuron,GS,10,19,29,17,46,63,309.833333333333,0.0097242273973176,645.993076321377,0.0202747183579617,3.5011655011655,0.0109269697615321,0.150872817955112,0.0206330006156616,0.315666191663698,ADA,Interneuron,GS,11,11,22,17,51,68,285.5,0.0089605172305567,130.154181210723,0.0040849344426189,inf,0.0061632041039396,0.128260869565217,0.0090902772886867,0.195471014492754
91,RIFL,interneuron,GS,10,7,17,30,56,86,549.0,0.0070782084010211,60.7132583221404,0.0007827706650439,inf,0.012013423651076,0.259259259259259,0.0236683752672871,0.514691358024691,RIF,Interneuron,GS,6,15,21,9,48,57,329.666666666667,0.0103467034921432,118.225960976533,0.0037105630838156,2.5,0.0134743863510626,0.198067632850242,0.0230624141530679,0.340177133655395,RIF,Interneuron,GS,9,14,23,12,37,49,272.0,0.0085368150147511,347.584436619331,0.0109090589611239,inf,0.0066836806730406,0.168,0.0123710331862483,0.33902380952381
92,RIFR,interneuron,GS,14,20,34,41,83,124,257.0,0.0033134782496583,456.220394005869,0.0058820091540428,inf,0.0094732731604058,0.244144144144144,0.0202428370854657,0.548678678678679,RIF,Interneuron,GS,10,17,27,17,36,53,331.083333333333,0.010391166070345,1289.28125263327,0.040464542484253,2.95757575757576,0.0124159368430276,0.192753623188406,0.0220419890602546,0.367584541062802,RIF,Interneuron,GS,9,10,19,15,38,53,581.833333333333,0.0182610424120687,267.988056858357,0.0084108987778029,inf,0.0073405288461175,0.188622754491018,0.0124080516880896,0.308832335329341
93,BDUL,interneuron,GS,6,12,18,28,33,61,394.5,0.0050862535777829,278.219233713668,0.0035870559515441,inf,0.0075981181732873,0.208053691275168,0.0124316964062574,0.332774049217002,BDU,Interneuron,GS,8,13,21,20,20,40,209.333333333333,0.0065699997907643,336.892935593573,0.0105735024666867,3.0,0.0086506292322459,0.159420289855072,0.0173708727418,0.319283413848631,BDU,Interneuron,GS,6,14,20,21,20,41,336.5,0.0105611700458226,339.705596891042,0.0106617788240237,inf,0.0066024787544309,0.184491978609626,0.0109920597577862,0.307932263814617
94,BDUR,interneuron,GS,7,13,20,31,56,87,365.5,0.0047123591449421,218.088682609978,0.0028117980790848,inf,0.0086978160973113,0.188172043010753,0.0136486155387131,0.299283154121864,BDU,Interneuron,GS,5,10,15,18,27,45,743.0,0.0233193145439709,415.989962318582,0.0130559902805405,3.1004329004329,0.0201328381644548,0.232673267326733,0.0345900209764843,0.406353135313531,BDU,Interneuron,GS,8,8,16,25,23,48,823.666666666667,0.0258510660556985,130.09264225701,0.0040830030210598,inf,0.01297394975568,0.292035398230089,0.0248962608345032,0.587315634218289
95,PVR,interneuron,GS,17,29,46,42,147,189,1382.5,0.0178244501173255,1926.68755878931,0.0248406121398276,inf,0.0061193175971709,0.146116504854369,0.0161916824897962,0.261578707916287,PVR,Interneuron,GS,7,10,17,8,55,63,130.25,0.0040879417487916,406.542686497372,0.0127594842287795,4.32424242424242,0.0073415486785473,0.075187969924812,0.008260472967966,0.0858395989974937,PVR,Interneuron,GS,6,9,15,7,54,61,51.0,0.0016006528152658,397.596109585074,0.0124786927871783,inf,0.0043026020066078,0.0721153846153846,0.0046798275911611,0.0793269230769231
96,AVFL,interneuron,GS,15,23,38,48,54,102,289.0,0.0037260514169309,809.73105809488,0.0104397908524133,inf,0.0070703241538481,0.199134199134199,0.0148675202858451,0.468157768157768,AVF,Modulatory neuron,GS,7,11,18,10,20,30,47.0,0.00147511141799,96.3732869681487,0.0030247092765096,2.5,0.0140413149359632,0.273333333333333,0.0239241161306018,0.474111111111111,AVF,Modulatory neuron,GS,8,13,21,16,19,35,83.3333333333333,0.0026154457765781,279.804628094147,0.0087817659937903,inf,0.0069214280392435,0.198067632850242,0.0135642924861707,0.404227053140097
97,AVFR,interneuron,GS,12,22,34,38,52,90,238.666666666667,0.0030771082059083,593.948406949992,0.0076577242328716,inf,0.0088632071083822,0.246835443037975,0.0164894069449406,0.502630672522174,AVF,Modulatory neuron,GS,9,15,24,16,18,34,171.083333333333,0.0053695101793149,301.922603615504,0.0094759463817558,2.83333333333333,0.0094215132566525,0.192307692307692,0.0187551166667955,0.391928309785453,AVF,Modulatory neuron,GS,10,18,28,17,30,47,430.166666666667,0.0135009310986965,699.981352434548,0.0219691592629009,inf,0.0061130374628988,0.180592991913747,0.0125170456536643,0.373764600179695
98,AVHL,interneuron,GS,17,24,41,37,48,85,520.5,0.0067107604239189,666.070785259771,0.0085875916719498,inf,0.0056066160565083,0.192355117139334,0.0125317858851829,0.442200986436498,AVH,Modulatory neuron,GS,6,17,23,9,28,37,180.333333333333,0.0056598246605151,186.502822878222,0.005853456245001,3.03333333333333,0.0095021741343851,0.15,0.015786731281589,0.263133333333333,AVH,Modulatory neuron,GS,7,11,18,10,24,34,166.0,0.0052099679869436,223.946036041953,0.0070286245697681,inf,0.0062906340590528,0.161073825503356,0.0108616598267892,0.279753914988814
99,AVHR,interneuron,GS,17,19,36,26,46,72,31.5,0.0004061267115339,569.399502592796,0.0073412173821303,inf,0.0055363251791524,0.197115384615385,0.0129661346141825,0.482259233821734,AVH,Modulatory neuron,GS,7,23,30,13,35,48,396.666666666667,0.012449521896512,607.958126598533,0.019080978174582,2.99924242424242,0.0080745176542126,0.135198135198135,0.0152384093849309,0.258663558663559,AVH,Modulatory neuron,GS,10,17,27,12,37,49,95.8333333333333,0.0030077626430648,307.95186445174,0.009665176839236,inf,0.0066820043717461,0.181556195965418,0.0135402728376675,0.402209414024976
100,PVPL,interneuron,GS,15,13,28,45,64,109,468.0,0.0060338825713622,527.626422978711,0.006802640764533,inf,0.0110913157419466,0.220430107526882,0.02063543272912,0.471370967741935,PVP,Interneuron,GS,7,13,20,12,34,46,317.0,0.0099491557341033,244.9166291222,0.007686793959017,3.0,0.0153247198775157,0.234042553191489,0.0258781835664756,0.412012411347518,PVP,Interneuron,GS,5,15,20,13,36,49,41.3333333333333,0.0012972611051827,152.336266109421,0.0047811269257868,inf,0.0112951360153831,0.241935483870968,0.016889686071235,0.386872759856631
101,PVPR,interneuron,GS,17,21,38,29,76,105,165.5,0.0021337768494881,660.834093217843,0.0085200754650195,inf,0.0097875585214332,0.256834532374101,0.019996371414535,0.563057553956835,PVP,Interneuron,GS,7,12,19,11,28,39,24.3333333333333,0.0007637101667608,128.696403489732,0.0040391815796162,3.58257575757576,0.0142330680896429,0.205882352941176,0.0240077717487373,0.374362745098039,PVP,Interneuron,GS,4,14,18,8,32,40,67.0,0.0021028184043688,85.656645769745,0.0026883637489719,inf,0.0108666564310542,0.23489932885906,0.0164228707067788,0.374720357941835
102,PVNL,interneuron,GS,10,22,32,26,89,115,97.0,0.0012506124132951,404.099103044378,0.0052100139635952,inf,0.010790454699266,0.228571428571429,0.02224933353711,0.516581632653061,PVN,Modulatory neuron,GS,14,13,27,20,18,38,166.583333333333,0.0052282761073797,314.058403310409,0.009856832694445,3.13578643578644,0.0095482899242811,0.186781609195402,0.020420713336994,0.415205938697318,PVN,Modulatory neuron,GS,5,6,11,14,13,27,73.5,0.0023068231749419,16.7163078521398,0.0005246471612623,inf,0.0175153058468076,0.403846153846154,0.0275898470646733,0.631410256410256
103,PVNR,interneuron,GS,16,33,49,45,74,119,614.0,0.0079162476470436,3525.67459082276,0.0454562103971373,inf,0.0049806306607438,0.164102564102564,0.0143372129081813,0.39749900424854,PVN,Modulatory neuron,GS,11,8,19,16,12,28,111.916666666667,0.0035125436779444,317.600585246301,0.0099680053118542,3.43376623376623,0.0130680107403113,0.25,0.0245416305866138,0.473092369477912,PVN,Modulatory neuron,GS,9,10,19,15,19,34,68.5,0.0021498964283472,319.720749979689,0.0100345474226253,inf,0.0103340225538615,0.263636363636364,0.0193673560388493,0.516818181818182
104,RIBL,interneuron,GS,23,17,40,218,82,300,2441.5,0.0314780433717542,645.799597075086,0.0083262370371455,inf,0.0136569453619061,0.185064935064935,0.033052758119204,0.49525974025974,RIB,Interneuron,GS,17,19,36,100,48,148,3958.83333333333,0.124249367062122,813.406755100579,0.0255290551472155,3.00235597735598,0.0170166192402589,0.158064516129032,0.039018295174203,0.384621735791091,RIB,Interneuron,GS,19,20,39,126,56,182,2070.0,0.0649676730902015,737.027561276118,0.0231318674683359,inf,0.0151872405983176,0.213013698630137,0.0328023006787961,0.480034246575342
105,RIBR,interneuron,GS,21,20,41,226,61,287,331.0,0.0042675536989763,774.643671011744,0.0099874122767817,inf,0.0130198852547068,0.214727722772277,0.0307227899805752,0.515831270627063,RIB,Interneuron,GS,17,15,32,90,38,128,1397.0,0.0438453329985563,605.612476787124,0.0190073591358711,3.09679487179487,0.0168448708289757,0.147540983606557,0.0337025936781855,0.33041081186573,RIB,Interneuron,GS,19,19,38,116,48,164,1038.5,0.032593685267717,1003.92714170219,0.0315086040330861,inf,0.0114051258915402,0.174820143884892,0.0258874404304529,0.428433538883179
106,RIGL,interneuron,GS,20,19,39,89,106,195,1910.0,0.0246254609215853,1288.73596219475,0.0166155586781511,inf,0.0088379173479195,0.185362517099863,0.0213835331839495,0.468217054263566,RIG,Interneuron,GS,8,22,30,46,71,117,2969.66666666667,0.0932040256941393,502.586746464558,0.0157738606008586,2.71068931068931,0.0164428204231103,0.149305555555556,0.0344515527755487,0.328644455467372,RIG,Interneuron,GS,16,20,36,61,70,131,2269.0,0.0712133576046701,694.290709253181,0.0217905564388042,inf,0.0114149847498831,0.170144462279294,0.02368485727093,0.391047542612551
107,RIGR,interneuron,GS,15,19,34,109,89,198,1308.5,0.0168703746680075,815.754912309949,0.0105174558715602,inf,0.0103762271315963,0.17057761732852,0.0248396694968227,0.440998366855767,RIG,Interneuron,GS,18,17,35,60,59,119,1826.0,0.0573096478563806,978.204791412834,0.0307012990839506,2.85,0.0132372959276255,0.136752136752137,0.0271459176266878,0.298005698005698,RIG,Interneuron,GS,15,20,35,62,67,129,1938.0,0.0608248069801017,908.880418354403,0.0285255294191954,inf,0.009739348913836,0.155612244897959,0.0233641850675673,0.400850340136054
108,RMGL,interneuron,GS,20,30,50,57,90,147,218.0,0.0028106547020448,1479.11162754338,0.0190700552789172,inf,0.0048921811719891,0.131773399014778,0.015159587190139,0.446565407772304,RMG,Modulatory neuron,GS,9,24,33,13,45,58,180.5,0.0056650555520682,882.974337259083,0.027712458014534,3.33333333333333,0.0110851169422605,0.191428571428571,0.0232257314760907,0.302098546402002,RMG,Modulatory neuron,GS,10,20,30,13,33,46,150.833333333333,0.0047339568556064,856.352185418426,0.0268769124793932,inf,0.0024909042903898,0.0706018518518518,0.0039393783477781,0.11880787037037
109,RMGR,interneuron,GS,13,27,40,39,100,139,14.0,0.0001805007606817,611.905166731815,0.0078892391471573,inf,0.0070499207143217,0.180699481865285,0.017483953323331,0.483193005181347,RMG,Modulatory neuron,GS,12,20,32,19,31,50,283.25,0.0088899001945891,1127.69302653595,0.0353930395623611,3.03449883449883,0.0074046809591249,0.125,0.0158732828449865,0.268698783714028,RMG,Modulatory neuron,GS,7,17,24,8,27,35,111.0,0.0034837737744021,1072.71078354779,0.033667402659839,inf,0.003242039476573,0.0915750915750916,0.0055229984588276,0.16541514041514
110,AIBL,interneuron,GS,33,23,56,260,172,432,4308.0,0.0555426626440783,1456.58038090597,0.0187795619105486,inf,0.0121497866307621,0.167429692609549,0.0341214432355273,0.394887905901277,AIB,Interneuron,GS,30,15,45,166,71,237,2661.0,0.0835164145376938,664.558511939173,0.0208574010400845,3.25757575757576,0.0162649195766733,0.127918781725888,0.0412865373760405,0.350883490452018,AIB,Interneuron,GS,29,20,49,161,73,234,1890.0,0.0593183102127927,1188.28430585767,0.0372947180295546,inf,0.0102270997784614,0.134730538922156,0.0266337165895485,0.393179966597417
111,AIBR,interneuron,GS,32,26,58,286,129,415,2439.0,0.031445811093061,1877.02420616617,0.0242003069307931,inf,0.0107605360873646,0.151736745886654,0.0274515236113416,0.460770871419866,AIB,Interneuron,GS,33,21,54,150,74,224,2367.16666666667,0.0742943527294792,1171.30698179427,0.0367618787833239,3.12735597735598,0.0134124002076422,0.115789473684211,0.0396499949128662,0.381233918128655,AIB,Interneuron,GS,27,23,50,169,75,244,1470.66666666667,0.0461573870650513,938.098242667286,0.0294425410415946,inf,0.0111255777821036,0.148770491803279,0.029233637316955,0.419555523028884
112,RICL,interneuron,GS,17,20,37,86,94,180,539.0,0.0069492792862484,496.078097403782,0.0063958909956393,inf,0.0085948029695916,0.172230652503794,0.0221062042938701,0.457486090035407,RIC,Modulatory neuron,GS,16,17,33,37,42,79,94.5,0.0029659155106396,436.013422798669,0.013684433582282,3.50235597735598,0.0103346710443088,0.146271510516252,0.0274225111311413,0.385707456978967,RIC,Modulatory neuron,GS,14,20,34,30,59,89,181.0,0.0056807482267277,365.838544114431,0.0114819705013631,inf,0.0072246355026189,0.171762589928058,0.0194146309856532,0.469829136690647
113,RICR,interneuron,GS,21,22,43,105,99,204,677.0,0.0087285010701116,792.695851156578,0.0102201574373608,inf,0.0090771631773846,0.1796875,0.0223152574316677,0.461402529761905,RIC,Modulatory neuron,GS,21,19,40,48,54,102,212.0,0.0066536940556148,665.647705887152,0.0208915857726179,3.46068931068931,0.0095922446486757,0.135309278350515,0.0294663211934122,0.416849226804124,RIC,Modulatory neuron,GS,15,19,34,37,40,77,94.5,0.0029659155106396,373.677565616303,0.011728000929518,inf,0.0062446992971114,0.154676258992806,0.0154245010758441,0.397526978417266
114,SAADL,interneuron,GS,14,11,25,75,56,131,5349.0,0.0689641834919161,463.20193872366,0.0059720215920638,inf,0.009617319159506,0.173986486486486,0.0183930573051283,0.363513513513513,SAA,Sensory neuron,GS,10,6,16,29,41,70,1580.0,0.0495888519239219,284.402015468943,0.0089260566025027,3.37735597735598,0.0304637862594007,0.264957264957265,0.0453347828548233,0.413176638176638,SAA,Sensory neuron,GS,12,6,18,34,35,69,1656.0,0.0519741384721612,283.570123436957,0.0088999473804832,inf,0.0137010020589649,0.231788079470199,0.0229735684595238,0.405794701986755
115,SAADR,interneuron,GS,13,15,28,68,87,155,1913.0,0.0246641396560171,651.026060386486,0.0083936213659586,inf,0.0117671235988461,0.19489247311828,0.022047974911311,0.39885752688172,SAA,Sensory neuron,GS,10,4,14,26,34,60,1272.25,0.0399300106710188,145.697015921512,0.0045727517394235,3.34326506826507,0.0172227498944453,0.188888888888889,0.0250225034149127,0.260648148148148,SAA,Sensory neuron,GS,12,9,21,34,36,70,391.0,0.0122716715837047,278.350562348817,0.0087361296324404,inf,0.0088444880788626,0.173913043478261,0.0131745253150894,0.261755233494364
116,SAAVL,interneuron,GS,11,10,21,52,129,181,1922.0,0.0247801758593125,176.246927006312,0.0022723360280332,inf,0.020221231958946,0.233009708737864,0.028175414627493,0.370307443365696,SAA,Sensory neuron,GS,8,5,13,27,41,68,335.0,0.0105140920218442,93.5673498731008,0.0029366439606145,3.42540792540793,0.0221995550615596,0.197368421052632,0.0321082372457145,0.280701754385965,SAA,Sensory neuron,GS,10,6,16,32,46,78,403.0,0.012648295775532,165.599965144438,0.0051974127532621,inf,0.0141978519272849,0.183760683760684,0.0205771457453071,0.306980056980057
117,SAAVR,interneuron,GS,12,14,26,46,107,153,4528.0,0.0583791031690776,617.690483890193,0.0079638287291482,inf,0.0170162899597065,0.32018927444795,0.0298617998590289,0.408550185873606,SAA,Sensory neuron,GS,8,7,15,30,65,95,651.0,0.0204318624066286,166.287596972049,0.0052189943183745,3.31902264402264,0.0283778321324724,0.235294117647059,0.0477837686721833,0.404901960784314,SAA,Sensory neuron,GS,9,4,13,36,50,86,469.0,0.0147197288305819,46.2180926201218,0.0014505709817375,inf,0.0186593164483445,0.223684210526316,0.0256569504104207,0.300548245614035
118,AVKL,interneuron,GS,13,17,30,94,38,132,659.0,0.0084964286635208,508.937080360304,0.0065616807245855,inf,0.0083732738806067,0.176744186046512,0.0215165561696409,0.465368217054263,AVK,Modulatory neuron,GS,10,17,27,37,32,69,383.5,0.0120362814638127,161.311209186749,0.0050628086493863,2.97424242424242,0.016635686153989,0.190201729106628,0.0333541057255399,0.420076849183477,AVK,Modulatory neuron,GS,11,17,28,49,34,83,241.0,0.007563869185864,239.841546737078,0.0075275107255375,inf,0.0154824869607455,0.278820375335121,0.0280725109854135,0.524285075960679
119,AVKR,interneuron,GS,12,18,30,76,39,115,494.0,0.0063690982697712,665.172035179355,0.0085760041667228,inf,0.0093312917638313,0.205813953488372,0.0205772036675853,0.482131782945736,AVK,Modulatory neuron,GS,8,18,26,44,35,79,418.0,0.0131190760153161,234.292936828157,0.0073533656653115,3.27424242424242,0.0220118836208527,0.227414330218069,0.044412340682241,0.478868120456905,AVK,Modulatory neuron,GS,14,15,29,53,35,88,573.5,0.0179994978344109,222.541352074262,0.0069845380727594,inf,0.0128181837313125,0.22636815920398,0.0239522299208037,0.440443615257048
120,DVC,interneuron,GS,17,17,34,37,106,143,1588.0,0.0204739434259044,1062.76181389101,0.0137020939879195,inf,0.006493257738356,0.132432432432432,0.0162464696205893,0.353318318318318,DVC,Interneuron,GS,5,19,24,7,86,93,0.0,0.0,119.532363429721,0.00375156498116,2.82180042180042,0.0246812534252904,0.23992673992674,0.0459180128655221,0.455647130647131,DVC,Interneuron,GS,4,18,22,19,86,105,297.0,0.0093214487477245,110.080062000117,0.003454901198924,inf,0.0186399452024676,0.25,0.0319582814668615,0.447733918128655
121,AVJL,interneuron,GS,27,15,42,96,33,129,537.0,0.0069234934632938,610.814827572818,0.0078751815009001,inf,0.0095960364607474,0.253512880562061,0.0206221086105349,0.54702380952381,AVJ,Modulatory neuron,GS,19,6,25,38,13,51,121.0,0.0037976272675914,317.813921731856,0.0099747009519759,4.26709956709957,0.0125635300490859,0.17003367003367,0.0218079809562259,0.334315375982043,AVJ,Modulatory neuron,GS,17,7,24,32,9,41,205.5,0.0064496892850417,591.708643962385,0.0185709824857945,inf,0.0058474301379096,0.170955882352941,0.0091787534702988,0.287837009803922
122,AVJR,interneuron,GS,27,17,44,81,58,139,226.0,0.0029137979938629,771.369900082533,0.0099452038379945,inf,0.0104480149764342,0.239084132055378,0.0202947963140324,0.483919062832801,AVJ,Modulatory neuron,GS,13,7,20,24,13,37,211.166666666667,0.006627539597849,417.681075831211,0.0131090664688723,4.07424242424242,0.0108283091534495,0.156914893617021,0.0162444874068066,0.251310790273556,AVJ,Modulatory neuron,GS,15,10,25,42,13,55,303.666666666667,0.0095306844098508,745.037931286286,0.023383275729279,inf,0.0069335644553639,0.15993265993266,0.0102636597949885,0.252328843995511
123,PVT,interneuron,GS,20,13,33,50,60,110,2055.0,0.0264949330857894,2961.72089847779,0.0381852053644542,inf,0.0055806835395032,0.134285714285714,0.0138190546583779,0.341600907029478,PVT,Interneuron,GS,3,16,19,3,67,70,87.0,0.0027305253907476,256.837821514776,0.0080609447465562,2.91068931068931,0.0218666022151794,0.196428571428571,0.0341032873128478,0.309771825396825,PVT,Interneuron,GS,5,15,20,5,74,79,319.0,0.0100119264327412,412.725157283873,0.012953523234068,inf,0.0135817571031707,0.184491978609626,0.0195537440667592,0.286319073083779
124,AVDL,interneuron,GS,39,25,64,264,139,403,2633.0,0.0339470359196514,1048.58309970918,0.0135192890811116,inf,0.0126207058497876,0.168989547038328,0.0274437583187381,0.421698784043234,AVD,Interneuron,GS,17,0,17,35,0,35,0.0,0.0,0.0,0.0,inf,0.005987957226291,0.0772058823529412,0.0066904601701861,0.0863970588235294,AVD,Interneuron,GS,16,0,16,44,0,44,0.0,0.0,0.0,0.0,inf,0.0057611630297295,0.1375,0.0099199902523019,0.253333333333333
125,AVDR,interneuron,GS,46,30,76,237,155,392,1324.66666666667,0.0170788100702234,1802.00432467011,0.023233082239629,inf,0.0096461566652408,0.136795774647887,0.0231833290216908,0.396807511737089,AVD,Interneuron,GS,19,0,19,47,0,47,0.0,0.0,0.0,0.0,inf,0.0092179557897653,0.12280701754386,0.0153658156313518,0.215497076023392,AVD,Interneuron,GS,18,0,18,51,0,51,0.0,0.0,0.0,0.0,inf,0.0058387030311983,0.124183006535948,0.0100452642378098,0.230555555555556
126,AVL,interneuron,GS,17,18,35,65,53,118,641.5,0.0082708027126685,1599.63087673561,0.0206238992900598,inf,0.0043069256025401,0.129661016949153,0.0122799897057127,0.360254237288136,AVL,Modulatory neuron,GS,5,3,8,13,3,16,6.0,0.0001883120959136,22.4015752482376,0.0007030812644604,3.91068931068931,0.0274313398335534,0.365384615384615,0.0348383218192973,0.442307692307692,AVL,Modulatory neuron,GS,2,5,7,8,5,13,0.0,0.0,9.9947851655513,0.0003136898237885,inf,0.0079765215517974,0.2,0.0130126278176753,0.320833333333333
127,RIAL,interneuron,GS,36,27,63,434,400,834,4935.0,0.0636265181403265,1545.15690601544,0.0199215712077492,inf,0.0205056473039571,0.18062015503876,0.0512819539983982,0.490874246339362,RIA,Interneuron,GS,32,21,53,196,227,423,2507.0,0.0786830707425774,1130.06987108233,0.0354676376587259,3.54857729989309,0.0269573935758295,0.129020467836257,0.07098707492134,0.388318162303908,RIA,Interneuron,GS,26,21,47,235,277,512,4322.0,0.13564747975645,782.416786326645,0.0245564241518626,inf,0.0259426053977343,0.15406162464986,0.0577920229258247,0.41447356720466
128,RIAR,interneuron,GS,35,26,61,414,450,864,4983.0,0.0642453778912354,1125.28012729622,0.0145081370683611,inf,0.0251456932997337,0.221334068357222,0.0620323565183719,0.513802083333333,RIA,Interneuron,GS,27,22,49,212,243,455,2559.5,0.0803308015818216,1199.58539926808,0.0376494067939262,3.57927905427905,0.0301046813792311,0.121575342465753,0.0746601610141968,0.33574069338196,RIA,Interneuron,GS,28,21,49,238,317,555,3592.0,0.112736174753625,1134.11793229762,0.0355946874740324,inf,0.0237958231583123,0.133676092544987,0.0504230176192959,0.342052270779777
129,RIML,interneuron,GS,26,25,51,218,185,403,6130.0,0.0790335473556639,655.782557005351,0.0084549464558076,inf,0.02221246637956,0.282936507936508,0.0479108540807767,0.570209409064831,RIM,Interneuron,GS,24,23,47,124,72,196,3115.5,0.0977810558031511,914.906110736027,0.0287146478794811,3.25235597735598,0.0160286321602653,0.149532710280374,0.0402531667325769,0.390787716955941,RIM,Interneuron,GS,20,25,45,108,83,191,1368.66666666667,0.0429560814345197,1024.07383974172,0.0321409151886798,inf,0.0107066178408436,0.174180327868852,0.0282200958411392,0.440362753708041
130,RIMR,interneuron,GS,26,21,47,250,153,403,5452.0,0.0702921533740749,640.43075827529,0.008257017073764,inf,0.0169644951953162,0.23785046728972,0.0402607694909971,0.562429906542056,RIM,Interneuron,GS,21,19,40,121,76,197,2553.25,0.0801346431485782,1174.803207517,0.0368716090489297,3.33449883449883,0.0168902417897617,0.133419689119171,0.0442204958651283,0.364757072950078,RIM,Interneuron,GS,18,23,41,119,81,200,2732.0,0.0857447743393384,754.07858049737,0.0236670196628388,inf,0.0125042110410822,0.193588162762022,0.0323735109969388,0.471557747636663
131,AVEL,interneuron,GS,46,24,70,304,124,428,4071.0,0.0524870426239653,2979.54965955432,0.0384150700027632,inf,0.0068373401850134,0.120066472787703,0.0228194439289822,0.408048862115127,AVE,Interneuron,GS,32,0,32,158,0,158,0.0,0.0,0.0,0.0,inf,0.0140924007190093,0.109879032258065,0.0440632149185565,0.372347830261137,AVE,Interneuron,GS,39,0,39,173,0,173,0.0,0.0,0.0,0.0,inf,0.008271150026823,0.125506072874494,0.02548598157312,0.408940620782726
132,AVER,interneuron,GS,44,25,69,295,133,428,5308.0,0.0684355741213481,2859.3364920077,0.0368651722751824,inf,0.0081362582709345,0.131151048352589,0.0243527376832944,0.425840006520366,AVE,Interneuron,GS,35,0,35,162,0,162,0.0,0.0,0.0,0.0,inf,0.0148204803981321,0.121008403361345,0.043503748990175,0.383025210084034,AVE,Interneuron,GS,33,0,33,156,0,156,0.0,0.0,0.0,0.0,inf,0.0095710393526237,0.125,0.0265719366003911,0.381748286435786
133,RMFL,interneuron,GS,13,12,25,46,49,95,339.0,0.0043706969907944,359.737980822938,0.0046380699417619,inf,0.0095377458252689,0.238983050847458,0.0184578998664082,0.454067796610169,RMF,Motor neuron,GS,12,7,19,41,25,66,329.5,0.01034147260059,197.539199316027,0.0061998367747168,3.30757575757576,0.0294543004846323,0.291666666666667,0.0541275876649542,0.56468253968254,RMF,Motor neuron,GS,21,12,33,49,43,92,1348.5,0.0423231435565878,1031.03494547892,0.0323593919238881,inf,0.0102361283757377,0.192898272552783,0.0226017074361791,0.449904030710173
134,RMFR,interneuron,GS,10,6,16,47,26,73,112.0,0.0014440060854542,131.533387603923,0.0016958483226827,inf,0.0162465431749601,0.296610169491525,0.0262280506268598,0.478813559322034,RMF,Motor neuron,GS,17,15,32,40,35,75,369.0,0.0115811938986881,647.186131038304,0.0203121627970091,3.17424242424242,0.0172535539244877,0.203665987780041,0.0410349812110927,0.513900203665988,RMF,Motor neuron,GS,13,16,29,41,44,85,879.5,0.0276034147260059,605.394021740203,0.019000502847913,inf,0.0115231002266992,0.199257425742574,0.0264996666328996,0.47450495049505
135,RID,interneuron,GS,15,11,26,56,21,77,368.0,0.0047445914236352,678.864508175692,0.0087525400089694,inf,0.0033612837587017,0.0848765432098765,0.0053564817014581,0.146862139917695,RID,Modulatory neuron,GS,8,0,8,22,0,22,0.0,0.0,0.0,0.0,inf,0.0103477680415694,0.107142857142857,0.0103477680415694,0.107142857142857,RID,Modulatory neuron,GS,10,0,10,19,0,19,0.0,0.0,0.0,0.0,inf,0.0022509616899439,0.0555555555555556,0.0030686330897963,0.0759259259259259
136,AVBL,interneuron,GS,45,23,68,338,65,403,3094.16666666667,0.0398928169292523,1823.70403535249,0.0235128546885394,inf,0.0102936003274387,0.169532627865961,0.0261741806977873,0.461989271017049,AVB,Interneuron,GS,40,0,40,138,0,138,0.0,0.0,0.0,0.0,inf,0.0090775054762072,0.107692307692308,0.0297070900525201,0.37583485958486,AVB,Interneuron,GS,29,0,29,139,0,139,0.0,0.0,0.0,0.0,inf,0.0079431746648361,0.112068965517241,0.0220388068248805,0.345047501759324
137,AVBR,interneuron,GS,45,18,63,333,54,387,1343.33333333333,0.0173194777511324,1289.62352471144,0.0166270019431093,inf,0.0100294165323677,0.152385838891739,0.0254170853982447,0.43746793227296,AVB,Interneuron,GS,38,0,38,159,0,159,0.0,0.0,0.0,0.0,inf,0.0114125407245813,0.114509246088193,0.0355657073157792,0.385988620199146,AVB,Interneuron,GS,28,0,28,139,0,139,0.0,0.0,0.0,0.0,inf,0.0078802057578006,0.126984126984127,0.0205856863420557,0.342564247921391
138,AVAL,interneuron,GS,65,43,108,667,258,925,10426.0,0.134421495062015,5753.27525966026,0.0741764686271662,inf,0.0090075342365364,0.105655794587092,0.0310048362650509,0.393497612438452,AVA,Interneuron,GS,26,0,26,135,0,135,0.0,0.0,0.0,0.0,inf,0.0175963742486677,0.175384615384615,0.0526588132420293,0.491384615384615,AVA,Interneuron,GS,35,0,35,157,0,157,0.0,0.0,0.0,0.0,inf,0.0063492014607294,0.115126050420168,0.0206835724228915,0.368887555022009
139,AVAR,interneuron,GS,59,48,107,685,292,977,17905.5,0.230854026456254,7435.38354579804,0.0958637418555225,inf,0.0092860566059133,0.106170438472419,0.0317280439975687,0.3980488897104,AVA,Interneuron,GS,27,0,27,139,0,139,0.0,0.0,0.0,0.0,inf,0.0126815762482395,0.148148148148148,0.0394110680063379,0.434544159544159,AVA,Interneuron,GS,32,0,32,152,0,152,0.0,0.0,0.0,0.0,inf,0.0070398627440442,0.122983870967742,0.0220656469786172,0.383611751152074
140,PVCL,interneuron,GS,34,36,70,284,158,442,5628.5,0.0725677522498131,2242.3730062716,0.028910716668879,inf,0.0121848847943142,0.194964627548897,0.0272608353124311,0.42532925830235,PVC,Interneuron,GS,10,13,23,27,40,67,83.0,0.0026049839934718,180.164136899748,0.0056545143713435,3.93376623376623,0.0105761117963702,0.125,0.0154679670441786,0.191898148148148,PVC,Interneuron,GS,13,19,32,43,43,86,185.333333333333,0.0058167514071098,316.336299013535,0.0099283252467997,inf,0.0070924050136286,0.158536585365854,0.0122907217229488,0.298715156794425
141,PVCR,interneuron,GS,33,38,71,262,172,434,6367.5,0.0820956138315154,3067.89026968835,0.0395540376690693,inf,0.0109915193235817,0.161943319838057,0.0254752096920221,0.434510796221323,PVC,Interneuron,GS,11,12,23,35,47,82,134.166666666667,0.0042108677002908,183.543759652013,0.0057605850119896,4.07424242424242,0.0122783164038877,0.119047619047619,0.0180260304880501,0.192247732426304,PVC,Interneuron,GS,9,15,24,27,51,78,178.5,0.0056022848534304,169.600015592808,0.0053229557338775,inf,0.0068820678726389,0.144160583941606,0.0097023256223004,0.217852798053528
142,RIPL,interneuron,GS,16,7,23,188,22,210,2183.0,0.02814522575488,296.703941713259,0.003825377655466,inf,0.0194472809742252,0.231075697211155,0.038427916210477,0.326720209614946,RIP,Interneuron,GS,10,0,10,58,0,58,0.0,0.0,0.0,0.0,inf,0.027805473708402,0.222222222222222,0.0400368468337061,0.318518518518519,RIP,Interneuron,GS,10,0,10,74,0,74,0.0,0.0,0.0,0.0,inf,0.0158930098823803,0.177777777777778,0.0218507896645754,0.250925925925926
143,RIPR,interneuron,GS,17,9,26,232,14,246,281.0,0.0036229081251128,405.070331248445,0.0052225359228545,inf,0.0152543202882354,0.209627329192547,0.033084378008329,0.486361283643892,RIP,Interneuron,GS,12,0,12,65,0,65,0.0,0.0,0.0,0.0,inf,0.0203222647658101,0.189393939393939,0.0330289057474043,0.30239898989899,RIP,Interneuron,GS,14,0,14,72,0,72,0.0,0.0,0.0,0.0,inf,0.0097012410352105,0.137362637362637,0.0134879521260715,0.193223443223443
144,URADL,motorneuron,GS,5,4,9,32,27,59,124.0,0.0015987210231814,48.9511752921509,0.00063112316975,inf,0.0297916360284451,0.328571428571429,0.0352730066827942,0.40047619047619,URA,Motor neuron,GS,3,5,8,9,8,17,0.0,0.0,30.4011594158078,0.0009541510079658,5.0770313020313,0.0184045024939062,0.232142857142857,0.0168488407138849,0.1875,URA,Motor neuron,GS,3,5,8,12,16,28,0.5,1.5692674659469e-05,14.1170817109789,0.000443069540863,inf,0.0180343026884421,0.240740740740741,0.0214169605707568,0.320987654320988
145,URADR,motorneuron,GS,5,4,9,21,21,42,2.0,2.57858229545396e-05,15.6921619109396,0.0002023176544047,inf,0.0235822473176004,0.342857142857143,0.0254552157769344,0.354761904761905,URA,Motor neuron,GS,3,5,8,6,11,17,1.0,3.13853493189379e-05,27.4927365265468,0.0008628691396191,4.63880286380286,0.014577396781511,0.178571428571429,0.0145993246341907,0.169642857142857,URA,Motor neuron,GS,5,6,11,11,13,24,3.0,9.41560479568138e-05,70.5768911498135,0.0022150803825815,inf,0.0080305409855181,0.166666666666667,0.0100312474719358,0.219135802469136
146,URAVL,motorneuron,GS,8,12,20,33,57,90,1074.0,0.0138469869265878,200.175724708248,0.0025808478985617,inf,0.0141886289643881,0.237837837837838,0.0217606036631956,0.401081081081081,URA,Motor neuron,GS,4,7,11,10,11,21,6.0,0.0001883120959136,22.5092121670109,0.0007064594867557,3.94924242424242,0.0150771910215659,0.245454545454545,0.0208945926971238,0.328787878787879,URA,Motor neuron,GS,5,4,9,13,15,28,1.0,3.13853493189379e-05,15.7295709199769,0.0004936780779604,inf,0.0127327796255246,0.185714285714286,0.0143779900012807,0.228571428571429
147,URAVR,motorneuron,GS,7,13,20,27,42,69,2.0,2.57858229545396e-05,93.4122473820972,0.0012043558363902,inf,0.0138594067256063,0.274193548387097,0.0232331491797332,0.542338709677419,URA,Motor neuron,GS,5,6,11,10,14,24,6.0,0.0001883120959136,15.9306443615604,0.0004999888381633,4.68255078255078,0.0195504325329737,0.287037037037037,0.0230996221709499,0.341049382716049,URA,Motor neuron,GS,3,5,8,11,9,20,5.0,0.0001569267465946,5.92080321639145,0.0001858264771951,inf,0.0114067768468237,0.214285714285714,0.0142764947563895,0.300595238095238
148,RMEL,motorneuron,GS,12,4,16,73,5,78,0.0,0.0,55.6720824760374,0.0007177752311188,inf,0.0065861883213644,0.142857142857143,0.0082643891362543,0.196778711484594,RME,Motor neuron,GS,14,1,15,32,1,33,0.0,0.0,0.0,0.0,inf,0.0125723239325729,0.216346153846154,0.0119312982915472,0.0961538461538462,RME,Motor neuron,GS,13,1,14,36,1,37,2.0,6.27706986378758e-05,107.661847664764,0.0033790046972809,inf,0.005757836479955,0.133333333333333,0.0082882889049933,0.202777777777778
149,RMER,motorneuron,GS,16,3,19,86,12,98,25.0,0.0003223227869317,39.1911760886065,0.0005052883640004,inf,0.0160208281031118,0.273809523809524,0.0267228286165751,0.35478855721393,RME,Motor neuron,GS,19,3,22,41,3,44,4.0,0.0001255413972757,65.9230106133464,0.0020690167162559,4.85620213120213,0.0116340997807881,0.208695652173913,0.0199799637449674,0.27719298245614,RME,Motor neuron,GS,14,0,14,38,0,38,0.0,0.0,0.0,0.0,inf,0.0045405100328058,0.104395604395604,0.0069267016001476,0.167490842490843
150,RMED,motorneuron,GS,13,5,18,62,8,70,459.0,0.0059178463680668,121.11867076448,0.001561572300411,inf,0.0079573081611755,0.251655629139073,0.0141504383908068,0.260504201680672,RME,Motor neuron,GS,17,4,21,34,6,40,269.0,0.0084426589667943,324.571407884394,0.0101867870153912,4.13880286380286,0.0105842712525992,0.185096153846154,0.0173805648170137,0.136519607843137,RME,Motor neuron,GS,14,3,17,31,4,35,119.0,0.0037348565689536,213.800713637072,0.0067102100821377,inf,0.0036855346715117,0.0851851851851852,0.0061222210528976,0.136543209876543
151,RMEV,motorneuron,GS,16,8,24,91,10,101,0.0,0.0,239.915459025468,0.0030932087752439,inf,0.0061138755372642,0.153846153846154,0.0117923490434055,0.2996336996337,RME,Motor neuron,GS,16,0,16,33,0,33,0.0,0.0,0.0,0.0,inf,0.0066693923076231,0.120833333333333,0.0116937006421287,0.204166666666667,RME,Motor neuron,GS,15,3,18,32,4,36,314.0,0.0098549996861465,201.653672610826,0.0063289709563375,inf,0.0026232563450669,0.0723684210526316,0.0041852488279589,0.11156798245614
152,RMDDL,motorneuron,GS,26,9,35,310,41,351,1168.0,0.0150589206054511,355.843300047022,0.0045878561672858,inf,0.0199557149832958,0.200680272108844,0.0391404540723682,0.493140589569161,RMD,Motor neuron,GS,21,6,27,116,14,130,374.0,0.0117381206452828,449.395775614453,0.0141044434001147,4.14521312021312,0.028870810305057,0.235549132947977,0.0516385769373355,0.27393018018018,RMD,Motor neuron,GS,18,4,22,118,16,134,474.0,0.0148766555771766,280.655787755919,0.0088084799371012,inf,0.0181197273907371,0.166666666666667,0.026895470121156,0.286549707602339
153,RMDDR,motorneuron,GS,21,3,24,290,30,320,83.0,0.0010701116526133,45.6516901645963,0.0005885832000798,inf,0.0265175394621903,0.2,0.0442242754152153,0.411151515151515,RMD,Motor neuron,GS,21,5,26,123,20,143,496.5,0.0155828259368527,368.78233200425,0.0115743623126059,4.05755078255078,0.036101687861693,0.246105919003115,0.06150648667828,0.323076923076923,RMD,Motor neuron,GS,21,6,27,124,18,142,363.0,0.0113928818027745,611.934954051632,0.0192057922933787,inf,0.0145228440603787,0.145533141210375,0.0236366237604444,0.279881981611088
154,RMDL,motorneuron,GS,25,21,46,172,88,260,1883.5,0.0242837987674377,824.762718901747,0.0106335927245526,inf,0.0151385975175796,0.220430107526882,0.0314964508484113,0.530457803844901,RMD,Motor neuron,GS,22,12,34,95,36,131,626.0,0.0196472286736551,975.024835199266,0.0306014950473688,3.64857729989309,0.0281421353880901,0.22554347826087,0.0542660450483433,0.492013888888889,RMD,Motor neuron,GS,26,16,42,124,58,182,2573.5,0.0807701964722867,1031.07921759436,0.0323607814196961,inf,0.0158915882634798,0.193661971830986,0.031811303302828,0.453815252626872
155,RMDR,motorneuron,GS,29,13,42,200,71,271,1780.0,0.0229493824295402,415.236206531301,0.0053536036529653,inf,0.0174470776595771,0.234117647058824,0.0348989113599329,0.549015406162465,RMD,Motor neuron,GS,26,12,38,108,38,146,1243.0,0.0390119892034398,514.099748185463,0.0161352001815788,3.65620213120213,0.0252557187178298,0.208333333333333,0.0543403066329826,0.519415366721401,RMD,Motor neuron,GS,25,11,36,131,40,171,689.0,0.0216245056807482,269.59061044282,0.0084611954818536,inf,0.0204973455555699,0.213942307692308,0.0387290958835619,0.488194444444444
156,RMDVL,motorneuron,GS,20,11,31,277,58,335,1075.0,0.013859879838065,515.666582696671,0.0066484436024944,inf,0.0195883890456695,0.183006535947712,0.0366552185200997,0.413761801016703,RMD,Motor neuron,GS,16,4,20,128,21,149,800.0,0.0251082794551503,90.9787309261742,0.0028553992507116,3.98612221112221,0.0405139817528187,0.188829787234043,0.0571329284566956,0.297562056737589,RMD,Motor neuron,GS,21,5,26,142,15,157,183.0,0.0057435189253656,247.083339935428,0.0077547969347632,inf,0.0161084650616094,0.156832298136646,0.0296494160115266,0.344598491570541
157,RMDVR,motorneuron,GS,23,12,35,271,65,336,1873.0,0.0241484231969263,640.651912597668,0.0082598683968653,inf,0.0222087243278726,0.254684838160136,0.0424619299535513,0.457821497120921,RMD,Motor neuron,GS,18,3,21,119,20,139,680.0,0.0213420375368778,130.131749929475,0.0040842304290212,4.02021312021312,0.0329473426513468,0.185990338164251,0.0552565370955105,0.328910743041178,RMD,Motor neuron,GS,16,4,20,133,19,152,572.5,0.017968112485092,110.421202851398,0.0034656080237084,inf,0.0217488505855162,0.162234042553191,0.0371607156656064,0.320352077001013
158,RIVL,motorneuron,GS,13,9,22,42,43,85,524.0,0.0067558856140893,53.8406389256546,0.0006941625915481,inf,0.0209362681054502,0.337777777777778,0.0328031037090192,0.546740740740741,RIV,Motor neuron,GS,9,7,16,15,24,39,217.0,0.0068106208022095,70.7824717596464,0.0022215326018343,3.6765984015984,0.0148516366515523,0.134453781512605,0.0208719073618824,0.213305322128852,RIV,Motor neuron,GS,7,9,16,10,28,38,39.0,0.0012240286234385,33.5345635287149,0.0010524939906068,inf,0.0254585427321222,0.337606837606838,0.0327855618080649,0.450854700854701
159,RIVR,motorneuron,GS,12,12,24,35,51,86,783.0,0.0100951496867023,126.732208188405,0.001633947141492,inf,0.0157999881819516,0.25,0.0255188848742127,0.45,RIV,Motor neuron,GS,9,11,20,16,23,39,27.0,0.0008474044316113,74.3528728007384,0.0023335908857177,3.71068931068931,0.022655062057725,0.226063829787234,0.0371849478616685,0.419842325227963,RIV,Motor neuron,GS,12,10,22,24,30,54,96.0,0.003012993534618,182.830033846959,0.00573818447828,inf,0.0135062179588981,0.213973799126638,0.0234182579724773,0.414919941775837
160,RMHL,motorneuron,GS,17,9,26,70,11,81,0.0,0.0,355.806728314095,0.0045873846511706,inf,0.0054820303723382,0.159442724458204,0.0134174084602823,0.403921568627451,RMH,Motor neuron,GS,15,6,21,26,10,36,0.0,0.0,320.020323778177,0.0100439496509377,3.72424242424242,0.0114014200242684,0.189320388349515,0.019876265531398,0.345995145631068,RMH,Motor neuron,GS,13,6,19,26,14,40,320.0,0.0100433117820601,565.067247271848,0.0177348329443176,inf,0.0079127671043598,0.173652694610778,0.0141122380180824,0.331037924151697
161,RMHR,motorneuron,GS,14,8,22,80,27,107,238.0,0.0030685129315902,217.940134459462,0.0028098828609301,inf,0.007721967244948,0.168859649122807,0.013964590546308,0.319340016708438,RMH,Motor neuron,GS,18,7,25,36,16,52,268.0,0.0084112736174753,477.903823881029,0.0149991784533623,3.50757575757576,0.0140991439734763,0.211864406779661,0.027803477041505,0.432768361581921,RMH,Motor neuron,GS,13,5,18,31,15,46,288.0,0.0090389806038541,152.613905879597,0.0047898407469586,inf,0.010903845860565,0.236666666666667,0.0170726485426319,0.398055555555556
162,SMDDL,motorneuron,GS,23,18,41,209,88,297,2571.0,0.0331476754080606,428.701115437717,0.0055272055315453,inf,0.0196356572296744,0.253094059405941,0.0390647118800699,0.544678217821782,SMD,Motor neuron,GS,20,6,26,93,23,116,570.0,0.0178896491117946,366.169519079395,0.0114923582662543,3.63880286380286,0.0365139128710389,0.258566978193146,0.0681799248714676,0.543795430944964,SMD,Motor neuron,GS,20,6,26,97,26,123,274.0,0.0085995857133889,520.682345467234,0.016341797296693,inf,0.0216061649025669,0.215625,0.0383764906315162,0.4353125
163,SMDDR,motorneuron,GS,27,18,45,238,65,303,2063.0,0.0265980763776076,938.994237255703,0.0121063695786043,inf,0.0165652082320572,0.221084953940635,0.0356975493763394,0.51730638007506,SMD,Motor neuron,GS,16,8,24,73,20,93,162.0,0.0050844265896679,487.689447383899,0.0153063036653035,3.79857729989309,0.0363320136779858,0.277777777777778,0.0679434645951463,0.572993827160494,SMD,Motor neuron,GS,21,7,28,106,25,131,499.0,0.01566128931015,346.914358345196,0.0108880283204192,inf,0.0224326892120425,0.254032258064516,0.0380373267904044,0.483224526369688
164,SMDVL,motorneuron,GS,27,16,43,139,162,301,1278.0,0.0164771408679508,716.83947370703,0.0092421478779174,inf,0.0150238394252048,0.183240223463687,0.0314101790261708,0.481610800744879,SMD,Motor neuron,GS,20,5,25,86,24,110,417.0,0.0130876906659971,135.488114794579,0.0042523418113922,3.67357729989309,0.0285060209765339,0.185185185185185,0.0499745538599266,0.385241301907969,SMD,Motor neuron,GS,23,3,26,96,25,121,957.0,0.0300357792982236,92.3546119249557,0.0028985817564796,inf,0.020581960995893,0.203416149068323,0.0369448945498201,0.436516563146998
165,SMDVR,motorneuron,GS,22,16,38,147,140,287,1221.0,0.0157422449137464,654.750652277444,0.0084416421994977,inf,0.0181365079346606,0.23021582733813,0.0342758579981619,0.512505995203837,SMD,Motor neuron,GS,21,6,27,85,32,117,3554.5,0.111559224154165,261.920935256292,0.0082204800469616,3.49594572094572,0.0290353754269527,0.190201729106628,0.0544701473297268,0.421974063400576,SMD,Motor neuron,GS,18,7,25,82,24,106,40.0,0.0012554139727575,411.508272216653,0.0129153308711522,inf,0.0217921741113693,0.268707482993197,0.039557663669445,0.551218820861678
166,SMBDL,motorneuron,GS,15,10,25,80,66,146,1537.0,0.0198164049405637,371.080311191318,0.0047843056031473,inf,0.0103466996051426,0.163265306122449,0.0243622132421971,0.405002220946099,SMB,Motor neuron,GS,15,6,21,30,17,47,220.0,0.0069047768501663,412.539077624512,0.0129476830589578,3.48568931068931,0.0081422910059606,0.117788461538462,0.012773277392932,0.187179487179487,SMB,Motor neuron,GS,10,6,16,26,21,47,400.0,0.0125541397275752,143.275780903273,0.0044967604325928,inf,0.0029652982673743,0.0588235294117647,0.0036125606034719,0.0728291316526611
167,SMBDR,motorneuron,GS,22,10,32,100,86,186,2187.5,0.0282032438565277,353.957572245103,0.0045635436456654,inf,0.0102555906953915,0.176171079429735,0.0258387390398494,0.454310930074678,SMB,Motor neuron,GS,13,4,17,35,11,46,60.0,0.0018831209591362,213.819843423413,0.0067108104771644,3.62540792540793,0.0081645725091018,0.125925925925926,0.0161268871644482,0.273888888888889,SMB,Motor neuron,GS,12,9,21,27,22,49,314.0,0.0098549996861465,399.835137831551,0.0125489654708289,inf,0.0036817894179789,0.0841346153846154,0.0051132527643604,0.122195512820513
168,SMBVL,motorneuron,GS,16,12,28,72,51,123,615.0,0.0079291405585209,724.251383722965,0.0093377089776303,inf,0.0057668333049213,0.149193548387097,0.0142292526751458,0.384358998975934,SMB,Motor neuron,GS,12,4,16,35,16,51,1005.5,0.0315579687401921,234.470079982686,0.0073589253650959,3.52021312021312,0.0070424517589653,0.0847457627118644,0.0110778471184489,0.137853107344633,SMB,Motor neuron,GS,17,4,21,56,13,69,811.5,0.0254692109723181,171.125167175126,0.0053708231490529,inf,0.0071328635731258,0.137019230769231,0.0163856617692503,0.339342948717949
169,SMBVR,motorneuron,GS,15,13,28,80,51,131,1697.5,0.0218857172326655,400.081940582197,0.0051582210435805,inf,0.0109392757228549,0.214864864864865,0.0243649803239958,0.483397683397683,SMB,Motor neuron,GS,14,4,18,46,13,59,1032.5,0.0324053731718034,141.161263855019,0.0044303955763925,3.48612221112221,0.0098716795935377,0.112582781456954,0.0165780697951193,0.206456953642384,SMB,Motor neuron,GS,13,5,18,34,18,52,645.0,0.020243550310715,411.961064415455,0.0129295419124806,inf,0.0033163539784701,0.07,0.00505897149614,0.115
170,SIBDL,motorneuron,GS,6,1,7,36,2,38,0.0,0.0,10.7739625600436,0.000138907745546,inf,0.0161346858118002,0.25,0.0165659541539364,0.2375,SIB,Motor neuron,GS,7,0,7,17,0,17,0.0,0.0,0.0,0.0,inf,0.0088645703629312,0.0952380952380952,0.0072137101859059,0.0714285714285714,SIB,Motor neuron,GS,6,0,6,12,0,12,0.0,0.0,0.0,0.0,inf,0.0008234778103888,0.0333333333333333,0.0008234778103888,0.0333333333333333
171,SIBDR,motorneuron,GS,11,2,13,51,12,63,0.0,0.0,18.9821582995143,0.0002447352866031,inf,0.0107172951525418,0.203947368421053,0.0184028211740605,0.342105263157895,SIB,Motor neuron,GS,5,0,5,9,0,9,0.0,0.0,0.0,0.0,inf,0.0,0.0,0.0,0.0,SIB,Motor neuron,GS,10,0,10,21,0,21,0.0,0.0,0.0,0.0,inf,0.0039703609376654,0.122222222222222,0.0049299675542795,0.162962962962963
172,SIBVL,motorneuron,GS,10,4,14,66,8,74,56.0,0.0007220030427271,113.149714162265,0.0014588292483724,inf,0.0062843788760123,0.1,0.0076210965310388,0.131944444444444,SIB,Motor neuron,GS,5,0,5,11,0,11,0.0,0.0,0.0,0.0,inf,0.0,0.0,0.0,0.0,SIB,Motor neuron,GS,8,0,8,14,0,14,0.0,0.0,0.0,0.0,inf,0.0011414289390388,0.0535714285714286,0.0011414289390388,0.0535714285714286
173,SIBVR,motorneuron,GS,12,3,15,66,7,73,92.0,0.0011861478559088,106.844795491564,0.0013775404900797,inf,0.0085502590258485,0.158653846153846,0.0120293357248379,0.234535256410256,SIB,Motor neuron,GS,6,0,6,10,0,10,0.0,0.0,0.0,0.0,inf,0.0049687779917589,0.0666666666666667,0.0032049990451275,0.0333333333333333,SIB,Motor neuron,GS,7,0,7,14,0,14,0.0,0.0,0.0,0.0,inf,0.0013292820270135,0.0476190476190476,0.0013292820270135,0.0476190476190476
174,SIADL,motorneuron,GS,12,7,19,53,52,105,1295.0,0.0166963203630644,448.18860064536,0.005778455953242,inf,0.0136607976915332,0.18562874251497,0.0253029873545306,0.420958083832335,SIA,Motor neuron,GS,8,0,8,17,0,17,0.0,0.0,0.0,0.0,inf,0.0202211030366898,0.214285714285714,0.0329897131818295,0.391666666666667,SIA,Motor neuron,GS,9,0,9,22,0,22,0.0,0.0,0.0,0.0,inf,0.0085115284895939,0.125,0.0093116893083462,0.157407407407407
175,SIADR,motorneuron,GS,14,8,22,58,46,104,1304.0,0.0168123565663598,309.87339946137,0.0039951703084161,inf,0.015624153275156,0.252212389380531,0.0256333352899165,0.47413611462284,SIA,Motor neuron,GS,4,0,4,15,0,15,0.0,0.0,0.0,0.0,inf,0.0119150791252963,0.25,0.0091373013475185,0.166666666666667,SIA,Motor neuron,GS,5,0,5,17,0,17,0.0,0.0,0.0,0.0,inf,0.0207646353522689,0.1,0.0207646353522689,0.1
176,SIAVL,motorneuron,GS,13,6,19,85,26,111,720.0,0.0092828962636342,275.321173176646,0.0035496915135845,inf,0.0146082292502302,0.224550898203593,0.0272289157288857,0.454491017964072,SIA,Motor neuron,GS,9,0,9,24,0,24,0.0,0.0,0.0,0.0,inf,0.0178491857296599,0.208333333333333,0.022275590000215,0.263888888888889,SIA,Motor neuron,GS,3,0,3,22,0,22,0.0,0.0,0.0,0.0,inf,0.0583106985961899,0.5,0.0635491825158528,0.583333333333333
177,SIAVR,motorneuron,GS,14,3,17,76,13,89,748.0,0.0096438977849978,111.33004112024,0.001435368364924,inf,0.0104415389052236,0.190298507462687,0.0228935104058211,0.421393034825871,SIA,Motor neuron,GS,6,0,6,20,0,20,0.0,0.0,0.0,0.0,inf,0.0312660872226278,0.2,0.0359866122552252,0.25,SIA,Motor neuron,GS,4,0,4,18,0,18,0.0,0.0,0.0,0.0,inf,0.0250474208962726,0.333333333333333,0.0250474208962726,0.333333333333333
178,HSNL,motorneuron,HS,16,25,41,32,94,126,901.5,0.0116229596967587,541.950126415965,0.0069873150049762,inf,0.0090322718933629,0.262081784386617,0.0199277677291237,0.497279378143576,HSN,Modulatory neuron,HS,10,21,31,14,26,40,146.833333333333,0.0046084154583307,531.383369282419,0.0166776526672029,2.91666666666667,0.0078735555221025,0.153347732181425,0.0189195988809058,0.38349532037437,HSN,Modulatory neuron,HS,6,17,23,13,25,38,216.166666666667,0.0067844663444437,194.777604361295,0.0061131631523851,inf,0.0073017979512955,0.22289156626506,0.0161048130400455,0.519578313253012
179,HSNR,motorneuron,HS,19,36,55,52,69,121,516.0,0.0066527423222712,2037.49679531499,0.0262692658172171,inf,0.0042633239934469,0.133807588075881,0.0121589907175833,0.40068315266486,HSN,Modulatory neuron,HS,15,18,33,23,25,48,323.333333333333,0.0101479296131233,816.117365410884,0.0256141285986719,2.76709956709957,0.008400175823328,0.146833013435701,0.0225197689495291,0.435188739603327,HSN,Modulatory neuron,HS,10,11,21,15,16,31,128.0,0.004017324712824,228.18604010702,0.007161698578464,inf,0.0064938060120921,0.216748768472906,0.0142787015066406,0.481659042927516
