,cell_name,cell_type_herm,Gender_herm,indegree_herm,outdegree_herm,degree_herm,instrength_herm,outstrength_herm,strength_herm,BC_wei_herm,BC_wei_norm_herm,BC_bin_herm,BC_bin_norm_herm,eccentricity_herm,CC_wei_herm,CC_bin_herm,LE_wei_herm,LE_bin_herm,cell_type_male,Gender_male,indegree_male,outdegree_male,degree_male,instrength_male,outstrength_male,strength_male,BC_wei_male,BC_wei_norm_male,BC_bin_male,BC_bin_norm_male,eccentricity_male,CC_wei_male,CC_bin_male,LE_wei_male,LE_bin_male
0,ASIL,sensory,GS,8,19,27,22,48,70,6.0,7.73574688636188e-05,72.1946549898906,0.0009307992959166,1.35999149659864,0.0025217279336805,0.292753623188406,0.0048269194752628,0.571159420289855,sensory,GS,2,7,9,6,38,44,2.0,1.57366317313442e-05,51.6395718203893,0.0004063164622508,inf,0.0033327749032283,0.2,0.0047331085700052,0.25
1,ASIR,sensory,GS,8,14,22,19,40,59,109.0,0.0014053273510224,75.4523899119752,0.0009728009838835,1.37690166975881,0.0046744504916358,0.448888888888889,0.0066049675714641,0.674074074074074,sensory,GS,5,8,13,10,28,38,4.0,3.14732634626884e-05,394.702044573712,0.0031056403595325,inf,0.0022980305114755,0.219178082191781,0.0024478914132614,0.232876712328767
2,ASJL,sensory,GS,10,11,21,26,66,92,41.0,0.000528609370568,180.600561043252,0.0023284670462759,1.34439092820179,0.002983428309077,0.251231527093596,0.0050658019777772,0.408456486042693,sensory,GS,2,6,8,9,52,61,580.0,0.0045636232020898,762.928182115155,0.006002959919705,inf,0.0027499264497194,0.173076923076923,0.0018615831122975,0.0961538461538462
3,ASJR,sensory,GS,5,5,10,23,45,68,14.0,0.0001805007606817,6.52287761991367,8.40988837306113e-05,1.33574703586224,0.0083160877099095,0.642857142857143,0.010825732781743,0.785714285714286,sensory,GS,1,6,7,3,30,33,0.0,0.0,46.8497807562888,0.0003686288732279,inf,0.0022366041699241,0.25,0.0034544013132562,0.325
4,AWAL,sensory,GS,7,11,18,25,61,86,380.0,0.0048993063613625,29.8552528486253,0.0003849211321088,1.23191391941392,0.0047299569656814,0.387755102040816,0.0070962719224399,0.570294784580499,sensory,GS,3,10,13,24,120,144,2637.0,0.0207487489377774,243.305184211048,0.001914402041128,inf,0.0102661738126552,0.34,0.0154287175142455,0.515555555555556
5,AWAR,sensory,GS,12,14,26,32,104,136,317.0,0.0040870529382945,101.919755689473,0.0013140423878893,1.2734593837535,0.0046057477868993,0.342767295597484,0.0075831561313627,0.567610062893082,sensory,GS,4,7,11,11,125,136,340.0,0.0026752273943285,99.3291990311765,0.0007815535126615,inf,0.0125320369159091,0.441176470588235,0.0154346908379557,0.588235294117647
6,ASGL,sensory,GS,10,9,19,28,78,106,89.0,0.001147469121477,49.6420031775893,0.000640029952523,1.27261632341724,0.0052632808851665,0.384146341463415,0.0080682470991859,0.652947154471545,sensory,GS,4,6,10,25,90,115,58.0,0.0004563623202089,79.7671602581196,0.0006276332126185,inf,0.0051762034970601,0.151162790697674,0.0038541889486412,0.191860465116279
7,ASGR,sensory,GS,15,10,25,42,91,133,1.0,1.28929114772698e-05,48.7003082088396,0.0006278887626523,1.25256304542019,0.005618194082758,0.451890034364261,0.0077687863616546,0.698739977090493,sensory,GS,6,3,9,18,67,85,0.0,0.0,39.7642556493332,0.0003128777236122,inf,0.0116376564955108,0.575757575757576,0.0125485950140715,0.666666666666667
8,AWBL,sensory,GS,14,20,34,38,84,122,45.0,0.0005801810164771,255.901344032434,0.0032993133755245,1.25845238095238,0.0025925032263598,0.248638838475499,0.0054568897525958,0.558045977011494,sensory,GS,4,7,11,12,56,68,0.0,0.0,104.136897956996,0.0008193820063969,inf,0.0077017418645227,0.311320754716981,0.0099377827230162,0.397798742138365
9,AWBR,sensory,GS,13,19,32,32,53,85,7.0,9.02503803408886e-05,184.764387171172,0.0023821508879499,1.35711448281208,0.0023101812078565,0.262345679012346,0.0043531268961973,0.515860768175583,sensory,GS,5,5,10,22,67,89,0.0,0.0,31.5559687646885,0.0002482923296878,inf,0.0149673876428298,0.488372093023256,0.018811981010719,0.662790697674418
10,ASEL,sensory,GS,15,19,34,51,143,194,71.0,0.0009153967148861,158.709039513997,0.0020462215970964,1.23962775408671,0.0046871623580386,0.319419237749546,0.0082589437339677,0.576754385964912,sensory,GS,4,6,10,11,40,51,0.0,0.0,97.4573861276464,0.000766825497495,inf,0.0026072523804657,0.151162790697674,0.0027896514149312,0.162790697674419
11,ASER,sensory,GS,21,20,41,84,121,205,563.0,0.0072587091617029,211.334786557205,0.0027247206951497,1.23499149659864,0.0040933912864525,0.322761194029851,0.0081268586169782,0.631011608623549,sensory,GS,4,6,10,10,50,60,238.0,0.0018726591760299,46.0217935607278,0.0003621140084405,inf,0.0079930901526898,0.392857142857143,0.009843663358256,0.490079365079365
12,ADFL,sensory,GS,15,24,39,57,151,208,1257.0,0.0162063897269281,222.284039765615,0.002865888447508,1.21845238095238,0.0033750711341047,0.293672627235213,0.0062946474734159,0.582187070151307,sensory,GS,8,10,18,59,116,175,146.0,0.0011487741163881,360.678362943692,0.0028379312855545,inf,0.0062568701211123,0.22972972972973,0.0085772508929311,0.349662162162162
13,ADFR,sensory,GS,23,25,48,70,224,294,250.0,0.0032232278693174,497.223093603868,0.0064106533302889,1.23211448281208,0.0039859978274419,0.302797833935018,0.0081790301013778,0.567043963254593,sensory,GS,10,11,21,65,92,157,609.0,0.0047918043621943,939.232513742172,0.0073901780894326,inf,0.0059515542694654,0.238916256157635,0.007291961919087,0.299671592775041
14,AFDL,sensory,GS,14,11,25,52,60,112,211.0,0.0027204043217039,136.940520451977,0.0017655620078386,1.24541479112375,0.0042869504332738,0.418965517241379,0.0076766139906248,0.497882513661202,sensory,GS,5,2,7,46,64,110,351.0,0.0027617788688509,38.1183489598542,0.000299927209894,inf,0.0046012559344771,0.131578947368421,0.0046012559344771,0.131578947368421
15,AFDR,sensory,GS,15,10,25,67,56,123,291.0,0.0037518372398855,116.807997493371,0.0015059951715191,1.27020379880981,0.0039295629454444,0.308620689655172,0.0057916167620408,0.468275862068965,sensory,GS,9,6,15,47,43,90,511.0,0.0040207094073584,209.011423756068,0.0016445679016465,inf,0.0025095725334787,0.17,0.0035516686767741,0.262916666666667
16,AWCL,sensory,GS,14,17,31,60,70,130,38.0,0.0004899306361362,145.245974476235,0.0018726434913518,1.25383229954125,0.0043218852089781,0.381578947368421,0.0069868272315674,0.638706140350877,sensory,GS,4,5,9,54,27,81,13.0,0.0001022881062537,59.7470096639742,0.0004701083440655,inf,0.0095877629604331,0.367647058823529,0.0077492698308098,0.397058823529412
17,AWCR,sensory,GS,16,18,34,71,120,191,272.0,0.0035068719218173,130.791716971022,0.0016862860288675,1.2592970521542,0.005801129455913,0.39344262295082,0.009593803886656,0.647465088038859,sensory,GS,3,2,5,3,58,61,0.0,0.0,50.9869884418578,0.0004011817300999,inf,0.0004169193764118,0.1,0.0004169193764118,0.1
18,ASKL,sensory,GS,12,10,22,97,95,192,1452.0,0.0187205074649957,75.7690082019203,0.0009768831154678,1.28313525749859,0.0067707427411221,0.350678733031674,0.0110045616844248,0.597662141779789,sensory,GS,10,9,19,43,37,80,84.0,0.0006609385327164,764.581999133241,0.0060159726743873,inf,0.0023291639300737,0.166666666666667,0.0035688790932008,0.241010101010101
19,ASKR,sensory,GS,15,19,34,88,116,204,2792.5,0.0360034553002759,197.99677171734,0.0025527548505368,1.26182230467945,0.0047561902905414,0.397810218978102,0.0086767682252023,0.62448347107438,sensory,GS,8,8,16,43,55,98,2.0,1.57366317313442e-05,837.704407498809,0.0065913228802663,inf,0.0041163237197905,0.247787610619469,0.0057851298993756,0.389233038348083
20,ASHL,sensory,GS,16,23,39,60,179,239,815.5,0.0105141693097135,249.636652107359,0.0032185432571021,1.2911158493248,0.0041694069002892,0.302197802197802,0.0086177058680365,0.607486263736264,sensory,GS,3,13,16,18,109,127,117.0,0.0009205929562836,167.611361142664,0.0013188191321457,inf,0.0039770321738308,0.200854700854701,0.0052289921591097,0.283048433048433
21,ASHR,sensory,GS,26,26,52,75,177,252,408.0,0.005260307882726,779.296873960876,0.0100474056104906,1.26852728552236,0.0036242706441613,0.298701298701299,0.0077894281966281,0.586572925282603,sensory,GS,5,5,10,21,77,98,0.0,0.0,102.236004500307,0.0008044251762526,inf,0.0077846028167407,0.36046511627907,0.0115570236186778,0.577519379844961
22,ADLL,sensory,GS,12,26,38,31,160,191,24.0,0.0003094298754544,353.678831441829,0.0045599498651637,1.26433873144399,0.0032850986533048,0.249279538904899,0.0066739389661595,0.564481268011527,sensory,GS,2,13,15,17,73,90,83.0,0.0006530702168507,109.450511511605,0.0008611911962326,inf,0.0014948502653839,0.140776699029126,0.0018023358527747,0.187702265372168
23,ADLR,sensory,GS,19,29,48,60,163,223,337.0,0.0043449111678399,603.317067984076,0.0077785135502446,1.24077853363568,0.003481915538974,0.280323450134771,0.0071433471200447,0.546596474045054,sensory,GS,8,10,18,45,160,205,1735.0,0.0136515280269411,1012.58506989674,0.0079673391708112,inf,0.004045334664577,0.154362416107383,0.0058341803947706,0.23741610738255
24,BAGL,sensory,GS,13,21,34,54,89,143,434.0,0.005595523581135,253.671227319722,0.0032705606781635,1.27127659574468,0.0034385920832537,0.270833333333333,0.0066295021505168,0.568719806763285,sensory,GS,8,9,17,55,98,153,869.0,0.006837566487269,462.904499719996,0.0036422788194378,inf,0.0067853331211454,0.236842105263158,0.0102465566675816,0.358395989974937
25,URXL,sensory,GS,18,25,43,77,97,174,330.0,0.004254660787499,426.495961364212,0.0054987746752818,1.28194444444444,0.0029412505341709,0.285313901345291,0.0061413344454361,0.548930041152263,sensory,GS,5,4,9,13,6,19,0.0,0.0,100.469852086451,0.0007905285311935,inf,0.0034355882941444,0.40625,0.0039194217762815,0.447916666666667
26,URXR,sensory,GS,23,27,50,89,144,233,484.0,0.0062401691549985,538.616517416116,0.0069443350792413,1.26572104018913,0.0025731699716328,0.218001651527663,0.0061393785485625,0.547722268097991,sensory,GS,8,13,21,22,68,90,367.0,0.0028876719227016,931.37901822097,0.0073283843060221,inf,0.00113073631021,0.0980392156862745,0.0020857852122613,0.17593954248366
27,ALNL,sensory,GS,4,9,13,20,27,47,0.0,0.0,10.7358338018205,0.0001384161548415,1.36363636363636,0.0049727882295724,0.413333333333333,0.0071977670468508,0.641111111111111,sensory,GS,3,8,11,10,61,71,0.0,0.0,85.1777673738766,0.0006702055784304,inf,0.0047921423188835,0.25,0.0076625394917254,0.34212962962963
28,ALNR,sensory,GS,11,10,21,43,45,88,9.0,0.0001160362032954,89.5018184084271,0.0011539390217945,1.25,0.002686403713129,0.257425742574257,0.0040029466725926,0.387458745874587,sensory,GS,1,6,7,1,21,22,0.0,0.0,5.86342074379159,4.61352464654863e-05,inf,0.0039709563328482,0.3,0.0056277869513784,0.4375
29,PLNL,sensory,GS,7,6,13,31,29,60,163.0,0.0021015445707949,62.0745847055083,0.0008003221255964,1.24583333333333,0.0025431481404144,0.191780821917808,0.003446947161899,0.252853881278539,sensory,GS,4,8,12,12,86,98,3.0,2.36049475970163e-05,94.5188571989237,0.0007437042237034,inf,0.0033720932738204,0.2109375,0.0041798834061065,0.255208333333333
30,PLNR,sensory,GS,6,9,15,25,41,66,327.0,0.0042159820530672,75.5615687792979,0.0009742086173551,1.3768115942029,0.0018779886182552,0.151515151515152,0.0029771623552757,0.230639730639731,sensory,GS,5,5,10,22,40,62,11.0,8.65514745223932e-05,204.697162629169,0.0016106219323731,inf,0.0025413168805071,0.127906976744186,0.0026529593735267,0.122093023255814
31,SDQL,sensory,GS,8,21,29,36,65,101,26.5,0.0003416621541476,113.943711716262,0.0014690661885493,1.35119047619048,0.002984731457327,0.293233082706767,0.0060035619854213,0.598036758563074,sensory,GS,3,3,6,26,15,41,0.0,0.0,7.17099372033196,5.6423643662323e-05,inf,0.0134307749527742,0.5,0.0087822133606399,0.307692307692308
32,SDQR,sensory,GS,13,19,32,46,121,167,299.0,0.0038549805317036,387.711248844183,0.0049987268100897,1.32668067226891,0.0025734867785399,0.194845360824742,0.0057479570043267,0.47014236622484,sensory,GS,6,13,19,66,188,254,1333.0,0.0104884650489409,426.899846319907,0.0033589828338519,inf,0.0111813280350324,0.328313253012048,0.0159123629053442,0.279040404040404
33,AQR,sensory,GS,13,22,35,149,201,350,1660.0,0.0214022330522679,156.445545098592,0.0020170385639693,1.33023088921706,0.0070761964365633,0.370719178082192,0.0118558343234516,0.664740296803653,sensory,GS,7,16,23,22,64,86,677.0,0.00532684984106,240.21226298359,0.0018900659599627,inf,0.0038639095299412,0.271084337349398,0.0068527025898604,0.47623828647925
34,PQR,sensory,GS,11,19,30,81,164,245,2592.0,0.0334184265490833,28.1694620715326,0.0003631863808505,1.24944629014396,0.0107733716825506,0.591981132075472,0.0145347681273297,0.787146226415094,sensory,GS,30,34,64,226,353,579,1450.0,0.0114090580052246,1468.15262795968,0.0115518886158034,inf,0.0057309121830387,0.248369292523833,0.0117544328470059,0.57936109717344
35,ALML,sensory,GS,17,18,35,36,74,110,18.0,0.0002320724065908,311.899931027226,0.0040212982005005,1.36712361712362,0.0023831828228353,0.286449399656947,0.0052998305440177,0.51787556415216,sensory,GS,5,7,12,40,101,141,2923.0,0.0229990872753596,388.944273951429,0.0030603364015943,inf,0.0031439082390285,0.174603174603175,0.004349284474683,0.247354497354497
36,ALMR,sensory,GS,7,12,19,31,55,86,8.0,0.0001031432918181,77.6098651916004,0.0010006171216781,1.36322751322751,0.0029447980251017,0.234939759036145,0.0054698476313101,0.490974612736661,sensory,GS,7,8,15,53,94,147,3325.0,0.0261621502533598,314.570893922533,0.0024751431555293,inf,0.0040600806946527,0.188118811881188,0.0055212022203221,0.297194719471947
37,AVM,sensory,GS,7,22,29,40,126,166,380.5,0.0049057528171011,90.7256673490929,0.001169717997848,1.32205104263928,0.0043829209771014,0.29625,0.0084763044626279,0.578645833333333,sensory,GS,6,16,22,93,153,246,6947.0,0.0546611903188242,265.482462781571,0.0020888998739619,inf,0.0043171744129321,0.225663716814159,0.0093914113053968,0.490418246944796
38,PVM,sensory,GS,10,12,22,40,76,116,0.0,0.0,259.29548577133,0.0033430737445054,1.375,0.00839826125187,0.529279279279279,0.0105942528590753,0.643772893772894,sensory,GS,10,9,19,36,60,96,0.0,0.0,82.1979807125169,0.0006467596757665,inf,0.0087327755523863,0.561728395061728,0.0105837109536931,0.678385416666667
39,PLML,sensory,GS,10,12,22,65,129,194,626.0,0.0080709625847708,82.4573665507666,0.0010631155275878,1.35119047619048,0.0101462869259241,0.484162895927602,0.0136635244415185,0.638386123680241,sensory,GS,16,14,30,70,128,198,491.0,0.003863343090045,768.413996744824,0.0060461240419918,inf,0.0054688668545942,0.321090047393365,0.0088963379311018,0.530134281200632
40,PLMR,sensory,GS,8,12,20,51,119,170,1248.0,0.0160903535236327,111.329408760866,0.0014353602119706,1.36587301587302,0.0092306932428227,0.417582417582418,0.0144005762650095,0.597069597069597,sensory,GS,12,16,28,52,120,172,346.0,0.0027224372895225,570.143032333443,0.0044860654670116,inf,0.0040799606296407,0.277929155313351,0.0072645455409828,0.486080835603996
41,FLPL,sensory,GS,11,19,30,41,257,298,1258.0,0.0162192826384054,382.34342263814,0.0049295199019898,1.24702380952381,0.006865197938923,0.244705882352941,0.0110946956338229,0.483610644257703,sensory,GS,4,17,21,29,151,180,299.0,0.0023526264438359,239.006730884063,0.0018805804526175,inf,0.0051677324599948,0.202898550724638,0.0078030088919354,0.310668276972625
42,FLPR,sensory,GS,10,21,31,60,219,279,3056.0,0.0394007374745365,251.38432680689,0.0032410758722942,1.28124326653738,0.0084539386479265,0.385964912280702,0.0140528317743143,0.667945906432749,sensory,GS,4,8,12,15,47,62,0.0,0.0,56.0849773264237,0.0004412943169233,inf,0.0083214263786704,0.5,0.0117653219809465,0.590697674418605
43,DVA,sensory,GS,42,59,101,234,246,480,3386.5,0.0436618447177742,3020.71583660649,0.0389458218793545,1.31358543417367,0.002065057779655,0.145858223815213,0.0068065898417421,0.515181534581176,sensory,GS,38,45,83,288,279,567,6854.0,0.0539294369433167,5146.81747591788,0.0404967856034832,inf,0.0029936945735812,0.188,0.0085753067704997,0.457650838113023
44,PVDL,sensory,GS,13,17,30,348,382,730,237.0,0.0030556200201129,226.520598688079,0.0029205100266635,1.25649350649351,0.0075079090507227,0.290588235294118,0.0136963338583222,0.563941176470588,sensory,GS,11,15,26,346,390,736,349.0,0.0027460422371195,305.925416831563,0.0024071178109681,inf,0.0106429305875349,0.359621451104101,0.0194137333356837,0.636172450052576
45,PVDR,sensory,GS,9,17,26,357,385,742,739.0,0.0095278615817023,328.075021438126,0.0042298422093051,1.25952380952381,0.0098911257092755,0.28391167192429,0.0179334604526022,0.590667718191378,sensory,GS,11,17,28,364,385,749,797.0,0.0062710477449406,404.729821918129,0.003184542079109,inf,0.0094237444614776,0.268918918918919,0.0172822671296671,0.548423423423423
46,ADEL,sensory,GS,14,40,54,57,140,197,1228.0,0.0158324952940873,752.429190438619,0.0097010029452388,1.33730158730159,0.0018004006311951,0.175599435825106,0.005119534044422,0.454382293252156,sensory,GS,3,10,13,9,43,52,333.0,0.0026201491832688,215.388013594511,0.0016947409246412,inf,0.0037016943545904,0.289473684210526,0.0054843287587949,0.412280701754386
47,ADER,sensory,GS,16,29,45,54,103,157,422.0,0.0054408086434078,723.285412764824,0.0093252547995774,1.36769480519481,0.0019294162007078,0.172131147540984,0.0048299307817412,0.464071038251366,sensory,GS,3,7,10,4,28,32,0.0,0.0,46.8210295812552,0.0003684026499012,inf,0.0029952471609977,0.273809523809524,0.0028680868352561,0.226190476190476
48,PDEL,sensory,GS,13,11,24,112,80,192,351.0,0.0045254119285217,140.940480460539,0.0018171331381416,1.40580628803245,0.0094374383195353,0.449056603773585,0.0123392613993907,0.622012578616352,sensory,GS,11,14,25,102,102,204,270.0,0.0021244452837314,103.194231626966,0.0008119648099562,inf,0.0087739805676258,0.448275862068966,0.0123340715793332,0.69683908045977
49,PDER,sensory,GS,15,14,29,120,95,215,1318.5,0.0169993037827802,254.307091747624,0.003278758821944,1.37132352941176,0.0073674002676346,0.38295165394402,0.0111644182883692,0.632527565733673,sensory,GS,15,18,33,104,130,234,736.5,0.0057950146350675,236.728581314123,0.0018626552522119,inf,0.0065491456885404,0.38252427184466,0.0104993459499634,0.577961736571008
50,PHAL,sensory,GS,6,14,20,34,80,114,2.0,2.57858229545396e-05,68.4599275421089,0.0008826477855407,1.35250626566416,0.0043115650145733,0.331521739130435,0.0077987572736382,0.632246376811594,sensory,GS,16,24,40,153,397,550,5200.0,0.040915242501495,747.691119761419,0.0058830699002409,inf,0.0073735161642635,0.2911227154047,0.0151750805726863,0.575446040034813
51,PHAR,sensory,GS,9,16,25,52,88,140,793.0,0.0102240788014749,141.571596050306,0.0018252700555723,1.36750184569952,0.0040188431971141,0.311643835616438,0.0065859151937024,0.533961187214612,sensory,GS,13,29,42,197,486,683,6851.0,0.0539058319957196,212.195491551981,0.0016696211528025,inf,0.0093406285496043,0.331566548881037,0.0182158176094116,0.643796623478602
52,PHBL,sensory,GS,12,16,28,46,201,247,0.0,0.0,159.855475517015,0.0020610024949977,1.25560224089636,0.0073392306743979,0.422972972972973,0.0107301350187066,0.681531531531531,sensory,GS,8,19,27,71,215,286,65.0,0.0005114405312686,48.2910153501583,0.000379968962249,inf,0.0101881846857844,0.401449275362319,0.0168476675652956,0.679951690821256
53,PHBR,sensory,GS,8,14,22,54,185,239,743.5,0.00958587968335,30.9705320556315,0.0003993003281972,1.25250626566416,0.0107966826623275,0.453333333333333,0.015834316395237,0.716666666666667,sensory,GS,13,21,34,146,236,382,1283.0,0.0100950492556573,116.419505623751,0.000916025443173,inf,0.0109689770050666,0.384335154826958,0.0180740533020718,0.663479052823315
54,PHCL,sensory,GS,7,12,19,14,46,60,0.0,0.0,121.454452494179,0.0015659015045277,1.396918767507,0.0034968524472685,0.340361445783133,0.0057556652305364,0.596184738955823,sensory,GS,28,33,61,568,415,983,4039.0,0.0317801277814497,449.38277889785,0.0035358856489617,inf,0.0101767021796129,0.29453943739658,0.0190361937209038,0.589945919370698
55,PHCR,sensory,GS,10,14,24,28,118,146,276.0,0.0035584435677264,106.517026107014,0.0013733145884197,1.29656084656085,0.006313258792862,0.468045112781955,0.0091133598004674,0.707706766917293,sensory,GS,27,29,56,515,417,932,2307.0,0.0181522047021056,342.922955613975,0.0026982261323606,inf,0.0106996961721747,0.298752462245568,0.0190998679826443,0.616601006784855
56,IL2DL,sensory,GS,4,14,18,5,88,93,0.0,0.0,126.229325312314,0.0016274635170871,0.986904761904762,0.0041604075487797,0.363333333333333,0.0064996462312384,0.544491525423729,sensory,GS,3,5,8,5,28,33,178.0,0.0014005602240896,111.481580749691,0.000877172290543,inf,0.0038093175666916,0.351851851851852,0.0049826130945142,0.438271604938272
57,IL2DR,sensory,GS,3,12,15,7,117,124,7.0,9.02503803408886e-05,48.426107366377,0.0006243535154634,1.26046176046176,0.005210384767232,0.323529411764706,0.0086868902364413,0.565277777777778,sensory,GS,2,12,14,5,49,54,1.0,7.86831586567211e-06,287.449397515679,0.0022617426550505,inf,0.001750593370369,0.112359550561798,0.0018520744528638,0.116104868913858
58,IL2L,sensory,GS,16,17,33,35,122,157,401.0,0.0051700575023851,275.48437036935,0.0035517956005434,1.20666666666667,0.0025165301988533,0.209302325581395,0.005103017898229,0.446220930232558,sensory,GS,8,11,19,69,144,213,4898.0,0.038539011110062,467.438391515916,0.0036779529121889,inf,0.0060950213493607,0.285276073619632,0.011200912837387,0.495858895705521
59,IL2R,sensory,GS,7,15,22,20,96,116,41.0,0.000528609370568,96.2325628243543,0.0012407179137252,1.21929824561404,0.0037398350719632,0.302222222222222,0.0067253021278806,0.541481481481481,sensory,GS,9,16,25,40,114,154,450.0,0.0035407421395524,1099.44005908946,0.008650741660289,inf,0.0033006564648584,0.184931506849315,0.0046867100485595,0.284360730593607
60,IL2VL,sensory,GS,2,12,14,7,106,113,3.0,3.86787344318094e-05,9.41717694617935,0.0001214148287328,1.30919409145216,0.0062154702982216,0.337078651685393,0.0093820605746772,0.591947565543071,sensory,GS,4,11,15,7,112,119,0.0,0.0,96.954268469744,0.0007628668088451,inf,0.004547975268332,0.279411764705882,0.0057632792713769,0.336928104575163
61,IL2VR,sensory,GS,5,15,20,16,152,168,11.0,0.0001418220262499,105.293543926109,0.0013575403409673,1.33333333333333,0.0053844354637207,0.290322580645161,0.0090616387407469,0.556003584229391,sensory,GS,3,8,11,10,115,125,345.0,0.0027145689736568,46.4374161697887,0.0003653842584095,inf,0.0101807162344839,0.424528301886792,0.0145858979692373,0.612421383647799
62,CEPDL,sensory,GS,19,26,45,42,177,219,415.0,0.0053505582630669,741.418456889591,0.0095590425322914,1.0,0.0019820136286693,0.170756646216769,0.0052301063182679,0.46044648943422,sensory,GS,13,15,28,84,107,191,1700.0,0.0133761369716426,1213.43392487095,0.0095476814030068,inf,0.0025935410808858,0.156756756756757,0.0056737414749195,0.352522522522523
63,CEPDR,sensory,GS,14,23,37,37,155,192,393.0,0.005066914210567,227.795935102006,0.002936952826152,1.29141414141414,0.0036780491474409,0.296352583586626,0.007050045177129,0.566595804988662,sensory,GS,12,13,25,94,118,212,3321.0,0.0261306769898971,1444.981798111,0.0113695732076842,inf,0.0027538627441206,0.143835616438356,0.0044153376826247,0.245319634703196
64,CEPVL,sensory,GS,14,22,36,52,146,198,591.5,0.007626157138805,212.957261485971,0.0027456391207804,1.30935127674258,0.0034182025187006,0.240322580645161,0.0073358710117112,0.546841397849462,sensory,GS,11,16,27,79,184,263,2041.0,0.0160592326818368,1104.52979772058,0.0086907893315124,inf,0.0039867773561296,0.205539358600583,0.0092582848915415,0.131399317406143
65,CEPVR,sensory,GS,21,22,43,61,125,186,260.0,0.0033521569840901,477.659926454881,0.0061584271480219,1.30555555555556,0.0018790596494523,0.175977653631285,0.0050599007027504,0.493519553072626,sensory,GS,15,23,38,94,278,372,2265.0,0.0178217354357473,1938.25613496256,0.0152508114984622,inf,0.0030866918186819,0.151734104046243,0.0068692722718804,0.32480732177264
66,URYDR,sensory,GS,7,17,24,18,71,89,0.0,0.0,457.893942569906,0.0059035860675318,1.27777777777778,0.0031196526738254,0.284132841328413,0.005912901770083,0.549169741697417,sensory,GS,5,2,7,23,14,37,0.0,0.0,79.4127210371126,0.0006248443728725,inf,0.0047189974441007,0.289473684210526,0.0042945858822855,0.263157894736842
67,URYVL,sensory,GS,5,22,27,14,132,146,1.0,1.28929114772698e-05,209.210967262995,0.0026973384809957,1.25326797385621,0.0045655690575964,0.300578034682081,0.0081370205020642,0.60597302504817,sensory,GS,1,1,2,2,1,3,0.0,0.0,2.25575487314618,1.77489918574432e-05,inf,0.0,0.0,0.0,0.0
68,URYVR,sensory,GS,10,16,26,22,140,162,0.0,0.0,229.695716387648,0.002961446538094,1.32179487179487,0.0034342102573544,0.222741433021807,0.0074222416115669,0.539252336448598,sensory,GS,2,1,3,3,2,5,0.0,0.0,0.0,0.0,inf,0.0105751584414489,1.0,0.0105751584414489,1.0
69,OLLL,sensory,GS,14,19,33,60,190,250,169.0,0.0021789020396586,148.40212570976,0.0019133354698146,1.2,0.0052762279405352,0.322393822393822,0.0100563607470374,0.547697368421053,sensory,GS,6,17,23,62,187,249,191.0,0.0015028483303433,219.55343093486,0.0017275157439875,inf,0.0045656770063662,0.193548387096774,0.0107191425226702,0.453024193548387
70,OLLR,sensory,GS,21,23,44,79,175,254,262.0,0.0033779428070446,375.647696072007,0.0048431924920967,1.29090909090909,0.0033969454662032,0.265273311897106,0.007368802791825,0.504770318021201,sensory,GS,7,15,22,84,201,285,1725.0,0.0135728448682844,478.394113275193,0.0037641559915273,inf,0.0050493678477802,0.170353982300885,0.0099718963066733,0.384845132743363
71,OLQDL,sensory,GS,9,14,23,76,54,130,12.0,0.0001547149377272,65.4771693204312,0.0008441913478305,1.2,0.003576867908955,0.266260162601626,0.0065418733530391,0.514939024390244,sensory,GS,9,11,20,87,68,155,272.0,0.0021401819154628,378.139149384816,0.0029753182685363,inf,0.0087149272648503,0.401639344262295,0.0135666707477114,0.490816326530612
72,OLQDR,sensory,GS,13,13,26,76,55,131,362.0,0.0046672339547716,100.770897775542,0.001299230264505,1.33080808080808,0.003696936485915,0.27742946708464,0.0067126719453397,0.535579937304075,sensory,GS,7,13,20,92,96,188,790.0,0.0062159695338809,286.879009717561,0.0022572546636889,inf,0.0051857453879911,0.222826086956522,0.0088454105631685,0.358242753623188
73,OLQVL,sensory,GS,16,13,29,95,60,155,25.0,0.0003223227869317,176.073588684035,0.0022701011923884,1.26587301587302,0.0034483871710341,0.263819095477387,0.0071099313713763,0.564070351758794,sensory,GS,10,10,20,89,110,199,161.0,0.0012667988543732,527.688257667153,0.0041520178899313,inf,0.0036288410554439,0.180327868852459,0.0070121661646635,0.361612021857923
74,OLQVR,sensory,GS,16,13,29,92,102,194,1577.0,0.0203321213996545,130.592862957521,0.0016837222216745,1.22222222222222,0.0034571303720625,0.214646464646465,0.0077680761727269,0.520138888888889,sensory,GS,8,13,21,128,118,246,2700.0,0.0212444528373147,700.701062628129,0.0055133372881702,inf,0.0066229187469832,0.267156862745098,0.0114051035363894,0.461805555555556
75,IL1DL,sensory,GS,9,9,18,62,35,97,549.0,0.0070782084010211,110.086658971095,0.0014193375489427,1.04209956709957,0.0031437575728802,0.226351351351351,0.0052851926180892,0.41829954954955,sensory,GS,6,2,8,27,37,64,19.0,0.0001494980014477,68.6939656079756,0.0005405058194691,inf,0.0048104707527691,0.303571428571429,0.0061122916978608,0.382440476190476
76,IL1DR,sensory,GS,14,12,26,80,111,191,1388.0,0.0178953611304505,308.258137983979,0.0039743448851754,1.22474747474747,0.0052277198951027,0.361464968152866,0.0102835580356074,0.498057644110276,sensory,GS,3,4,7,29,46,75,179.0,0.0014084285399553,7.13321057474936,5.61263539384805e-05,inf,0.0047845063466864,0.131578947368421,0.0047845063466864,0.131578947368421
77,IL1L,sensory,GS,11,15,26,47,90,137,328.0,0.0042288749645444,142.62973769639,0.0018389125821457,1.28989898989899,0.0040690516350258,0.33015873015873,0.0070546327022961,0.578306878306878,sensory,GS,7,8,15,31,68,99,674.0,0.005303244893463,211.198117321343,0.0016617734973196,inf,0.0055235306851404,0.297029702970297,0.0085164751766402,0.461798679867987
78,IL1R,sensory,GS,14,14,28,52,93,145,709.0,0.0091410742373842,136.211652386061,0.0017561647763861,1.25326797385621,0.0042047158682862,0.303234501347709,0.0078481122462607,0.609389038634322,sensory,GS,9,8,17,41,103,144,81.0,0.0006373335851194,253.671361945127,0.0019959664018595,inf,0.0043865352811303,0.21969696969697,0.0085064167542987,0.435227272727273
79,IL1VL,sensory,GS,11,12,23,83,89,172,755.0,0.0097341481653387,120.001110677296,0.0015471636971364,1.27215705441512,0.0064059815307135,0.357723577235772,0.0111609219861104,0.480923202614379,sensory,GS,9,9,18,61,175,236,64.0,0.000503572215403,369.20870518745,0.0029050507127706,inf,0.0043532918091514,0.216216216216216,0.0093569959775837,0.469707207207207
80,IL1VR,sensory,GS,10,9,19,87,101,188,930.0,0.0119904076738609,87.2879101133921,0.0011253952981278,1.33660130718954,0.0062480757553666,0.284848484848485,0.0094462206498733,0.469191919191919,sensory,GS,10,10,20,90,126,216,830.0,0.0065307021685078,367.948196439,0.0028951326317864,inf,0.0039404215290209,0.204918032786885,0.0065139825816207,0.353779599271403
81,AINL,interneuron,GS,9,15,24,13,50,63,143.0,0.0018436863412495,205.17146773967,0.002645257571229,1.37020379880981,0.001586807477508,0.203703703703704,0.0031545609321896,0.386768077601411,interneuron,GS,0,5,5,0,27,27,0.0,0.0,0.0,0.0,1.28747027825975,0.0036851448218232,0.3,0.0055634671307696,0.470833333333333
82,AINR,interneuron,GS,10,22,32,22,68,90,33.0,0.0004254660787499,175.832847139382,0.0022669973329643,1.35652590223486,0.0022786021753873,0.29320987654321,0.0048988130052148,0.475743348982786,interneuron,GS,7,9,16,26,69,95,61.0,0.0004799672678059,586.698211499756,0.0046163268459049,inf,0.0040009827043762,0.183760683760684,0.0056669379501365,0.286324786324786
83,AIML,interneuron,GS,10,19,29,23,62,85,30.0,0.000386787344318,227.846797108425,0.0029376085854983,1.33333333333333,0.0022371380384407,0.228535353535354,0.0045672652817214,0.496212121212121,interneuron,GS,4,7,11,27,57,84,294.0,0.0023132848645076,224.342378247895,0.0017651966941105,inf,0.0041918700122611,0.207547169811321,0.0047085111798041,0.19811320754717
84,AIMR,interneuron,GS,12,25,37,23,72,95,3.0,3.86787344318094e-05,293.460773105606,0.0037835637697017,1.33404452690167,0.002246188742259,0.286149162861492,0.0047561454577924,0.519647927314026,interneuron,GS,6,7,13,11,95,106,350.0,0.0027539105529852,508.018922226861,0.0039972533458192,inf,0.0066912759493867,0.388888888888889,0.008656186214664,0.532407407407407
85,RIH,interneuron,GS,27,30,57,116,272,388,2187.5,0.0282032438565277,1352.62235796754,0.0174392403234515,1.16666666666667,0.002320445309161,0.130861850443599,0.0065594853558088,0.428849809885932,interneuron,GS,14,32,46,129,413,542,5927.0,0.0466355081358386,1781.60347749871,0.0140182189083397,inf,0.0040737911304523,0.166015625,0.0122613269174391,0.342100376475376
86,URBL,interneuron,GS,9,20,29,36,81,117,123.0,0.0015858281117041,176.753023253667,0.0022788610821493,1.32040598290598,0.0026487945987263,0.280701754385965,0.0056262658043653,0.489120082815735,interneuron,GS,2,7,9,38,47,85,2.0,1.57366317313442e-05,15.3418777386837,0.0001207147400204,inf,0.0066803200718389,0.367647058823529,0.0083971705426648,0.448529411764706
87,URBR,interneuron,GS,13,26,39,57,90,147,297.0,0.0038291947087491,239.487459320246,0.0030876906129321,1.32822104018913,0.0024347205342791,0.222602739726027,0.0051521319852132,0.508641552511415,interneuron,GS,1,2,3,10,5,15,0.0,0.0,0.626874003189793,4.93244266507563e-06,inf,0.0031869051343116,0.333333333333333,0.0031869051343116,0.333333333333333
88,RIR,interneuron,GS,23,27,50,79,112,191,159.0,0.0020499729248859,460.557160178691,0.0059379226964066,1.27678571428571,0.0028627348525128,0.247311827956989,0.0066422221776985,0.577715743038324,interneuron,GS,8,12,20,89,72,161,2778.0,0.0218581814748371,430.416583499206,0.0033866536327951,inf,0.0047955277498657,0.202702702702703,0.0085092781461186,0.383839553839554
89,AIYL,interneuron,GS,14,15,29,133,203,336,1503.0,0.0193780459503365,223.735912121161,0.0028846073092643,1.20837775408671,0.0060139987940612,0.260705289672544,0.0104894617324796,0.526490344248531,interneuron,GS,10,11,21,121,492,613,1370.0,0.0107795927359708,678.745788010715,0.0053405862525628,inf,0.0080860053896308,0.195652173913043,0.0156525185408594,0.44987922705314
90,AIYR,interneuron,GS,15,17,32,139,211,350,1257.0,0.0162063897269281,155.95643973219,0.0020107325717772,1.23572104018913,0.0051372899835487,0.302061855670103,0.0093934817319458,0.617182130584192,interneuron,GS,7,11,18,105,436,541,1425.0,0.0112123501085828,320.230757816471,0.0025196767524035,inf,0.0098495230670769,0.231543624161074,0.016964509512324,0.486241610738255
91,AIAL,interneuron,GS,26,23,49,216,122,338,2523.0,0.0325288156571517,447.605198197901,0.0057709341971313,1.25087719298246,0.0039456933418602,0.280709342560554,0.00805657530437,0.600093713956171,interneuron,GS,14,9,23,197,159,356,2908.5,0.0228849966953073,446.283535974466,0.0035114998266961,inf,0.0100102753293064,0.267206477732794,0.018657025330539,0.376056910569106
92,AIAR,interneuron,GS,17,16,33,214,114,328,3292.0,0.0424434645831722,100.753429461859,0.001299005047083,1.23404452690167,0.0089868309733362,0.489299610894942,0.0140781478563769,0.687407817109144,interneuron,GS,14,10,24,270,47,317,3118.0,0.0245334088691656,974.885098734545,0.0076707038895803,inf,0.0054889224790122,0.229323308270677,0.0086338594483791,0.382111528822055
93,AUAL,interneuron,GS,12,17,29,62,101,163,329.5,0.0042482143317604,221.619030422524,0.0028573145409159,1.26289682539683,0.0040825638299502,0.273989898989899,0.0072998251273195,0.539036195286195,interneuron,GS,4,6,10,11,89,100,0.0,0.0,207.724585350398,0.0016344426506027,inf,0.0102437742973231,0.348837209302326,0.0114883073533378,0.436046511627907
94,AUAR,interneuron,GS,13,12,25,61,90,151,1163.0,0.0149944560480648,140.656965240251,0.0018134778015039,1.26117558564367,0.0048212076828685,0.34020618556701,0.0079791316365493,0.61491981672394,interneuron,GS,10,6,16,34,86,120,70.0,0.000550782110597,435.155433183978,0.0034239403989549,inf,0.0064823234990333,0.267241379310345,0.0094816563989825,0.438074712643678
95,AIZL,interneuron,GS,26,25,51,248,280,528,4509.0,0.0581341378510095,668.966440920996,0.0086249251040586,1.19345238095238,0.003948776866147,0.212301587301587,0.0094502255796859,0.540436507936508,interneuron,GS,11,15,26,304,227,531,6942.5,0.0546257828974286,1043.0205995358,0.0082068155315503,inf,0.0066266923532863,0.19811320754717,0.0113683289167032,0.381420335429769
96,AIZR,interneuron,GS,21,19,40,238,219,457,3173.0,0.0409092081173771,372.033346824892,0.0047965930072057,1.23774509803922,0.0056040122047942,0.287662337662338,0.0117852288310477,0.606114718614719,interneuron,GS,13,14,27,346,289,635,4241.0,0.0333695275863154,870.325824860637,0.0068479984960551,inf,0.0109564940814157,0.283236994219653,0.0216977813902752,0.452935971685972
97,RIS,interneuron,GS,24,29,53,77,221,298,2734.5,0.0352556664345943,512.269559627684,0.0066046460847797,1.25,0.0042876217658587,0.311029411764706,0.0086718247506539,0.586287758346582,interneuron,GS,12,19,31,33,212,245,82.0,0.0006452019009851,510.367447805096,0.0040157322868874,inf,0.0057541009697638,0.325657894736842,0.0106082169795746,0.55144472361809
98,ALA,interneuron,GS,11,13,24,524,684,1208,457.0,0.0058920605451123,260.396979544181,0.0033572752062115,1.25957042957043,0.0056934975938167,0.226591760299625,0.0070714741263351,0.320349563046192,interneuron,GS,4,6,10,505,659,1164,451.0,0.0035486104554181,159.006154311534,0.0012511106467089,inf,0.026452511934086,0.0975609756097561,0.026452511934086,0.0975609756097561
99,PVQL,interneuron,GS,16,16,32,126,118,244,2087.0,0.0269075062530621,295.190355931856,0.0038058631279731,1.31581949963036,0.003578317449883,0.28202479338843,0.0074150398310161,0.585829889807163,interneuron,GS,14,12,26,134,135,269,2461.0,0.0193639253454191,949.698154287735,0.0074725250549817,inf,0.0046480005369524,0.200315457413249,0.0081095073945146,0.38621375995193
100,PVQR,interneuron,GS,23,27,50,137,143,280,1262.0,0.0162708542843145,927.382229768266,0.0119566569939953,1.29408036919558,0.0019150450947549,0.181668042939719,0.0053693067319027,0.509179741260666,interneuron,GS,24,27,51,241,252,493,7757.0,0.0610345261700186,1152.68703286249,0.0090697056688264,inf,0.0046018227062087,0.240031897926635,0.0098762032172765,0.524926900584795
101,ADAL,interneuron,GS,20,26,46,59,111,170,50.0,0.0006446455738634,453.960325584023,0.0058528702919473,1.29444444444444,0.0030258058848467,0.274682306940371,0.0061546450324013,0.530864527629234,interneuron,GS,4,17,21,20,90,110,454.0,0.0035722154030151,672.953399887977,0.0052950099131965,inf,0.0028886140005037,0.164251207729469,0.0048900207849736,0.316908212560386
102,RIFL,interneuron,GS,13,11,24,34,60,94,183.0,0.0023594028003403,105.971016899751,0.0013662749400447,1.32347554406378,0.0020621184210054,0.210332103321033,0.00424153864838,0.445571955719557,interneuron,GS,7,9,16,37,116,153,462.0,0.0036351619299405,417.716959725286,0.0032867289815667,inf,0.0064090701544206,0.26271186440678,0.0079546896683109,0.416101694915254
103,RIFR,interneuron,GS,17,23,40,48,90,138,196.0,0.0025270106495448,493.610457667524,0.006364075934962,1.30833333333333,0.0022849189070771,0.256809338521401,0.0048825485285061,0.566061392131431,interneuron,GS,11,8,19,105,65,170,19.0,0.0001494980014477,125.087855887104,0.0009842307610794,inf,0.0100448831550604,0.42814371257485,0.012663401287685,0.551378446115288
104,BDUL,interneuron,GS,7,13,20,52,57,109,143.5,0.0018501327969882,95.062708207603,0.0012256350817101,1.33333333333333,0.0020739520455131,0.232432432432432,0.0033146009282696,0.349099099099099,interneuron,GS,3,3,6,40,28,68,13.0,0.0001022881062537,15.0539625573339,0.0001184493324311,inf,0.0009034366070027,0.0769230769230769,0.0009034366070027,0.0769230769230769
105,BDUR,interneuron,GS,10,16,26,59,84,143,449.0,0.0057889172532941,204.473405572107,0.002636257517497,1.40238095238095,0.0028814640566836,0.248427672955975,0.0061109419562627,0.495754716981132,interneuron,GS,3,4,7,39,35,74,265.0,0.0020851037044031,27.1612088412738,0.0002137129704566,inf,0.0037523020604055,0.236842105263158,0.0038515911263705,0.25
106,PVR,interneuron,GS,31,44,75,198,303,501,6410.0,0.0826435625692994,1890.61636095522,0.0243755493792736,1.3125,0.0027917197894445,0.166848418756816,0.0089055761516379,0.409864729001005,interneuron,GS,16,17,33,81,96,177,201.0,0.001581531489,690.525449677537,0.0054332723513481,inf,0.0025861093438443,0.203846153846154,0.0051130513590949,0.383092948717949
107,AVFL,interneuron,GS,22,30,52,105,111,216,38.0,0.0004899306361362,510.087596593658,0.0065765142285353,1.44719065104622,0.0025949469174485,0.234327217125382,0.0054734743086346,0.567979102956167,interneuron,GS,31,36,67,200,351,551,660.0,0.0051930884713435,2186.96552381262,0.0172077355286928,inf,0.0055427349222408,0.267473732297853,0.0112932864572875,0.572458069568622
108,AVFR,interneuron,GS,16,26,42,96,110,206,534.5,0.0068912611846007,396.124082810215,0.0051071927336867,1.42393483709273,0.0033731287777579,0.267688679245283,0.005792728622316,0.535790094339623,interneuron,GS,29,36,65,122,313,435,947.0,0.0074512951247914,2144.45329719339,0.0168732359014996,inf,0.0051632932523194,0.277535177098496,0.0105793488714288,0.586883389940158
109,AVHL,interneuron,GS,28,34,62,120,131,251,1052.0,0.0135633428740878,889.028342478985,0.0114621637203655,1.35250626566416,0.0022708350667462,0.193048128342246,0.0057445527178804,0.521014769544181,interneuron,GS,16,18,34,28,34,62,0.0,0.0,1159.97833218958,0.0091270759150031,inf,0.0019189711496869,0.230072463768116,0.0039462532588516,0.476449275362319
110,AVHR,interneuron,GS,31,32,63,131,151,282,2816.0,0.0363064387199918,852.379578649339,0.0109896544525585,1.35273139558854,0.0028930666116924,0.22630761263594,0.0068684523116218,0.563222855170033,interneuron,GS,17,22,39,78,77,155,366.0,0.0028798036068359,1888.90795210859,0.0148625244083702,inf,0.0026111949156261,0.199315068493151,0.0053029893751689,0.42029843444227
111,PVPL,interneuron,GS,36,37,73,235,254,489,4929.0,0.0635491606714628,1057.22592319667,0.0136307202392496,1.31194629014396,0.0039781701045359,0.284751636503658,0.0095315360262156,0.590987780040733,interneuron,GS,33,34,67,218,230,448,2150.0,0.016916879111195,2007.03171576673,0.0157919594920745,inf,0.0037737543867053,0.237648673376029,0.0088556003367739,0.558912778286063
112,PVPR,interneuron,GS,32,35,67,243,290,533,3056.0,0.0394007374745365,1084.13713994889,0.0139776841745815,1.314101856959,0.0041791163423194,0.268069533394328,0.009356008629793,0.599229948154925,interneuron,GS,22,25,47,214,196,410,4092.0,0.0321971485223303,1107.65084868533,0.0087153467463359,inf,0.0049226026052729,0.227657572906867,0.0104902836678563,0.536853245531515
113,LUAL,interneuron,GS,12,13,25,48,118,166,4.0,5.15716459090792e-05,53.1631549511899,0.000685427850638,1.26966873706004,0.0099507533732464,0.570689655172414,0.0130464219657087,0.769540229885057,interneuron,GS,9,16,25,44,96,140,238.0,0.0018726591760299,139.750840369693,0.0010996037545218,inf,0.0047187206059592,0.295221843003413,0.0097917026911101,0.604379977246872
114,LUAR,interneuron,GS,13,16,29,67,131,198,35.0,0.0004512519017044,78.9315993048906,0.0010176581225972,1.2547619047619,0.009316687677634,0.552030456852792,0.0139795857775139,0.770093062605753,interneuron,GS,7,13,20,39,63,102,177.0,0.0013926919082239,172.905029117306,0.0013604713838582,inf,0.0060390062578521,0.368852459016393,0.0093913508288004,0.618852459016393
115,PVNL,interneuron,GS,19,24,43,57,120,177,40.0,0.0005157164590907,215.061561705521,0.0027727696772326,1.37444629014396,0.0045203416171753,0.392454954954955,0.007732416362236,0.666197447447447,interneuron,GS,42,47,89,264,283,547,3076.0,0.0242029396028074,2391.63351950347,0.0188181279663824,inf,0.0048006227463522,0.285769428718477,0.0106030975225895,0.600080818965517
116,PVNR,interneuron,GS,30,40,70,88,117,205,12.0,0.0001547149377272,1367.62768777666,0.0176327027123676,1.41611295681063,0.0022885354368424,0.248641872127037,0.005327162432007,0.526910985927379,interneuron,GS,34,29,63,217,181,398,204.0,0.0016051364365971,1181.68349255864,0.0092978589727019,inf,0.0057847318872964,0.310362694300518,0.0110003906141091,0.611062176165803
117,AVG,interneuron,GS,22,31,53,84,95,179,80.0,0.0010314329181815,399.070232346003,0.0051451771788505,1.35850340136054,0.0034804472214638,0.353157121879589,0.0069238228736438,0.638988095238095,interneuron,GS,49,41,90,486,286,772,4091.0,0.0321892802064646,1766.59513399628,0.013900128521042,inf,0.0057233412388978,0.283266129032258,0.0135912702431404,0.605551160337553
118,DVB,interneuron,GS,12,13,25,62,121,183,11.0,0.0001418220262499,45.7354592204369,0.0005896632271013,1.33707482993197,0.011313107309366,0.615916955017301,0.0145535891132891,0.739368998628258,interneuron,GS,15,23,38,65,94,159,19.0,0.0001494980014477,90.6066183867885,0.0007129214929876,inf,0.0060789478856601,0.497822931785196,0.0090697556736864,0.715018908698001
119,RIBL,interneuron,GS,35,28,63,271,135,406,1254.5,0.016174157448235,895.352735381567,0.0115437035582059,1.32619047619048,0.003646648196236,0.241325737959606,0.0090853000341717,0.552883729500645,interneuron,GS,26,15,41,307,63,370,150.0,0.0011802473798508,2480.50835203096,0.0195174232212174,inf,0.0044103386309384,0.203841387856258,0.0102425884559275,0.493841092818788
120,RIBR,interneuron,GS,34,31,65,285,120,405,1285.0,0.0165673912482917,1089.15048092518,0.0140423207359941,1.34072104018913,0.0035133433202582,0.249148418491484,0.0087205861309375,0.547477103853465,interneuron,GS,33,23,56,451,148,599,4508.0,0.0354703679224499,4695.17724724741,0.0369431376266595,inf,0.0050819906580918,0.213346482577252,0.0140557404972731,0.463782731776362
121,RIGL,interneuron,GS,30,29,59,203,220,423,3273.5,0.0422049457208427,1345.11466577499,0.0173424443126144,1.28436147186147,0.0026983299732265,0.187278106508876,0.0068429693104718,0.503974358974359,interneuron,GS,16,21,37,133,212,345,2723.5,0.021429358260158,1965.88269894086,0.0154681860301267,inf,0.0029872532218776,0.148854961832061,0.0075552712489495,0.388462377317339
122,RIGR,interneuron,GS,25,27,52,225,205,430,1684.0,0.0217116629277223,782.819824871244,0.0100928267047168,1.29670715087382,0.0031843817492206,0.188837920489297,0.0077618753653693,0.501968654434251,interneuron,GS,21,17,38,216,183,399,5014.0,0.03945173575048,1643.2334273277,0.0129294796472453,inf,0.0032126642441687,0.150724637681159,0.0082233204347609,0.39900707384403
123,RMGL,interneuron,GS,26,33,59,85,118,203,619.0,0.00798071220443,853.886796166349,0.0110090868745823,1.32584008780817,0.0014326328768459,0.152622274602239,0.0045046498566673,0.499287959143587,interneuron,GS,14,21,35,45,124,169,756.0,0.0059484467944481,1429.45769966376,0.0112474246975715,inf,0.0021662893649048,0.199486301369863,0.0056702571715714,0.321766409266409
124,RMGR,interneuron,GS,20,33,53,63,124,187,57.0,0.0007348959542043,583.044224991247,0.0075171375801455,1.23792270531401,0.0017576570433939,0.187454145267792,0.004585393911019,0.521307165566153,interneuron,GS,11,16,27,38,88,126,94.0,0.0007396216913731,1002.28949786849,0.0078863303580751,inf,0.0016368615863537,0.0953757225433526,0.0037576687337917,0.244147398843931
125,AIBL,interneuron,GS,38,31,69,286,198,484,2419.0,0.0311879528635156,1133.16535042727,0.0146098005521682,1.22587719298246,0.0029112091085485,0.192688172043011,0.0082236917568002,0.489563365282215,interneuron,GS,23,15,38,303,136,439,3088.0,0.0242973593931955,1114.11512373038,0.0087662097042329,inf,0.003860484234878,0.181492109038737,0.0099861742566142,0.326822251082251
126,AIBR,interneuron,GS,38,35,73,321,164,485,2966.0,0.0382403754415822,1532.36463998201,0.0197566416541865,1.20374149659864,0.0026320062597643,0.17191097467383,0.0069604248168413,0.511943591711435,interneuron,GS,20,18,38,214,120,334,1936.0,0.0152330595159412,2934.00584265244,0.0230856847217169,inf,0.0024708142166083,0.124277456647399,0.0052695012628497,0.285454800899165
127,RICL,interneuron,GS,20,23,43,99,107,206,506.0,0.0065238132074985,386.480012776786,0.0049828525924652,1.28174603174603,0.0019591456437866,0.168533034714446,0.0051772839459532,0.450597237775289,interneuron,GS,16,16,32,137,112,249,1522.0,0.011975576747553,1706.25907837181,0.0134253853773,inf,0.0018707531582184,0.115541922290389,0.0049539460782787,0.326146654981011
128,RICR,interneuron,GS,24,26,50,114,108,222,622.0,0.0080193909388618,513.349800859708,0.0066185735393582,1.28333333333333,0.0021680565762141,0.192751235584843,0.0058124795377853,0.521142229544207,interneuron,GS,15,18,33,134,173,307,4212.0,0.0331413464262109,1717.9710080596,0.01351753853948,inf,0.0029246510895578,0.141491395793499,0.0078756634417875,0.387377841512641
129,SAADL,interneuron,GS,17,13,30,81,62,143,439.0,0.0056599881385214,215.768623375466,0.0027818857607522,1.27083333333333,0.0023629887701786,0.196261682242991,0.0054444809516676,0.480003894080997,interneuron,GS,12,0,12,158,0,158,0.0,0.0,0.0,0.0,inf,0.002913407361496,0.0984848484848485,0.0037858562034886,0.14229797979798
130,SAADR,interneuron,GS,15,17,32,72,91,163,681.0,0.0087800727160207,261.226147212286,0.0033679655915562,1.2518115942029,0.0028813302124114,0.217659137577002,0.0063888320653761,0.531913073237509,interneuron,GS,11,0,11,126,0,126,0.0,0.0,0.0,0.0,inf,0.0033291468444752,0.163636363636364,0.00482812051983,0.240454545454545
131,SAAVL,interneuron,GS,15,13,28,83,160,243,1741.0,0.0224465588819267,129.619143245223,0.0016711681396202,1.23863636363636,0.0044946562572897,0.227027027027027,0.0082742580962611,0.457702702702703,interneuron,GS,9,7,16,95,158,253,3146.0,0.0247537217134045,570.90582113645,0.0044920673302524,inf,0.0060628821105579,0.15948275862069,0.008605301652044,0.239224137931034
132,SAAVR,interneuron,GS,17,20,37,82,143,225,5530.0,0.071297800469302,454.64877023961,0.0058617463479488,1.08333333333333,0.0040523535679499,0.318740399385561,0.0080021244601748,0.503587820670437,interneuron,GS,14,10,24,141,152,293,4261.0,0.0335268939036289,745.216087751375,0.0058635955666082,inf,0.0043096927716606,0.195167286245353,0.0078419185457247,0.352850061957869
133,AVKL,interneuron,GS,30,37,67,173,117,290,1307.0,0.0168510353007916,1144.98527279684,0.0147621937649473,1.3125,0.0023817410252806,0.169107551487414,0.0062441545040511,0.510240274599542,interneuron,GS,27,34,61,182,94,276,755.0,0.0059405784785824,3603.88334535006,0.0283564925042494,inf,0.0018684434982359,0.138597459966869,0.0054824463975469,0.446797349530646
134,AVKR,interneuron,GS,24,27,51,140,103,243,1701.0,0.0219308424228359,620.019983332592,0.0079938627592454,1.35542455101353,0.0027292206998052,0.210987261146497,0.0062623713204779,0.542024946921444,interneuron,GS,30,29,59,196,151,347,1099.0,0.0086472791363736,5306.89898069712,0.0417563574473383,inf,0.001950358696542,0.12189349112426,0.0051035647933314,0.364838804358035
135,DVC,interneuron,GS,29,32,61,183,252,435,5796.5,0.0747337613779944,1335.3888047048,0.0172170496467961,1.28707482993197,0.0038386938128178,0.217331118493909,0.0083251511310347,0.559551495016611,interneuron,GS,31,37,68,110,236,346,229.0,0.0018018443332389,3829.64997589367,0.030132895665295,inf,0.0032028376940028,0.240230905861456,0.0076068891695805,0.551210035523979
136,AVJL,interneuron,GS,37,27,64,188,125,313,1875.0,0.0241742090198809,611.342426336005,0.0078819837850494,1.3125,0.0041916893252417,0.306265664160401,0.0084826393728221,0.613680033416875,interneuron,GS,22,22,44,100,106,206,56.0,0.0004406256884776,1537.98378433689,0.0121013422114444,inf,0.0031237137836152,0.216129032258065,0.0055464078679845,0.420700204813108
137,AVJR,interneuron,GS,33,27,60,124,101,225,40.0,0.0005157164590907,557.232012323344,0.0071843430071857,1.35119047619048,0.0039339437597241,0.314179531160663,0.0074570821613964,0.625771869639794,interneuron,GS,15,18,33,76,87,163,0.0,0.0,162.983761203954,0.0012824077141279,inf,0.0055158397108126,0.348927875243665,0.0084293963609502,0.62946718648473
138,PVT,interneuron,GS,40,37,77,176,186,362,1771.5,0.0228397926819834,2603.65285202654,0.0335686657387192,1.29465058750773,0.0029341635117063,0.20611610228058,0.0069832718051255,0.544980995162405,interneuron,GS,13,19,32,70,119,189,1374.0,0.0108110659994335,737.239748536296,0.0058008352102122,inf,0.0047236410379732,0.299586776859504,0.0087615554587663,0.574982782369146
139,AVDL,interneuron,GS,43,36,79,316,191,507,1414.5,0.0182370232845981,951.658904299931,0.0122696540096946,1.2518315018315,0.0037472662259402,0.20754408883083,0.0088381463816416,0.560360875244938,interneuron,GS,25,26,51,252,147,399,1722.0,0.0135492399206874,970.4291998502,0.0076356434696928,inf,0.0050206816666641,0.201740506329114,0.0098630112881418,0.491580959915612
140,AVDR,interneuron,GS,50,41,91,293,211,504,389.0,0.0050153425646579,1477.93945615551,0.0190549425769773,1.2411158493248,0.0031975894214592,0.174644084437899,0.0077766271678111,0.53391834396989,interneuron,GS,25,33,58,199,161,360,7520.0,0.0591697353098543,857.877105385566,0.0067500480391021,inf,0.0040857461725429,0.203771289537713,0.0086325696356622,0.524315693430657
141,AVL,interneuron,GS,27,26,53,166,154,320,2031.0,0.026185503210335,678.022777752072,0.00874168765313,1.32874149659864,0.0039064760033492,0.24834680382072,0.0075202120420631,0.54005020818026,interneuron,GS,26,24,50,114,110,224,1623.0,0.0127702766499858,1775.33676044721,0.0139689103991377,inf,0.0026658585822692,0.239850869925435,0.0051410995203132,0.480433581883458
142,PVWL,interneuron,GS,12,9,21,44,30,74,18.0,0.0002320724065908,12.5077243276671,0.0001612609825387,1.3541366041366,0.0065947676634803,0.578817733990148,0.0088088665405156,0.777504105090312,interneuron,GS,7,4,11,29,11,40,0.0,0.0,9.30428986401086,7.32090915558089e-05,inf,0.0045569281774403,0.411764705882353,0.0057706494808633,0.53921568627451
143,PVWR,interneuron,GS,14,13,27,47,48,95,0.0,0.0,76.3129990672487,0.000983896741539,1.3541366041366,0.0060936497093703,0.497050147492625,0.0086216504333584,0.73180924287119,interneuron,GS,9,4,13,24,7,31,0.0,0.0,21.5134028657656,0.0001692742490932,inf,0.0038513717502987,0.412162162162162,0.0055792487641509,0.655405405405405
144,RIAL,interneuron,GS,37,29,66,442,408,850,2373.0,0.0305948789355612,897.495819593203,0.0115713341532349,1.21527777777778,0.0052449894630074,0.205647058823529,0.0126007991131756,0.541137254901961,interneuron,GS,30,23,53,599,523,1122,2730.0,0.0214805023132849,1683.74654804233,0.0132482496777321,inf,0.0089285507909717,0.213553113553114,0.0217037701441361,0.4667599819025
145,RIAR,interneuron,GS,39,28,67,421,457,878,3705.0,0.0477682370232846,706.103623907162,0.0091037315168144,1.21572104018913,0.0059559477339979,0.247260273972603,0.0137116857062008,0.552180420711974,interneuron,GS,28,26,54,623,698,1321,9595.0,0.0754964907311239,1754.97473262752,0.0138086955325868,inf,0.0090990797007528,0.182780522230064,0.0213942833584237,0.491717074973956
146,RIML,interneuron,GS,32,29,61,259,226,485,3224.5,0.0415731930584565,557.385100982231,0.0071863167657129,1.18333333333333,0.0057826836560702,0.309734513274336,0.0121588473207948,0.602268244575937,interneuron,GS,20,20,40,257,211,468,6399.5,0.0503532873823687,2018.72933327836,0.0158840000415318,inf,0.0039322953898279,0.157792207792208,0.0105437693825944,0.450112863327149
147,RIMR,interneuron,GS,31,27,58,289,192,481,4711.0,0.060738505969418,634.771226886887,0.0081840492365705,1.20833333333333,0.0046757793273584,0.272477064220183,0.0106158220492756,0.602344546381243,interneuron,GS,16,23,39,221,240,461,8569.5,0.0674275328108772,1672.32803583233,0.0131584052169478,inf,0.004510091855179,0.176470588235294,0.0118273779595889,0.464906195036154
148,AVEL,interneuron,GS,54,35,89,343,163,506,1246.0,0.0160645677006782,2134.89569855814,0.0275250212547141,1.28333333333333,0.0021602320299701,0.154132443531828,0.0069882868389648,0.507518394934976,interneuron,GS,31,17,48,322,131,453,10155.0,0.0799027476159003,2806.59505805646,0.0220831764238226,inf,0.0025826815617423,0.11541889483066,0.0081951742752405,0.391221033868093
149,AVER,interneuron,GS,53,36,89,347,185,532,4657.5,0.0600487352053841,2237.45404512985,0.0288472969383183,1.2547619047619,0.0025050624539786,0.160585817060637,0.0073577622809582,0.519000513874615,interneuron,GS,19,21,40,185,165,350,1362.0,0.0107166462090454,1687.1548819267,0.01327506752531,inf,0.0029108410565863,0.12015503875969,0.0078584067719192,0.348528054632706
150,RMFL,interneuron,GS,16,16,32,53,56,109,61.0,0.0007864676001134,146.407085593185,0.0018876135941979,1.34026316473125,0.0031930304643999,0.319958847736626,0.0058628256259857,0.593655692729767,interneuron,GS,8,0,8,25,0,25,0.0,0.0,0.0,0.0,inf,0.0038485465014368,0.339285714285714,0.0065993814977511,0.517857142857143
151,RMFR,interneuron,GS,10,6,16,47,26,73,1.0,1.28929114772698e-05,46.4484205125034,0.0005988553739267,1.42784225231034,0.0045470605034247,0.330508474576271,0.0079075024265465,0.606991525423729,interneuron,GS,7,5,12,43,15,58,0.0,0.0,168.302947539189,0.0013242607523619,inf,0.0043305372130566,0.21875,0.0082791980093657,0.475130208333333
152,RID,interneuron,GS,23,18,41,81,46,127,57.0,0.0007348959542043,637.883193163379,0.0082241715422936,1.44047619047619,0.0019676551993187,0.181874229346486,0.0042966520213221,0.338023777041512,interneuron,GS,9,5,14,34,21,55,355.0,0.0027932521323136,893.852072551986,0.0070331104440246,inf,0.0014990541906809,0.120689655172414,0.001039264622367,0.10632183908046
153,AVBL,interneuron,GS,65,44,109,470,197,667,4914.0,0.0633557669993038,3176.25612930579,0.0409511891042752,1.28501400560224,0.0023456950155184,0.145566376217324,0.0075082293109555,0.513504470641836,interneuron,GS,55,34,89,605,259,864,7701.0,0.0605939004815409,4727.06778952397,0.037194062486419,inf,0.0043340885849601,0.169452301362818,0.0122561814255317,0.459715118887393
154,AVBR,interneuron,GS,67,43,110,462,183,645,4236.0,0.0546143730177149,3844.94464628819,0.0495725309595961,1.29761904761905,0.0020360021010683,0.124476110645432,0.0071998202727015,0.498393405979324,interneuron,GS,61,48,109,577,254,831,8755.0,0.0688871054039593,9353.40157234305,0.0735955179896693,inf,0.0030652712773182,0.162393162393162,0.0100435455127151,0.456828128696475
155,AVAL,interneuron,GS,90,58,148,894,485,1379,15953.0,0.205680616796885,5537.05076736002,0.0713887053887215,1.25952380952381,0.0027340047766595,0.11915974145891,0.0103895360048096,0.490209295167744,interneuron,GS,71,59,130,1293,1092,2385,45021.5,0.354243382746357,9693.21893609628,0.0762693083443197,inf,0.0051624365316353,0.132545301812072,0.0174760901486629,0.492347693907756
156,AVAR,interneuron,GS,89,70,159,935,542,1477,22749.5,0.293307289652149,7833.81977809603,0.101000744927877,1.22619047619048,0.0025039989125404,0.112386054693747,0.0096130937814694,0.482000639692947,interneuron,GS,73,63,136,1122,975,2097,26753.0,0.210501054354326,12410.5172955788,0.0976498701380007,inf,0.0044353472911197,0.115911081909768,0.014840763196037,0.45719852220345
157,PVCL,interneuron,GS,46,50,96,448,322,770,3404.5,0.043893917124365,1588.45096231754,0.0204797576431441,1.27621452621453,0.0040072133600162,0.212472406181015,0.009612619063826,0.550617994779671,interneuron,GS,36,31,67,286,164,450,4644.0,0.0365404588801813,1243.36143618111,0.0097831605150687,inf,0.0042457605570466,0.215360072926162,0.0095971568114833,0.53084548769371
158,PVCR,interneuron,GS,45,52,97,477,388,865,12930.0,0.166705345401098,1598.68510640159,0.0206117055568653,1.26322751322751,0.0043764100861645,0.196841877568678,0.0105359666955425,0.564829836325618,interneuron,GS,36,42,78,387,309,696,3307.0,0.0260205205677777,1993.58175328267,0.0156861309388684,inf,0.0052232240870948,0.222521008403361,0.0111957302765533,0.562997198879552
159,RIPL,interneuron,GS,20,11,31,200,34,234,1451.0,0.0187076145535185,227.859184057435,0.0029377682893354,1.41413373860182,0.0041320591548273,0.251091703056769,0.0085008276111467,0.46,interneuron,GS,8,0,8,169,0,169,0.0,0.0,0.0,0.0,inf,0.0099896679357155,0.214285714285714,0.0110112698366269,0.223214285714286
160,RIPR,interneuron,GS,19,11,30,238,20,258,83.0,0.0010701116526133,373.477174156831,0.0048152081451849,1.66414141414141,0.0034180520276502,0.215116279069767,0.0077346701646955,0.502829457364341,interneuron,GS,15,1,16,217,1,218,0.0,0.0,111.851593702567,0.0008800836693306,inf,0.0048615203450008,0.168067226890756,0.010874500214318,0.420728291316527
161,URADL,motorneuron,GS,5,5,10,33,28,61,51.0,0.0006575384853407,55.9969343907706,0.0007219635180986,1.03452380952381,0.0070359692894903,0.395348837209302,0.0078814915794013,0.437403100775194,motorneuron,GS,2,1,3,14,16,30,0.0,0.0,35.4967357127743,0.0002792995287883,inf,0.0061538461538461,0.166666666666667,0.0061538461538461,0.166666666666667
162,URADR,motorneuron,GS,6,5,11,23,23,46,0.0,0.0,31.4310381520649,0.0004052375925332,1.55808080808081,0.0051558006842862,0.355769230769231,0.0059369945268371,0.415064102564103,motorneuron,GS,2,3,5,15,28,43,1.0,7.86831586567211e-06,31.7732915775605,0.0002500022942243,inf,0.0075260425632989,0.333333333333333,0.0065263783792945,0.277777777777778
163,URAVL,motorneuron,GS,10,15,25,42,66,108,373.0,0.0048090559810216,293.842880995053,0.0037884902528951,1.38275613275613,0.0035453473800892,0.268041237113402,0.0058831745389371,0.501746849942726,motorneuron,GS,3,6,9,64,63,127,579.0,0.0045557548862241,25.5393726042609,0.0002009518506614,inf,0.0106264403326024,0.338235294117647,0.0101117017860403,0.436274509803921
164,URAVR,motorneuron,GS,7,13,20,31,46,77,5.0,6.4464557386349e-05,77.785802598668,0.001002885467093,1.41352438411262,0.0036895130077789,0.295698924731183,0.0062816113249697,0.598566308243727,motorneuron,GS,3,3,6,52,49,101,424.0,0.0033361659270449,1.33560606060606,1.05089703569545e-05,inf,0.0161707904435834,0.571428571428571,0.0172130812177688,0.56547619047619
165,RMEL,motorneuron,GS,14,5,19,79,11,90,2.0,2.57858229545396e-05,63.0401494091904,0.0008127710658465,1.67474747474747,0.0019534046913914,0.169642857142857,0.0036348439263922,0.354546957671958,motorneuron,GS,7,5,12,35,8,43,0.0,0.0,48.8228199132805,0.0003841533685305,inf,0.0025330705266392,0.341269841269841,0.0033609823075204,0.13953488372093
166,RMER,motorneuron,GS,18,7,25,92,18,110,9.0,0.0001160362032954,87.5717394441908,0.0011290546845644,1.48989898989899,0.0036575249495679,0.331058020477816,0.0061917951649364,0.494838056680162,motorneuron,GS,15,5,20,72,10,82,352.0,0.0027696471847165,245.215632836052,0.0019294340543547,inf,0.0027632475576411,0.298387096774194,0.0049854343092471,0.280666666666667
167,RMED,motorneuron,GS,17,11,28,80,26,106,40.0,0.0005157164590907,326.890318312983,0.0042145679367858,1.60549038774845,0.0023073877882672,0.278378378378378,0.0048303215568252,0.280529350104822,motorneuron,GS,11,8,19,109,35,144,53.0,0.0004170207408806,419.593691387611,0.003301495699081,inf,0.0022665067104336,0.173652694610778,0.0043351454647781,0.273702594810379
168,RMEV,motorneuron,GS,24,16,40,114,33,147,164.0,0.0021144374822722,594.499399296874,0.0076648281284246,1.47474747474747,0.0016531235539381,0.179921773142112,0.0038026162545194,0.42916123424598,motorneuron,GS,11,5,16,65,19,84,0.0,0.0,262.508017994407,0.0020654960028515,inf,0.0030174603396601,0.193965517241379,0.0033784762417569,0.235632183908046
169,RMDDL,motorneuron,GS,32,15,47,325,56,381,996.0,0.0128413398313607,279.601765239888,0.0036048808081262,1.23989898989899,0.0046330685207609,0.25703564727955,0.0090363240383881,0.568363039399625,motorneuron,GS,13,3,16,343,48,391,672.0,0.0052875082617316,132.688191675083,0.0010440326037444,inf,0.0154836918446782,0.333333333333333,0.0241186578147672,0.562678062678063
170,RMDDR,motorneuron,GS,27,12,39,305,45,350,226.0,0.0029137979938629,250.631978928506,0.0032313759176981,1.31944444444444,0.0040901277411413,0.207534246575342,0.0079135247095005,0.482762557077625,motorneuron,GS,16,6,22,444,69,513,1800.0,0.0141629685582098,237.535298781762,0.0018690027600617,inf,0.0132996472502537,0.241150442477876,0.0227800034519973,0.484882005899705
171,RMDL,motorneuron,GS,31,27,58,184,100,284,947.0,0.0122095871689745,519.674476031945,0.0067001170164764,1.26117558564367,0.0032613999412278,0.235762400489896,0.006986204663282,0.571647274954072,motorneuron,GS,11,2,13,109,4,113,0.0,0.0,0.7329579519208,5.76714468196897e-06,inf,0.0097621142598061,0.473684210526316,0.0145535391568563,0.636574074074074
172,RMDR,motorneuron,GS,32,16,48,209,80,289,1065.0,0.0137309507232923,365.863654508422,0.0047170477103275,1.26334008780817,0.0043295135694064,0.280520646319569,0.0085571094368853,0.612021244763615,motorneuron,GS,22,18,40,226,157,383,6680.0,0.0525603499826897,2132.34645738087,0.0167779754617196,inf,0.0054563471562504,0.19921875,0.0117105620009353,0.496223958333333
173,RMDVL,motorneuron,GS,27,18,45,296,77,373,402.0,0.0051829504138624,464.666987041764,0.0059909103303391,1.34383468834688,0.0037786571797066,0.189230769230769,0.0082745086700407,0.487915750915751,motorneuron,GS,15,5,20,366,83,449,443.0,0.0034856639284927,470.50106266285,0.0037020509761656,inf,0.0109209843798587,0.17741935483871,0.0125895415875147,0.239560931899642
174,RMDVR,motorneuron,GS,32,21,53,309,103,412,4443.0,0.0572832056935097,750.024824786608,0.0096700036717285,1.19444444444444,0.0044494578126834,0.263061074319352,0.0094444377083754,0.521280827366746,motorneuron,GS,16,7,23,359,96,455,311.0,0.002447046234224,374.1965123127,0.0029442963547091,inf,0.0090944390343745,0.198380566801619,0.017224541614119,0.466025641025641
175,RIVL,motorneuron,GS,17,12,29,81,82,163,178.0,0.002294938242954,67.7153426081065,0.0008730479178993,1.32873467112598,0.004295553320918,0.305555555555556,0.0082331328568525,0.599747474747475,motorneuron,GS,7,10,17,50,127,177,111.0,0.0008733830610896,75.939742811878,0.0005975178832017,inf,0.0128354753860463,0.431297709923664,0.0170869898149116,0.588804071246819
176,RIVR,motorneuron,GS,14,14,28,78,94,172,276.0,0.0035584435677264,84.0967499047448,0.0010842519520479,1.34775641025641,0.004571266812123,0.278378378378378,0.0085906747526494,0.560855855855856,motorneuron,GS,16,16,32,103,152,255,869.0,0.006837566487269,741.621980348567,0.0058353159943078,inf,0.0048515820010704,0.250513347022587,0.0100747128278382,0.375675160774692
177,RMHL,motorneuron,GS,20,13,33,81,22,103,34.0,0.0004383589902271,253.490183804292,0.0032682265001455,1.49250675447484,0.0014706509014141,0.188697318007663,0.0036538290648551,0.471791187739464,motorneuron,GS,19,13,32,93,54,147,721.0,0.0056730557391495,2557.68785918365,0.0201246959618516,inf,0.0015915621803309,0.125773195876289,0.0034087797420866,0.292187039764359
178,RMHR,motorneuron,GS,16,11,27,86,33,119,124.0,0.0015987210231814,90.0256948198303,0.0011606933139917,1.45084008780817,0.0020587070028171,0.21304347826087,0.0046613388630488,0.483140096618357,motorneuron,GS,8,6,14,75,39,114,241.0,0.0018962641236269,196.103631850342,0.0015430053178039,inf,0.0030011258160557,0.162790697674419,0.0035960613245731,0.188953488372093
179,SABD,motorneuron,GS,17,6,23,71,32,103,8.0,0.0001031432918181,78.5871308039048,0.0010132169207073,1.40238095238095,0.0035498368393881,0.251012145748988,0.0066906404173365,0.498650472334683,motorneuron,GS,9,2,11,40,8,48,0.0,0.0,36.2762787145079,0.0002854332193569,inf,0.0009837850348903,0.118181818181818,0.0013879723469876,0.166666666666667
180,SABVL,motorneuron,GS,9,2,11,65,16,81,0.0,0.0,17.1813158958163,0.0002215171849077,1.29285714285714,0.011019505399822,0.490740740740741,0.0132544527271289,0.632716049382716,motorneuron,GS,8,1,9,51,4,55,0.0,0.0,26.2314488529177,0.0002063973251889,inf,0.0024554043091194,0.157142857142857,0.0042432632494704,0.226190476190476
181,SABVR,motorneuron,GS,10,4,14,50,12,62,0.0,0.0,18.2892297044123,0.0002358014195664,1.38452380952381,0.0082876644057574,0.522988505747126,0.010382649459633,0.736590038314176,motorneuron,GS,7,1,8,39,4,43,0.0,0.0,20.4414289358895,0.0001608396196132,inf,0.002931260934573,0.185185185185185,0.004512606561819,0.240740740740741
182,SMDDL,motorneuron,GS,29,24,53,235,114,349,1022.0,0.0131765555297697,276.041310986349,0.0035589761866165,1.28238770685579,0.0045814998879639,0.282032400589102,0.0092683616599365,0.594286941580756,motorneuron,GS,22,12,34,211,79,290,784.0,0.0061687596386869,493.436091818594,0.0038825110299514,inf,0.0059151232907054,0.235934664246824,0.0119999409577019,0.524464177685593
183,SMDDR,motorneuron,GS,34,22,56,261,88,349,1946.5,0.0250960521905057,651.990799879082,0.0084060596668353,1.375,0.0037025638742469,0.23633969716919,0.0077276067710053,0.505623217028747,motorneuron,GS,25,10,35,322,96,418,3163.0,0.0248874830831209,409.294887474739,0.0032204614568559,inf,0.0078374684845674,0.252559726962457,0.0153159967335773,0.517491467576792
184,SMDVL,motorneuron,GS,29,21,50,169,192,361,1435.5,0.0185077744256208,530.168832972817,0.0068354198315259,1.24797910470525,0.0038622621287973,0.205858085808581,0.0085248997643057,0.531834433443344,motorneuron,GS,20,17,37,222,364,586,7650.0,0.0601926163723917,920.181959632587,0.0072402823122823,inf,0.0135891334576017,0.324655436447167,0.0231162347920181,0.541795311606632
185,SMDVR,motorneuron,GS,25,19,44,167,160,327,1038.0,0.013382842113406,349.706048690063,0.0045087291288267,1.25694444444444,0.0048831934681602,0.276470588235294,0.009661475299095,0.597477718360071,motorneuron,GS,17,12,29,210,226,436,3426.0,0.0269568501557927,959.077985540426,0.0075463285300445,inf,0.0105157078657398,0.252525252525253,0.0166654345587633,0.466077441077441
186,SMBDL,motorneuron,GS,19,15,34,91,77,168,548.0,0.0070653154895438,215.310457016472,0.0027759786624438,1.18333333333333,0.002368891779148,0.191818181818182,0.0060069893997855,0.500820346320346,motorneuron,GS,8,13,21,53,139,192,1219.0,0.0095914770402543,848.66839884616,0.0066775910273357,inf,0.003235104044531,0.170731707317073,0.0069282734706078,0.369291521486643
187,SMBDR,motorneuron,GS,25,15,40,125,111,236,948.0,0.0122224800804518,273.656181119367,0.0035282249183797,1.33863636363636,0.0027107992464212,0.208441558441558,0.0069713223510267,0.53784632034632,motorneuron,GS,16,16,32,102,123,225,1616.0,0.0127151984389261,1332.52284979101,0.0104847106803812,inf,0.0042208666459564,0.241237113402062,0.0095127523737632,0.383319327731093
188,SMBVL,motorneuron,GS,20,16,36,99,78,177,889.0,0.0114617983032928,339.053819516786,0.0043713908810601,1.14583333333333,0.0017687641963073,0.187903225806452,0.0048694802978911,0.505887096774194,motorneuron,GS,21,12,33,121,100,221,1071.0,0.0084269662921348,946.967771633589,0.0074510415418247,inf,0.0016135225516853,0.128131021194605,0.0039501581684064,0.340772089182494
189,SMBVR,motorneuron,GS,21,20,41,114,85,199,634.0,0.008174105876589,438.623314129378,0.0056551315609367,1.29745989304813,0.0022640649809461,0.201492537313433,0.0057721948393002,0.483996683250415,motorneuron,GS,18,9,27,90,69,159,645.0,0.0050750637333585,700.940497578215,0.0055152212379867,inf,0.0016588562393121,0.118840579710145,0.0037218721614195,0.300515873015873
190,SIBDL,motorneuron,GS,14,10,24,61,27,88,61.0,0.0007864676001134,136.708584400076,0.001762571676853,1.47916666666667,0.0029485317066315,0.31390977443609,0.0052678127902716,0.577380952380952,motorneuron,GS,7,8,15,84,54,138,647.0,0.0050908003650898,316.419682148042,0.0024896900052563,inf,0.0045610685489313,0.212121212121212,0.0053993634096839,0.303030303030303
191,SIBDR,motorneuron,GS,17,8,25,68,29,97,25.0,0.0003223227869317,133.969102134489,0.0017272517745092,1.475,0.0020429992027701,0.193493150684932,0.0046019501081262,0.456050228310502,motorneuron,GS,6,4,10,76,32,108,3.0,2.36049475970163e-05,26.8164019435752,0.0002109999208728,inf,0.009107476650613,0.317073170731707,0.0114054913311609,0.384146341463415
192,SIBVL,motorneuron,GS,20,14,34,91,33,124,14.0,0.0001805007606817,301.511774144771,0.0038873646134031,1.54761904761905,0.0017190188318375,0.188181818181818,0.0034891535696423,0.413335497835498,motorneuron,GS,11,7,18,80,62,142,337.0,0.0026516224467315,383.223582231157,0.0030153241921691,inf,0.003264452757902,0.160958904109589,0.0021907512490815,0.154680365296804
193,SIBVR,motorneuron,GS,21,13,34,94,35,129,167.0,0.002153116216704,284.249701233577,0.0036648062354449,1.50738770685579,0.0020467838664452,0.216363636363636,0.0046673746392687,0.515909090909091,motorneuron,GS,15,12,27,93,63,156,214.0,0.0016838195952538,901.090766257909,0.0070900667725577,inf,0.0017280863151732,0.102941176470588,0.0021697635517944,0.126470588235294
194,SIADL,motorneuron,GS,16,11,27,60,59,119,248.0,0.0031974420463629,109.974622166748,0.001417893068342,1.23333333333333,0.0031559040839969,0.263848396501458,0.0058704557230256,0.562973760932945,motorneuron,GS,6,4,10,42,26,68,1.0,7.86831586567211e-06,60.336065390847,0.000474743220587,inf,0.0089796195028874,0.414634146341463,0.0110138334206723,0.573170731707317
195,SIADR,motorneuron,GS,18,13,31,70,58,128,266.0,0.0034295144529537,191.609268945933,0.0024704013427443,1.38863636363636,0.0033843559860469,0.282417582417582,0.0059069934407444,0.550238095238095,motorneuron,GS,12,5,17,70,44,114,763.0,0.0060035250055078,489.604743832453,0.0038523647738052,inf,0.0074575821933983,0.320610687022901,0.0115691869511947,0.592748091603053
196,SIAVL,motorneuron,GS,18,13,31,94,35,129,263.0,0.0033908357185219,210.709122321943,0.00271665406155,1.34583333333333,0.0027633281984383,0.263215859030837,0.0057806009899809,0.572503671071953,motorneuron,GS,14,6,20,97,18,115,0.0,0.0,201.088032967006,0.001582224160191,inf,0.0034743791128859,0.176630434782609,0.0050311588475404,0.309465579710145
197,SIAVR,motorneuron,GS,19,8,27,83,20,103,273.0,0.0035197648332946,122.315649591025,0.0015770048424618,1.4768115942029,0.0027630611523736,0.291545189504373,0.0059510018411369,0.6044703595724,motorneuron,GS,13,6,19,134,17,151,8.0,6.29465269253769e-05,561.359189047585,0.0044169514135239,inf,0.0055570909097612,0.198795180722892,0.0069454473424705,0.324146586345382
198,DA01,motorneuron,GS,12,11,23,84,64,148,360.0,0.0046414481318171,61.7334429483408,0.00079592381512,1.33730158730159,0.0081346062132732,0.46530612244898,0.0118543848799129,0.712074829931973,motorneuron,GS,9,7,16,75,42,117,584.0,0.0045950964655525,246.42270420264,0.0019389316731394,inf,0.0099225724214655,0.460869565217391,0.0142685146652534,0.689130434782609
199,DA02,motorneuron,GS,19,14,33,83,71,154,55.0,0.0007091101312498,166.904151968105,0.0021518804565135,1.40238095238095,0.0047729976067477,0.316247582205029,0.0085142435001002,0.615248226950355,motorneuron,GS,12,10,22,69,60,129,7.0,5.50782110597048e-05,476.874459901344,0.0037521988787755,inf,0.0073412056382654,0.377232142857143,0.0107523193340807,0.587797619047619
200,DA03,motorneuron,GS,18,13,31,100,103,203,3223.0,0.0415538536912406,327.887146340718,0.0042274199523054,1.34374326653738,0.0054856529152199,0.31978021978022,0.0090515271548326,0.57967032967033,motorneuron,GS,14,10,24,79,84,163,1196.0,0.0094105057753438,1014.41732651218,0.0079817559446084,inf,0.0061562444124446,0.3,0.0094715806129211,0.504166666666667
201,DA04,motorneuron,GS,13,9,22,44,45,89,227.0,0.0029266909053402,81.561379250971,0.0010515636426468,1.72619047619048,0.0055653947333444,0.453333333333333,0.0083451845753978,0.702592592592593,motorneuron,GS,11,7,18,47,49,96,313.0,0.0024627828659553,150.56878066859,0.0011847227258095,inf,0.0077451464960839,0.412751677852349,0.0119145239564638,0.658836689038031
202,DA05,motorneuron,GS,17,11,28,56,52,108,565.0,0.0072844949846574,168.715968265568,0.0021752400436498,1.42619047619048,0.0042336170968687,0.351351351351351,0.0070592545275828,0.633558558558559,motorneuron,GS,12,12,24,83,88,171,331.0,0.0026044125515374,59.6893287888292,0.0004696544927204,inf,0.0153956054619589,0.629213483146067,0.0184909425762115,0.737668161434978
203,DA06,motorneuron,GS,8,10,18,22,50,72,0.0,0.0,95.6796461350876,0.0012335892077961,1.47619047619048,0.0037096687764286,0.278523489932886,0.0065912861413108,0.549776286353468,motorneuron,GS,17,16,33,181,164,345,335.0,0.0026358858150001,481.491568748262,0.0037885277495693,inf,0.0102588002586591,0.369439071566731,0.0146280077875488,0.630109606705352
204,DA07,motorneuron,GS,9,11,20,42,53,95,429.0,0.0055310590237487,130.565215242142,0.0016833657621276,1.35952380952381,0.0059453025964746,0.4,0.0085206311695324,0.598648648648649,motorneuron,GS,12,13,25,92,77,169,0.0,0.0,65.8254193590449,0.0005179351915072,inf,0.012017563940227,0.51027397260274,0.0171970306614733,0.738869863013699
205,DA08,motorneuron,GS,22,22,44,133,111,244,789.0,0.0101725071555659,478.367710191158,0.0061675525410788,1.33503805562629,0.004247452265712,0.272240085744909,0.0085119435383929,0.588290460878885,motorneuron,GS,21,17,38,121,81,202,168.0,0.0013218770654329,307.315757815687,0.0024180574529922,inf,0.0056497913297269,0.275862068965517,0.0111387545857697,0.589846743295019
206,DA09,motorneuron,GS,18,21,39,124,116,240,712.0,0.0091797529718161,248.166491758509,0.003199588609867,1.37916666666667,0.0052251701812659,0.347107438016529,0.0099709567630705,0.644765840220386,motorneuron,GS,16,18,34,134,45,179,0.0,0.0,242.06498483934,0.001904643760735,inf,0.0061694554389929,0.364298724954463,0.0098283288988382,0.64996964177292
207,PDA,motorneuron,GS,9,12,21,24,52,76,0.0,0.0,61.5080038309095,0.0007930172485354,1.42600661886376,0.0041723792474135,0.351485148514851,0.0065498509212591,0.598184818481848,motorneuron,GS,17,14,31,83,86,169,0.0,0.0,142.134569017659,0.0011183596844621,inf,0.0062912368792342,0.364745011086475,0.010779921579389,0.647450110864745
208,DB01,motorneuron,GS,12,16,28,40,159,199,309.0,0.0039839096464763,217.291673994472,0.0028015223175584,1.36428571428571,0.0036981330123912,0.227520435967302,0.0071011996065185,0.491099000908265,motorneuron,GS,8,9,17,32,104,136,194.0,0.0015264532779403,256.958756580013,0.0020218326612218,inf,0.0057632365595417,0.330769230769231,0.0088035565542147,0.563461538461538
209,DB02,motorneuron,GS,12,14,26,42,112,154,35.0,0.0004512519017044,132.607617602941,0.0017096982749663,1.42707659987072,0.0040352242026478,0.275157232704403,0.007881162038693,0.571724318658281,motorneuron,GS,9,14,23,39,115,154,13.0,0.0001022881062537,211.778277058195,0.0016663383773817,inf,0.0051650553595601,0.297570850202429,0.0094555545546995,0.57419028340081
210,DB03,motorneuron,GS,17,17,34,52,107,159,382.0,0.004925092184317,368.922234042801,0.0047564817055104,1.39612511671335,0.0031267534175139,0.289330922242315,0.0063940327030265,0.586543098251959,motorneuron,GS,16,17,33,60,91,151,604.0,0.0047524627828659,580.724215506545,0.0045693215584501,inf,0.0034146201266381,0.271676300578035,0.0068608992967372,0.569107257546564
211,DB04,motorneuron,GS,15,12,27,36,58,94,2.0,2.57858229545396e-05,190.62799883181,0.0024577499140276,1.49761904761905,0.0034144920004927,0.325072886297376,0.0060135560449692,0.616180758017493,motorneuron,GS,12,11,23,34,42,76,0.0,0.0,98.0609519852967,0.0007715745443088,inf,0.005878493595371,0.545081967213115,0.0072690816002532,0.689207650273224
212,DB05,motorneuron,GS,10,13,23,28,70,98,5.0,6.4464557386349e-05,133.306315449471,0.001718706524451,1.44285714285714,0.0040243257383492,0.294354838709677,0.0076867644820305,0.571202956989247,motorneuron,GS,11,19,30,51,101,152,8.0,6.29465269253769e-05,239.938092926695,0.0018879087033542,inf,0.0040547405613232,0.306338028169014,0.0074076922246429,0.582179186228482
213,DB06,motorneuron,GS,5,11,16,19,58,77,0.0,0.0,50.1542782700433,0.000646634669942,1.53501400560224,0.0050255262137284,0.336206896551724,0.0071505941081187,0.494396551724138,motorneuron,GS,20,17,37,138,86,224,38.0,0.0002989960028955,226.085416029962,0.0017789114659456,inf,0.0075459451480965,0.382442748091603,0.0128007105609522,0.66882951653944
214,DB07,motorneuron,GS,18,20,38,73,81,154,165.0,0.0021273303937495,310.171995989618,0.0039990200870222,1.36193708252532,0.0040584108577156,0.306966618287373,0.0080946951137545,0.61151427189163,motorneuron,GS,21,11,32,190,64,254,620.0,0.0048783558367167,116.536904486602,0.0009169491745082,inf,0.0062619171467423,0.336065573770492,0.0116085297360307,0.625358606557377
215,AS01,motorneuron,GS,14,10,24,83,46,129,40.0,0.0005157164590907,103.630272689257,0.0013360959321479,1.46230158730159,0.0051002291606117,0.395522388059701,0.0088993934198945,0.611607142857143,motorneuron,GS,11,6,17,48,39,87,681.0,0.0053583231045227,191.916713999289,0.0015100613256482,inf,0.0044558148106231,0.345864661654135,0.0082077125746901,0.449029126213592
216,AS02,motorneuron,GS,11,7,18,40,40,80,9.0,0.0001160362032954,52.3048224697032,0.0006743614459361,1.45549450549451,0.0040484132888982,0.328859060402685,0.0075570702595914,0.609619686800895,motorneuron,GS,11,6,17,40,38,78,8.0,6.29465269253769e-05,99.9051375282506,0.0007860851786756,inf,0.0042450401533842,0.314393939393939,0.0079920869028747,0.608901515151515
217,AS03,motorneuron,GS,9,6,15,19,29,48,0.0,0.0,37.5431081241219,0.0004840399696258,1.59421086160217,0.0029739377130113,0.338235294117647,0.0054297128765793,0.582516339869281,motorneuron,GS,5,2,7,14,24,38,3.0,2.36049475970163e-05,22.010464694918,0.0001731852885698,inf,0.0028937923468289,0.19047619047619,0.0031530585214526,0.19047619047619
218,AS04,motorneuron,GS,9,5,14,29,35,64,258.0,0.0033263711611356,32.4326113099429,0.0004181507865957,1.51040993320405,0.0050051348449733,0.398876404494382,0.0082980470978078,0.662921348314607,motorneuron,GS,9,3,12,29,29,58,3.0,2.36049475970163e-05,47.0407727826986,0.0003701316588195,inf,0.005664473062375,0.438461538461538,0.008909290040473,0.676282051282051
219,AS05,motorneuron,GS,8,7,15,25,23,48,1.0,1.28929114772698e-05,39.654873294744,0.0005112667710314,1.55952380952381,0.0052156042811762,0.480392156862745,0.0074671542483997,0.640350877192982,motorneuron,GS,6,2,8,16,15,31,1.0,7.86831586567211e-06,17.7427230269753,0.0001396053490933,inf,0.0062001719890905,0.537037037037037,0.0067489501043746,0.588888888888889
220,AS06,motorneuron,GS,7,7,14,21,35,56,2.0,2.57858229545396e-05,33.6267671322552,0.0004335469319029,1.59285714285714,0.0051938629708306,0.488372093023256,0.0081411498785404,0.723837209302326,motorneuron,GS,2,1,3,4,20,24,0.0,0.0,5.27649131621875,4.15171003384851e-05,inf,0.0042269592818549,0.166666666666667,0.0042269592818549,0.166666666666667
221,AS07,motorneuron,GS,6,1,7,26,20,46,1.0,1.28929114772698e-05,15.1126687418242,0.0001948463002736,1.78644688644689,0.0075414924383577,0.404761904761905,0.0100904197126972,0.55952380952381,motorneuron,GS,8,7,15,86,89,175,330.0,0.0025965442356718,34.6047296586775,0.0002722809434006,inf,0.0180999303510589,0.454545454545455,0.021512367357889,0.618686868686869
222,AS08,motorneuron,GS,6,1,7,32,20,52,183.0,0.0023594028003403,21.5111158372079,0.0002773409122664,1.78799019607843,0.0076407154904072,0.404761904761905,0.0093207070225003,0.507936507936508,motorneuron,GS,6,4,10,43,42,85,0.0,0.0,9.311285952109,7.32641389867891e-05,inf,0.0170340900536751,0.595238095238095,0.0200129660944946,0.738095238095238
223,AS09,motorneuron,GS,4,1,5,20,20,40,201.0,0.0025914752069312,4.86997399359473,6.27881435960229e-05,1.62132352941176,0.0054992090115093,0.35,0.0054992090115093,0.35,motorneuron,GS,8,6,14,59,55,114,0.0,0.0,47.5854324928303,0.0003744172134582,inf,0.012034657387898,0.5,0.0139340058073726,0.580426356589147
224,AS10,motorneuron,GS,13,9,22,35,34,69,113.0,0.0014568989969314,94.4460816951803,0.0012176849706709,1.45952380952381,0.0035620958525033,0.337053571428571,0.0060912145620263,0.599702380952381,motorneuron,GS,9,8,17,37,40,77,0.0,0.0,183.758154298069,0.0014458672009101,inf,0.0066049735698263,0.376923076923077,0.0093250053278963,0.564102564102564
225,AS11,motorneuron,GS,21,16,37,80,68,148,2386.0,0.0307624867847657,206.870654625791,0.0026671650373351,1.39267328553043,0.0038397476935013,0.333843797856049,0.0071633043993155,0.644461459928535,motorneuron,GS,30,15,45,209,67,276,4269.0,0.0335898404305542,535.546871138719,0.0042138519429918,inf,0.0047128849023849,0.266632548618219,0.0097834613159697,0.594293756397134
226,PDB,motorneuron,GS,9,10,19,35,49,84,0.0,0.0,35.782432903821,0.0004613397398703,1.38942307692308,0.0044101199630844,0.374233128834356,0.0067414093854401,0.603578732106339,motorneuron,GS,50,49,99,623,351,974,4699.5,0.0369771504107261,2046.18086433807,0.0160999973589059,inf,0.005787904235212,0.261063785580719,0.0135625920168736,0.584478963700657
227,DD01,motorneuron,GS,29,10,39,205,24,229,208.0,0.0026817255872721,727.602400779418,0.009380913343898,1.65787545787546,0.0025023977539218,0.178522571819425,0.0058395090890327,0.465548661324995,motorneuron,GS,15,5,20,161,18,179,360.0,0.0028325937116419,41.4713116710502,0.0003263093795915,inf,0.0066990291385526,0.367567567567568,0.0116575101318428,0.633738738738739
228,DD02,motorneuron,GS,22,6,28,138,16,154,7.0,9.02503803408886e-05,72.790032732882,0.0009384754484526,1.82454212454212,0.0034069738287925,0.275537634408602,0.0066825904436446,0.565793010752688,motorneuron,GS,16,6,22,119,16,135,1.0,7.86831586567211e-06,134.794685983659,0.0010606071663335,inf,0.0039494565425131,0.288888888888889,0.0074630495867832,0.577592592592593
229,DD03,motorneuron,GS,20,8,28,176,12,188,1.0,1.28929114772698e-05,121.510980889515,0.0015666303201247,2.16978021978022,0.0033246752593979,0.259459459459459,0.0066091937591082,0.515018768768769,motorneuron,GS,11,8,19,71,13,84,0.0,0.0,918.741717761086,0.0072289500343144,inf,0.002827566312174,0.289634146341463,0.0053702728052542,0.553048780487805
230,DD04,motorneuron,GS,15,7,22,120,14,134,103.0,0.0013279698821587,167.623879271608,0.0021611598369254,1.93750773036487,0.0033961830798094,0.28125,0.0059710440013992,0.477678571428571,motorneuron,GS,18,14,32,137,67,204,439.0,0.00345419066503,402.178409066874,0.0031644667568916,inf,0.005412695801497,0.336099585062241,0.0099922890320494,0.617116182572614
231,DD05,motorneuron,GS,15,5,20,113,10,123,16.5,0.0002127330393749,41.3638459806402,0.0005333004045878,1.69778911564626,0.0036438770227355,0.305405405405405,0.0067085245411696,0.56472972972973,motorneuron,GS,28,19,47,282,96,378,9034.0,0.0710823655304819,572.843274583897,0.004507311825952,inf,0.0055051506636907,0.273069679849341,0.0106506248534147,0.594083490269931
232,DD06,motorneuron,GS,31,17,48,236,85,321,2359.0,0.0304143781748795,468.059087455687,0.0060346443806978,1.36445578231293,0.0048533029745848,0.321782178217822,0.0094793101888261,0.619246924692469,motorneuron,GS,37,12,49,309,35,344,23.0,0.0001809712649104,199.361849615189,0.0015686420043369,inf,0.0044508311316274,0.262027491408935,0.009729188918859,0.586519186712486
233,VA01,motorneuron,GS,10,5,15,64,37,101,164.0,0.0021144374822722,27.6727770320558,0.0003567826646045,1.36904761904762,0.0097174331554647,0.455445544554455,0.0140045283109901,0.70049504950495,motorneuron,GS,8,5,13,57,37,94,706.0,0.0055550310011645,397.962148501181,0.0031312918869888,inf,0.010779373618805,0.425675675675676,0.015594397429307,0.672297297297297
234,VA02,motorneuron,GS,15,12,27,74,85,159,2200.0,0.0283644052499936,213.779673154673,0.0027562424016228,1.33095238095238,0.0041313460333478,0.274052478134111,0.0072263288947322,0.510568513119534,motorneuron,GS,10,10,20,56,70,126,2909.0,0.0228889308532402,407.313591060511,0.0032048719908453,inf,0.0059976700189385,0.361413043478261,0.0093590861529538,0.615942028985507
235,VA03,motorneuron,GS,14,13,27,56,66,122,1.0,1.28929114772698e-05,195.552215282645,0.0025212374008231,1.42619047619048,0.0043449068094698,0.323615160349854,0.0080967151869443,0.624562682215744,motorneuron,GS,13,11,24,56,63,119,1.0,7.86831586567211e-06,713.774952344157,0.0056162067820488,inf,0.0050915834278437,0.307407407407407,0.0091489865477231,0.589444444444444
236,VA04,motorneuron,GS,12,10,22,54,57,111,364.0,0.0046930197777262,310.079090864559,0.003997822269469,1.42619047619048,0.0045394523170812,0.329596412556054,0.0076899222160994,0.586434977578475,motorneuron,GS,11,8,19,53,54,107,540.0,0.0042488905674629,445.283374618621,0.0035036302412317,inf,0.0051871793952049,0.307926829268293,0.0086080629940969,0.549339430894309
237,VA05,motorneuron,GS,11,8,19,31,46,77,0.0,0.0,65.0913245557511,0.0008392166854355,1.42619047619048,0.004257831450684,0.333333333333333,0.0067250354643378,0.557676767676768,motorneuron,GS,8,5,13,24,23,47,0.0,0.0,169.566119984344,0.0013341997921532,inf,0.0057853501785294,0.385135135135135,0.0083821353511342,0.624211711711712
238,VA06,motorneuron,GS,11,12,23,44,70,114,1856.0,0.0239292437018127,117.623126505384,0.0015165045577136,1.33644688644689,0.0037295878758694,0.277551020408163,0.0062355884049097,0.504591836734694,motorneuron,GS,8,10,18,40,48,88,1137.0,0.0089462751392691,249.509083734428,0.0019632162821769,inf,0.0044882015372013,0.297945205479452,0.0070795692990468,0.53824200913242
239,VA07,motorneuron,GS,6,11,17,28,58,86,643.0,0.0082901420798844,185.98765523178,0.0023979223747683,1.42619047619048,0.004292315761503,0.316793893129771,0.0070375792350499,0.551081424936387,motorneuron,GS,5,9,14,27,38,65,190.0,0.0014949800144777,84.0857758770276,0.0006616134444105,inf,0.0068873035350456,0.377906976744186,0.0094182062034842,0.545058139534884
240,VA08,motorneuron,GS,5,12,17,23,50,73,439.0,0.0056599881385214,136.005316651795,0.0017535045080296,1.60131902411314,0.0028645338237838,0.223484848484848,0.0042143822550442,0.369949494949495,motorneuron,GS,5,10,15,25,32,57,481.0,0.0037846599313882,47.2746442995545,0.0003719718337861,inf,0.0057706601009348,0.325,0.0074575431437296,0.459166666666667
241,VA09,motorneuron,GS,9,13,22,43,51,94,7.0,9.02503803408886e-05,200.882757846806,0.0025899636142286,1.42619047619048,0.0042387787133002,0.288888888888889,0.0074260423736574,0.564074074074074,motorneuron,GS,20,19,39,195,150,345,162.0,0.0012746671702388,221.028337676776,0.0017391207761053,inf,0.0099071449800847,0.399449035812672,0.0143076566783947,0.684573002754821
242,VA10,motorneuron,GS,9,16,25,34,53,87,174.0,0.0022433665970449,202.336698604132,0.002608709143706,1.42619047619048,0.0038218292884269,0.313993174061433,0.0067151982947602,0.603384527872582,motorneuron,GS,21,23,44,274,281,555,5085.0,0.0400103861769427,329.104666969968,0.0025894994725865,inf,0.0111754440549395,0.36505376344086,0.0183487942706471,0.660483870967742
243,VA11,motorneuron,GS,14,14,28,68,76,144,1282.0,0.0165287125138599,141.884999149601,0.0018293107339883,1.28869047619048,0.0053937859950621,0.369565217391304,0.008603820652606,0.612545289855073,motorneuron,GS,19,20,39,141,157,298,1200.0,0.0094419790388065,303.042242955605,0.0023844320882164,inf,0.0080645223726757,0.365331491712707,0.0126726035646109,0.665860957642726
244,VA12,motorneuron,GS,22,20,42,132,170,302,1191.0,0.0153554575694283,154.562119333589,0.0019927557223071,1.32383357383357,0.0068239054253122,0.361702127659574,0.0117063866503281,0.644996059889677,motorneuron,GS,29,35,64,163,341,504,288.0,0.0022660749693135,711.75141466456,0.0056002849484197,inf,0.0059609094015684,0.276857429718876,0.0128071552141852,0.612115127175368
245,VB01,motorneuron,GS,20,21,41,52,90,142,278.5,0.0035906758464196,645.998826745179,0.0083288056876457,1.28333333333333,0.0019208791368231,0.173053152039555,0.0043855320296419,0.41299517334746,motorneuron,GS,5,10,15,10,41,51,2.0,1.57366317313442e-05,223.913659605467,0.0017618234004144,inf,0.0028128464834223,0.331683168316832,0.0040853926766141,0.472359735973597
246,VB02,motorneuron,GS,14,14,28,51,101,152,202.0,0.0026043681184085,270.095555163656,0.003482318083129,1.35644257703081,0.0037023045836536,0.270380434782609,0.006408323211906,0.512558229813665,motorneuron,GS,10,11,21,42,98,140,164.0,0.0012904038019702,609.540279070739,0.0047960554485785,inf,0.0067858285889208,0.425,0.0098883584596392,0.663333333333333
247,VB03,motorneuron,GS,11,9,20,42,81,123,30.0,0.000386787344318,90.9559160261502,0.0011726865736591,1.44047619047619,0.0046778750630664,0.33879781420765,0.0077700054290952,0.574908925318761,motorneuron,GS,8,9,17,38,81,119,58.0,0.0004563623202089,235.380933065521,0.0018520515301161,inf,0.0063174754855342,0.434108527131783,0.0096472471218443,0.683139534883721
248,VB04,motorneuron,GS,13,13,26,22,40,62,1.0,1.28929114772698e-05,132.677633520608,0.0017106009839948,1.49761904761905,0.0025632618303303,0.284810126582278,0.0046566748246794,0.576295961422544,motorneuron,GS,10,12,22,17,38,55,2.0,1.57366317313442e-05,284.849464832735,0.0022412855634716,inf,0.0031944150253505,0.346846846846847,0.0049941622419387,0.616891891891892
249,VB05,motorneuron,GS,7,7,14,23,58,81,2.0,2.57858229545396e-05,25.6265961854701,0.000330401436083,1.61834733893557,0.0051359771730139,0.388235294117647,0.0076035630652427,0.610196078431372,motorneuron,GS,12,15,27,42,82,124,15.0,0.000118024737985,583.586541249703,0.0045918432415077,inf,0.0040100586255777,0.335294117647059,0.0074768041523412,0.624093137254902
250,VB06,motorneuron,GS,11,12,23,32,81,113,11.0,0.0001418220262499,290.205952324061,0.0037415996534909,1.54761904761905,0.0037634390221953,0.326530612244898,0.0067322235876313,0.610986394557823,motorneuron,GS,22,24,46,126,143,269,271.0,0.0021323135995971,511.93904846641,0.0040280981373053,inf,0.0060008330107698,0.330541871921182,0.0108692484760679,0.634852216748768
251,VB07,motorneuron,GS,13,12,25,28,72,100,8.0,0.0001031432918181,210.74130200722,0.0027170689513836,1.53501400560224,0.0035699779543197,0.325342465753425,0.0063409998844924,0.614583333333333,motorneuron,GS,16,18,34,82,126,208,688.0,0.0054134013155824,158.144212341605,0.0012443286150316,inf,0.0064034228018724,0.387773722627737,0.0107301796260671,0.674954379562044
252,VB08,motorneuron,GS,9,10,19,28,63,91,105.0,0.0013537557051133,79.6825440578441,0.0010273399868214,1.41708736126029,0.0051432034923003,0.387878787878788,0.0084655995393706,0.667171717171717,motorneuron,GS,25,29,54,188,268,456,7826.0,0.0615774399647499,778.542958042183,0.0061258219088706,inf,0.0073190926762723,0.353338068181818,0.0131016842414137,0.62493609406953
253,VB09,motorneuron,GS,7,10,17,27,67,94,35.0,0.0004512519017044,85.9407404950281,0.0011080263594934,1.41708736126029,0.0052477625289763,0.346153846153846,0.009210496446053,0.628846153846154,motorneuron,GS,29,27,56,197,235,432,1804.0,0.0141944418216725,556.471727006237,0.0043784953184011,inf,0.0071674559233878,0.331353135313531,0.0128079913999779,0.631650165016502
254,VB10,motorneuron,GS,10,12,22,30,59,89,1.0,1.28929114772698e-05,61.3374780741123,0.0007908186750485,1.41708736126029,0.0045254284810542,0.393665158371041,0.0075711303653762,0.666666666666667,motorneuron,GS,27,25,52,138,131,269,460.0,0.0036194252982091,523.617967304619,0.0041199915596939,inf,0.0054935570558109,0.345092024539877,0.0096618136150448,0.634585889570552
255,VB11,motorneuron,GS,11,14,25,41,81,122,11.0,0.0001418220262499,63.5879260861288,0.0008198335020516,1.39892866237404,0.0067653434747925,0.429310344827586,0.0104475797676517,0.696551724137931,motorneuron,GS,21,19,40,103,79,182,25.5,0.0002006420545746,285.981019930482,0.0022501889964001,inf,0.0054147331292873,0.414041994750656,0.0087813114681752,0.678915135608049
256,VD01,motorneuron,GS,18,11,29,90,35,125,108.0,0.0013924344395451,399.005263097905,0.005144339536086,1.48333333333333,0.0022694784559328,0.183544303797468,0.0039795788385164,0.354321880650995,motorneuron,GS,5,4,9,32,19,51,354.0,0.0027853838164479,10.5833479456463,8.32731245526575e-05,inf,0.0061580101133652,0.53030303030303,0.0081085306631438,0.674242424242424
257,VD02,motorneuron,GS,16,8,24,137,37,174,1530.0,0.0197261545602228,85.3548803129136,0.0011004729160273,1.40787545787546,0.00652785779623,0.436802973977695,0.0105907172600268,0.642037037037037,motorneuron,GS,12,7,19,131,36,167,2109.0,0.0165942781607025,31.1519145399912,0.000245113103421,inf,0.008856609459013,0.5,0.0137148298722079,0.669211195928753
258,VD03,motorneuron,GS,17,7,24,161,32,193,577.0,0.0074392099223846,66.4370784354236,0.0008565673710763,1.5507326007326,0.005173191301346,0.340148698884758,0.0094994708427745,0.618184634448575,motorneuron,GS,12,7,19,151,32,183,731.0,0.0057517388978063,52.902269306478,0.0004162517649142,inf,0.0067355293696487,0.38719512195122,0.0114424308736401,0.638262195121951
259,VD04,motorneuron,GS,17,5,22,119,12,131,10.0,0.0001289291147726,29.7236461941929,0.0003832243391634,1.71739926739927,0.0039411323298001,0.283185840707965,0.0064918469795113,0.48193215339233,motorneuron,GS,13,5,18,100,12,112,7.0,5.50782110597048e-05,39.722191831629,0.000312546752208,inf,0.0046125537488283,0.314189189189189,0.0077738661328345,0.559121621621622
260,VD05,motorneuron,GS,17,9,26,104,21,125,30.0,0.000386787344318,254.160931787794,0.0032768743945204,1.76978021978022,0.0028404515536485,0.276729559748428,0.005117430194451,0.498401467505241,motorneuron,GS,13,8,21,92,19,111,363.0,0.0028561986592389,444.654037489801,0.0034986784179161,inf,0.0024881638749788,0.253694581280788,0.0041536686292559,0.443144499178982
261,VD06,motorneuron,GS,18,8,26,143,41,184,1069.0,0.0137825223692014,258.620803953203,0.0033343751315489,1.66978021978022,0.003626454427079,0.237421383647799,0.0070886511023312,0.485980083857442,motorneuron,GS,13,5,18,132,31,163,1070.0,0.0084190979762691,390.39530035631,0.0030717535356773,inf,0.0049077204973341,0.283783783783784,0.0090799161047126,0.539414414414414
262,VD07,motorneuron,GS,14,7,21,135,29,164,351.0,0.0045254119285217,335.652598154411,0.0043275392351204,1.73644688644689,0.0037408190345797,0.264705882352941,0.0063834801288289,0.455234593837535,motorneuron,GS,12,7,19,126,28,154,1444.0,0.0113618481100305,86.1419850700348,0.000677792347827,inf,0.0041413707399693,0.278787878787879,0.0088740448451629,0.56
263,VD08,motorneuron,GS,10,7,17,76,25,101,346.0,0.0044609473711353,447.108553099086,0.0057645309958366,1.73799019607843,0.0037917721248819,0.282442748091603,0.0050669766591471,0.393129770992366,motorneuron,GS,17,12,29,173,104,277,3400.0,0.0267522739432852,266.582159572619,0.0020975526356703,inf,0.0063425527305231,0.287341772151899,0.0105549393197001,0.54542194092827
264,VD09,motorneuron,GS,18,9,27,94,26,120,869.5,0.0112103865294861,459.304054195481,0.0059217665118934,1.57132352941176,0.0021881462308194,0.206140350877193,0.0036186074161619,0.352875243664717,motorneuron,GS,23,15,38,246,158,404,2268.0,0.0178453403833444,262.479900491303,0.0020652747654557,inf,0.0064704160044177,0.263081395348837,0.0113155372754105,0.520603197674419
265,VD10,motorneuron,GS,12,5,17,62,17,79,8.0,0.0001031432918181,22.3162373142865,0.0002877212721988,1.67600661886376,0.0042838005660402,0.370229007633588,0.0060832804492349,0.535623409669211,motorneuron,GS,20,16,36,135,67,202,689.0,0.005421269631448,206.135563533242,0.0016219397250278,inf,0.0057841555804064,0.337133550488599,0.0097202230832351,0.602660152008686
266,VD11,motorneuron,GS,20,10,30,99,31,130,308.0,0.0039710167349991,303.53884071292,0.0039134994032247,1.5093399521971,0.0040456881191278,0.321176470588235,0.0076092759137673,0.605098039215686,motorneuron,GS,19,13,32,133,53,186,561.0,0.004414125200642,107.606948596494,0.0008466854608983,inf,0.0055733085395503,0.371900826446281,0.0092168850968486,0.620678374655647
267,VD12,motorneuron,GS,24,14,38,199,121,320,2570.0,0.0331347824965834,159.590659510747,0.0020575882456711,1.34267328553043,0.0063331071764519,0.314949201741655,0.0120557293534331,0.631107885824867,motorneuron,GS,16,12,28,91,43,134,4.0,3.14732634626884e-05,71.6583316448838,0.000563830387789,inf,0.0044142224450819,0.313513513513514,0.0076206093867801,0.590923423423423
268,VD13,motorneuron,GS,22,18,40,126,86,212,220.0,0.0028364405249993,173.282238370735,0.002234112559897,1.3534741169195,0.0063639862397045,0.463350785340314,0.0103099062243222,0.691497093023256,motorneuron,GS,19,16,35,180,61,241,145.0,0.0011409058005224,139.818582396122,0.0011001367701831,inf,0.0068445088751565,0.417383820998279,0.0115086696465255,0.645954692556634
