cell_name,cell_type,Gender,indegree,outdegree,degree,instrength,outstrength,strength,BC_wei,BC_wei_norm,BC_bin,BC_bin_norm,eccentricity,CC_wei,CC_bin,LE_wei,LE_bin
ASIL,sensory,GS,1,6,7,2,34,36,629,0.00494917067950776,155.856728307185,0.00122632996811117,Inf,0.00822692196879105,0.285714285714286,0.00912006488218512,0.273809523809524
ASIR,sensory,GS,0,5,5,0,18,18,0,0,0,0,Inf,0.00533039292945958,0.2,0.00640392262054895,0.25
ASJL,sensory,GS,0,4,4,0,43,43,0,0,0,0,Inf,0.00513367055810375,0.166666666666667,0.00376992394988365,0.0833333333333333
ASJR,sensory,GS,1,5,6,1,28,29,0,0,68.4770808950068,0.000538799302041095,Inf,0.00244498735407611,0.2,0.00353595300045287,0.255555555555556
AWAL,sensory,GS,2,9,11,11,107,118,3952,0.0310955843011362,786.742018675431,0.0061903347077348,Inf,0.0148722588432461,0.292452830188679,0.0220231496001518,0.424528301886792
AWAR,sensory,GS,3,6,9,6,120,126,0,0,188.282070113057,0.00148146279949216,Inf,0.0247738103046864,0.46969696969697,0.0299520965732128,0.651515151515151
ASGL,sensory,GS,3,5,8,18,83,101,31,0.000243917791835835,63.6189333550186,0.00050057386267443,Inf,0.00978030859083958,0.166666666666667,0.00517569903122329,0.157407407407407
ASGR,sensory,GS,6,3,9,18,67,85,0,0,69.4737578807585,0.000546641471381035,Inf,0.0181513124563166,0.484848484848485,0.0194509426893266,0.568181818181818
AWBL,sensory,GS,3,6,9,11,55,66,0,0,83.2096543866193,0.000654719843787329,Inf,0.0186812182726468,0.357142857142857,0.0235963291723029,0.473809523809524
AWBR,sensory,GS,4,4,8,19,64,83,0,0,46.9751908242105,0.00036961563925511,Inf,0.028415907885159,0.462962962962963,0.0346208992069353,0.624074074074074
ASEL,sensory,GS,3,5,8,10,39,49,1195,0.00940263745947817,52.3011533734308,0.000411521994881116,Inf,0.00624357404738279,0.203703703703704,0.00643838542554769,0.203703703703704
ASER,sensory,GS,4,6,10,10,50,60,1079,0.00848991281906021,123.150894165708,0.000968990134435749,Inf,0.0133904860805371,0.392857142857143,0.0164906731517176,0.490079365079365
ADFL,sensory,GS,6,9,15,53,110,163,300,0.00236049475970163,745.679418385591,0.0058672411983885,Inf,0.0110786291568591,0.225490196078431,0.0145677152690923,0.343954248366013
ADFR,sensory,GS,7,10,17,58,85,143,494,0.00388694803764202,605.476891071109,0.00476408342831263,Inf,0.0106474779730432,0.223484848484848,0.0125838978480666,0.278409090909091
AFDL,sensory,GS,4,1,5,41,59,100,236,0.00185692254429862,2.70363756613757,2.12730743566673e-05,Inf,0.016273055782014,0.277777777777778,0.016273055782014,0.277777777777778
AFDR,sensory,GS,7,3,10,38,34,72,395,0.00310798476694048,80.5137513211496,0.00063350762692498,Inf,0.00712936786093311,0.302325581395349,0.0103336707486708,0.479651162790698
AWCL,sensory,GS,4,5,9,54,27,81,44,0.000346205898089573,403.306547712034,0.00317334330809204,Inf,0.0160619740316535,0.367647058823529,0.012982024201099,0.397058823529412
AWCR,sensory,GS,3,2,5,3,58,61,0,0,154.600240512384,0.00121644352526032,Inf,0.000698447408937293,0.1,0.000698447408937293,0.1
ASKL,sensory,GS,7,4,11,28,22,50,911,0.00716803575362729,833.903877588556,0.00656141911047553,Inf,0.00703258886345345,0.268518518518519,0.00992498618140834,0.376543209876543
ASKR,sensory,GS,6,4,10,30,42,72,0,0,182.540924247238,0.001436289650389,Inf,0.0107970851414343,0.321428571428571,0.0141741944978785,0.512896825396825
ASHL,sensory,GS,2,12,14,9,100,109,641,0.00504359046989582,619.38057816895,0.00487348203009592,Inf,0.00742891509240486,0.213483146067416,0.00836941624006342,0.264044943820225
ASHR,sensory,GS,5,5,10,21,77,98,0,0,209.067162785902,0.00164500647393937,Inf,0.0122816617367104,0.302325581395349,0.0171169575250383,0.449612403100775
ADLL,sensory,GS,1,12,13,3,59,62,4,3.14732634626884e-05,28.0706009825448,0.000220868355069908,Inf,0.00321237722973956,0.168831168831169,0.00362205981461461,0.209415584415584
ADLR,sensory,GS,6,8,14,29,144,173,2643.5,0.0207998929909042,1083.80444080417,0.00852771567686533,Inf,0.0103877890188922,0.224719101123595,0.0148865368240558,0.344569288389513
BAGL,sensory,GS,7,8,15,40,83,123,474,0.00372958172032858,820.993142010342,0.00645983336488797,Inf,0.0108764549212098,0.228155339805825,0.0155714931680389,0.347087378640777
URXL,sensory,GS,2,1,3,8,1,9,0,0,0,0,Inf,0.0134714865446015,0.833333333333333,0.015074369838425,0.916666666666667
URXR,sensory,GS,3,9,12,10,56,66,10,7.86831586567211e-05,533.207311546011,0.00419544354912985,Inf,0.00242909388069847,0.0846153846153846,0.00436445123479445,0.152435897435897
ALNL,sensory,GS,3,8,11,10,61,71,26,0.000204576212507475,260.116665920215,0.00204668008938576,Inf,0.00746459996630544,0.212962962962963,0.0128181726793753,0.34212962962963
ALNR,sensory,GS,1,6,7,1,21,22,0,0,6.03598017479596,4.74929985742294e-05,Inf,0.00665237529987464,0.3,0.00942799360411345,0.4375
PLNL,sensory,GS,4,8,12,12,86,98,203,0.00159726812073144,179.011339459131,0.0014085177624015,Inf,0.00508863887595512,0.1640625,0.00660747170561389,0.244791666666667
PLNR,sensory,GS,4,4,8,20,38,58,367,0.00288767192270167,265.78563889877,0.00209128535941499,Inf,0.00567971897785883,0.12962962962963,0.00575478260389542,0.101851851851852
SDQL,sensory,GS,3,3,6,26,15,41,0,0,15.2319750510927,0.000119849990960034,Inf,0.0222430275556251,0.5,0.0144554888059157,0.307692307692308
SDQR,sensory,GS,4,12,16,33,155,188,1894,0.014902590249583,635.585214967165,0.00500098523091276,Inf,0.0113916503031376,0.245762711864407,0.0144598302181416,0.137037037037037
AQR,sensory,GS,5,13,18,11,53,64,638,0.00501998552229881,448.948495809864,0.00353246857245038,Inf,0.00418552283102047,0.210526315789474,0.00709929282450134,0.371052631578947
PQR,sensory,GS,16,24,40,85,212,297,663,0.00521669341894061,1064.98927251258,0.0083796719896813,Inf,0.00672919263579793,0.22609819121447,0.013463229464064,0.477842377260982
ALML,sensory,GS,3,5,8,7,68,75,615,0.00483901425738835,628.689742574907,0.00494672947608746,Inf,0.00267020743090913,0.12962962962963,0.00306945960191051,0.157407407407407
ALMR,sensory,GS,5,6,11,21,62,83,387,0.00304503824001511,614.047851554736,0.00483152245267,Inf,0.00336904529098306,0.10377358490566,0.00278981049950453,0.0943396226415094
AVM,sensory,GS,2,13,15,6,66,72,106,0.000834041481761244,212.403332952225,0.00167125651458963,Inf,0.00490302146381026,0.221153846153846,0.00690731426516249,0.338141025641026
PVM,sensory,GS,4,5,9,7,31,38,0,0,31.3377308849622,0.000246575165116311,Inf,0.0144945336619891,0.787878787878788,0.0150069843658346,0.763157894736842
PLML,sensory,GS,3,7,10,5,63,68,3032.5,0.0238606678626507,405.109569789469,0.00318753005531009,Inf,0.00798091145849495,0.322222222222222,0.012424051689736,0.538888888888889
PLMR,sensory,GS,1,8,9,1,69,70,0,0,91.9551035699465,0.000723531800348932,Inf,0.0105766970884154,0.319444444444444,0.0135901033893765,0.420138888888889
FLPL,sensory,GS,2,14,16,16,138,154,230,0.00180971264910459,101.407582979935,0.000797906894060486,Inf,0.00897413963266908,0.197478991596639,0.0135174382705168,0.296008403361345
FLPR,sensory,GS,4,8,12,15,47,62,0,0,309.351379130002,0.00243407436447614,Inf,0.0113045896027254,0.444444444444444,0.0143409411234124,0.333333333333333
DVA,sensory,GS,21,26,47,164,155,319,12956,0.101941900355648,6000.87792741736,0.0472168030042596,Inf,0.00305864016216814,0.135009310986965,0.0091608170881152,0.250550730886097
PVDL,sensory,GS,8,13,21,84,128,212,132,0.00103861769426872,368.80586006813,0.00290188100012692,Inf,0.00781494022543844,0.237864077669903,0.0135368758083689,0.479813915857605
PVDR,sensory,GS,7,12,19,98,119,217,266,0.00209297202026878,506.775526559455,0.0039874699159621,Inf,0.00999388208254453,0.233727810650888,0.0165580672635913,0.434418145956608
ADEL,sensory,GS,3,10,13,9,43,52,309,0.00243130960249268,873.372226917085,0.00687196854968908,Inf,0.00345705245468645,0.197368421052632,0.00515584849643931,0.254385964912281
ADER,sensory,GS,2,6,8,3,27,30,0,0,49.51269220992,0.000389581501667454,Inf,0.00335117064488904,0.192307692307692,0.00325204296844178,0.173076923076923
PDEL,sensory,GS,7,7,14,44,44,88,342.5,0.0026948981839927,183.435243737127,0.00144332643862027,Inf,0.00703653269646247,0.292134831460674,0.00840242848998069,0.368913857677903
PDER,sensory,GS,7,12,19,37,63,100,2489,0.0195842381896579,1133.21622755565,0.00891650322251326,Inf,0.00561249956045903,0.282738095238095,0.00867257307727322,0.355721393034826
PHAL,sensory,GS,8,16,24,37,281,318,161,0.00126679885437321,247.284636896347,0.0019457136318285,Inf,0.0125658452278271,0.246323529411765,0.0213413661091046,0.480545343137255
PHAR,sensory,GS,5,27,32,29,318,347,141,0.00110943253705977,133.615971850539,0.00105133267121879,Inf,0.010575448064306,0.260162601626016,0.0202460844159474,0.527388211382114
PHBL,sensory,GS,7,19,26,22,166,188,5,3.93415793283606e-05,110.192382288829,0.000867028469839401,Inf,0.0117543815102517,0.3234375,0.0195145791737837,0.580052083333333
PHBR,sensory,GS,8,21,29,59,149,208,838,0.00659364869543323,542.00126564224,0.0042646371576672,Inf,0.0117877041647138,0.322055137844612,0.0195541742030978,0.573308270676692
PHCL,sensory,GS,27,32,59,536,383,919,6753,0.0531347370408838,1008.79338441501,0.00793750499177769,Inf,0.0140643247656791,0.268731563421829,0.0275148275931577,0.519476069997892
PHCR,sensory,GS,24,25,49,484,386,870,2869,0.0225741982186133,486.721705678178,0.0038296801189546,Inf,0.0176660386617542,0.298366294067068,0.031109416321746,0.600444253367727
IL2DL,sensory,GS,2,4,6,3,26,29,343,0.00269883234192553,354.38328732814,0.00278839964221304,Inf,0.00403689249359482,0.166666666666667,0.00394200068121753,0.15
IL2DR,sensory,GS,0,11,11,0,44,44,0,0,0,0,Inf,0.00339752259284325,0.109090909090909,0.00321071820108289,0.0909090909090909
IL2L,sensory,GS,5,8,13,33,108,141,9090,0.0715229912189595,1076.90231308781,0.00847340755584782,Inf,0.00557588857520025,0.143835616438356,0.00321478135214472,0.089041095890411
IL2R,sensory,GS,5,13,18,34,108,142,1523,0.0119834450634186,1006.11021015323,0.00791639292916336,Inf,0.00715152669769995,0.161073825503356,0.00818466891442136,0.198545861297539
IL2VL,sensory,GS,3,10,13,5,110,115,0,0,209.176687159213,0.00164586824630357,Inf,0.00570442750880485,0.181818181818182,0.00709197288646598,0.229437229437229
IL2VR,sensory,GS,3,8,11,10,115,125,414,0.00325748276838825,241.80664225898,0.00190261103971124,Inf,0.011313294614613,0.254716981132075,0.0119679242479935,0.254716981132075
CEPDL,sensory,GS,10,13,23,76,99,175,1318.5,0.0103743744688887,1502.0935232843,0.0118189463009812,Inf,0.00414604341717972,0.120481927710843,0.00726046116263493,0.231492637215529
CEPDR,sensory,GS,9,10,19,73,97,170,1593,0.0125342271740157,1232.42587234711,0.00969711604465358,Inf,0.00324828060388367,0.0833333333333333,0.0037702227798865,0.103670634920635
CEPVL,sensory,GS,7,13,20,31,136,167,1228,0.00966229188304535,1235.01905077647,0.00971751999163181,Inf,0.0024939719990578,0.0802139037433155,0.00347675101097196,0.10873440285205
CEPVR,sensory,GS,12,22,34,50,234,284,1404,0.0110471154754036,2463.95927093429,0.0193872098238621,Inf,0.0039064434598948,0.11913357400722,0.00837201245501036,0.252159618359979
URYDR,sensory,GS,3,0,3,9,0,9,0,0,0,0,Inf,0.00450299208626958,0.166666666666667,0,0
URYVL,sensory,GS,1,1,2,2,1,3,0,0,2.06349206349206,1.62362073418631e-05,Inf,0,0,0,0
URYVR,sensory,GS,1,0,1,1,0,1,0,0,0,0,Inf,0,0,0,0
OLLL,sensory,GS,1,12,13,4,129,133,340,0.00267522739432852,51.6480746721179,0.000406383365374043,Inf,0.00536319843282584,0.141025641025641,0.00817968984195934,0.219978632478633
OLLR,sensory,GS,3,12,15,31,148,179,72,0.000566518742328392,72.7992103145007,0.000572807181525987,Inf,0.0109466478166307,0.206730769230769,0.0145243436732408,0.358653846153846
OLQDL,sensory,GS,6,8,14,69,50,119,847,0.00666446353822428,592.35726668376,0.00466085407959399,Inf,0.0151933467389963,0.369318181818182,0.0216926305507199,0.283854166666667
OLQDR,sensory,GS,4,10,14,79,83,162,651,0.00512227362855254,72.9179196340301,0.000573741223948243,Inf,0.0114128569988984,0.227272727272727,0.015654046703563,0.283143939393939
OLQVL,sensory,GS,8,7,15,65,86,151,2149,0.0169090107953294,809.311685065442,0.00636791997187425,Inf,0.00356053647213343,0.133663366336634,0.00574780720595718,0.194719471947195
OLQVR,sensory,GS,5,8,13,104,94,198,4054,0.0318981525194347,829.178733096347,0.00652424018109989,Inf,0.00803651388887244,0.142857142857143,0.0105613354875808,0.203463203463203
IL1DL,sensory,GS,6,2,8,27,37,64,297,0.00233688981210462,114.28217506272,0.000899208251209519,Inf,0.00693329109461351,0.214285714285714,0.0069665050197578,0.208333333333333
IL1DR,sensory,GS,2,3,5,20,37,57,13,0.000102288106253737,4.93875209018309,3.88596614278089e-05,Inf,0.00724534821182884,0.15,0.00724534821182884,0.15
IL1L,sensory,GS,4,5,9,12,49,61,1046,0.00823025839549303,1065.74208489961,0.00838559535533009,Inf,0.00828124061693389,0.314285714285714,0.0102973009149845,0.39047619047619
IL1R,sensory,GS,8,6,14,18,80,98,0,0,232.137617972788,0.00182653210251462,Inf,0.00618569504181825,0.202247191011236,0.0101806950692842,0.385112359550562
IL1VL,sensory,GS,6,6,12,26,140,166,377.5,0.00297028923929122,679.224420051603,0.00534435228064396,Inf,0.00950528524482567,0.215384615384615,0.0146045253118304,0.325128205128205
IL1VR,sensory,GS,6,5,11,45,81,126,6,4.72098951940327e-05,48.2934392169118,0.000379988033998299,Inf,0.0127232790177923,0.320754716981132,0.0169780961482001,0.477987421383648
AINL,interneuron,GS,0,5,5,0,27,27,0,0,0,0,Inf,0.00617356735614713,0.3,0.00932024132732024,0.470833333333333
AINR,interneuron,GS,6,8,14,25,68,93,133,0.00104648601013439,525.331587817734,0.004133474867165,Inf,0.00760017817015755,0.202247191011236,0.00953997268263381,0.276217228464419
AIML,interneuron,GS,3,7,10,17,47,64,19,0.00014949800144777,373.024847203396,0.0029350773235404,Inf,0.00587166052340419,0.181818181818182,0.00660694063194706,0.181818181818182
AIMR,interneuron,GS,4,6,10,7,91,98,383,0.00301356497655242,542.762390181367,0.00427062592595416,Inf,0.0156582990632637,0.414634146341463,0.0188780647336559,0.540650406504065
RIH,interneuron,GS,9,29,38,79,363,442,9140,0.0719164070122431,1478.50789416506,0.0116333671211804,Inf,0.00661370679773317,0.159253945480631,0.0169361651056942,0.280013333333333
URBL,interneuron,GS,1,6,7,19,28,47,349,0.00274604223711957,345.86619047619,0.00272138443392338,Inf,0.00275907080093905,0.125,0.00148156842056027,0.075
URBR,interneuron,GS,1,2,3,10,5,15,0,0,5.6289072039072,4.42900198588991e-05,Inf,0,0,0,0
RIR,interneuron,GS,5,9,14,63,46,109,9874,0.0776917508576464,574.148004869964,0.00451757785596233,Inf,0.00830951496370781,0.230337078651685,0.0110038767114974,0.324625468164794
AIYL,interneuron,GS,9,10,19,117,488,605,1466,0.0115349510590753,967.580700909866,0.00761323058028724,Inf,0.0147977939873533,0.180473372781065,0.026497896395597,0.403853198083967
AIYR,interneuron,GS,6,10,16,104,435,539,2089,0.016436911843389,419.45311114623,0.00330038956933741,Inf,0.0180234294055458,0.230769230769231,0.028679867222184,0.416452991452992
AIAL,interneuron,GS,11,6,17,172,134,306,1888,0.0148553803543889,306.276290662737,0.00240987859710082,Inf,0.0210939879581495,0.300751879699248,0.0325878828859054,0.386471336107259
AIAR,interneuron,GS,12,7,19,254,31,285,3088.5,0.0243012935511283,814.323128729985,0.0064073515935699,Inf,0.0114464384709965,0.274390243902439,0.0175301065084178,0.427337398373984
AUAL,interneuron,GS,4,6,10,11,89,100,0,0,429.000930960532,0.00337551483146486,Inf,0.0168303775065728,0.337209302325581,0.0189072662528986,0.424418604651163
AUAR,interneuron,GS,9,5,14,31,83,114,168,0.00132187706543291,514.877479133345,0.00405121863794216,Inf,0.0091980437124622,0.193181818181818,0.0125625671410788,0.282670454545455
AIZL,interneuron,GS,8,14,22,277,200,477,12081,0.0950571239731848,1541.8385851715,0.0121316730020103,Inf,0.0101083227576051,0.158590308370044,0.0162617602282054,0.289962240402769
AIZR,interneuron,GS,12,13,25,333,276,609,4509,0.0354782362383156,1471.43708140666,0.0115777317329703,Inf,0.0174787741120094,0.246621621621622,0.0314548233521772,0.2633
RIS,interneuron,GS,9,18,27,22,201,223,96,0.000755358323104523,1151.16345393125,0.00905771766854918,Inf,0.00669601742385792,0.221739130434783,0.0126991172702932,0.235028248587571
ALA,interneuron,GS,0,4,4,0,154,154,0,0,0,0,Inf,0.0260835461136012,0.166666666666667,0.0260835461136012,0.166666666666667
PVQL,interneuron,GS,6,6,12,35,36,71,375,0.00295061844962704,1734.76473658782,0.0136496769001024,Inf,0.00332933718487064,0.121212121212121,0.00431101564106024,0.159090909090909
PVQR,interneuron,GS,11,11,22,60,71,131,2979,0.0234397129638372,785.993599040408,0.00618444590564636,Inf,0.00459609218878901,0.178260869565217,0.00699206665339206,0.316708074534161
ADAL,interneuron,GS,4,16,20,17,87,104,2114,0.0166336197400308,1092.90973051944,0.00859935897239357,Inf,0.00442953004261056,0.154255319148936,0.00722330229395577,0.29197695035461
RIFL,interneuron,GS,7,9,16,36,115,151,605,0.00476033109873163,859.506526503565,0.00676286883913673,Inf,0.00858630265556552,0.245762711864407,0.0112854455538076,0.397175141242938
RIFR,interneuron,GS,11,8,19,105,65,170,552,0.00434331035785101,742.663931835082,0.00584351439772041,Inf,0.0140456108487034,0.365269461077844,0.0178744111294367,0.379887218045113
BDUL,interneuron,GS,2,2,4,17,5,22,0,0,2.17575411294715,1.71195206067034e-05,Inf,0.00393507181916159,0.2,0.00393507181916159,0.2
BDUR,interneuron,GS,2,3,5,16,12,28,13,0.000102288106253737,15.6318926123167,0.000122996668651974,Inf,0.00495117550128882,0.277777777777778,0.003299114137821,0.222222222222222
PVR,interneuron,GS,8,10,18,43,58,101,128,0.00100714443080603,524.443048971891,0.00412648356286699,Inf,0.00246737142937504,0.104575163398693,0.00345477382897994,0.15958605664488
AVFL,interneuron,GS,23,30,53,158,309,467,13180,0.103704403109558,3818.54490428084,0.0300455174541343,Inf,0.0087557963994375,0.235745614035088,0.0165203215707709,0.516276803118908
AVFR,interneuron,GS,27,34,61,115,306,421,9548.5,0.0751306140433702,5320.46132000778,0.041863070216912,Inf,0.00712400318973473,0.227799227799228,0.0143080364588242,0.507004964147821
AVHL,interneuron,GS,9,10,19,15,21,36,2,1.57366317313442e-05,2015.83413606427,0.015861219715358,Inf,0.0013063816845178,0.117647058823529,0.00200623485844994,0.192941176470588
AVHR,interneuron,GS,9,12,21,31,30,61,544,0.00428036383092563,1964.81642516214,0.0154597962512364,Inf,0.00228725104663017,0.138755980861244,0.00327451482056228,0.202312599681021
PVPL,interneuron,GS,16,10,26,34,46,80,203,0.00159726812073144,892.595991330969,0.00702322720022479,Inf,0.00296468908232622,0.179012345679012,0.00720529507804731,0.478780864197531
PVPR,interneuron,GS,7,9,16,38,20,58,0,0,512.929536972812,0.00403589161373502,Inf,0.00425340067000453,0.15546218487395,0.00588295246654392,0.234943977591036
LUAL,interneuron,GS,5,14,19,34,86,120,8,6.29465269253769e-05,46.0415006199896,0.000362269069807617,Inf,0.00824571575115987,0.288690476190476,0.0160974646094253,0.560615079365079
LUAR,interneuron,GS,4,11,15,34,58,92,10091,0.0793991754004973,354.336289486677,0.00278802984835141,Inf,0.011782745245907,0.356435643564356,0.0152576295335784,0.478547854785479
PVNL,interneuron,GS,27,40,67,185,204,389,1078.5,0.00848597866112737,1572.47489391957,0.0123727291561984,Inf,0.00698325731590738,0.274237596722804,0.0154308328339959,0.574846798903403
PVNR,interneuron,GS,20,23,43,149,113,262,462,0.00363516192994052,766.946659958499,0.00603457857267569,Inf,0.00782393704377917,0.257541899441341,0.0149204862715122,0.554180633147114
AVG,interneuron,GS,30,24,54,298,98,396,791.5,0.00622777200767948,2706.11913094336,0.0212926000924004,Inf,0.0057657331914536,0.192821956368754,0.013528429629473,0.507940417546329
DVB,interneuron,GS,5,15,20,13,42,55,0,0,110.998027978129,0.000873367544598632,Inf,0.00688970425404393,0.395161290322581,0.00988786552242508,0.592517921146953
RIBL,interneuron,GS,19,9,28,270,26,296,1654,0.0130141944418217,2498.67379033482,0.0196603546276305,Inf,0.00708715297712484,0.186327077747989,0.0138392801587005,0.411959019532746
RIBR,interneuron,GS,25,12,37,394,91,485,6582,0.0517892550278538,3299.33662462055,0.025960222709695,Inf,0.00876318528273529,0.15273556231003,0.0187378646914552,0.3811115935736
RIGL,interneuron,GS,10,17,27,60,139,199,1908,0.0150127466717024,2393.15107411394,0.018830068565401,Inf,0.00283416805960333,0.108381502890173,0.0057591838530965,0.23059110927608
RIGR,interneuron,GS,17,12,29,128,95,223,3121,0.0245570138167627,2404.03040306728,0.0189156705620124,Inf,0.00339725129231972,0.0977443609022556,0.00455483933041863,0.139452798663325
RMGL,interneuron,GS,9,16,25,19,98,117,730,0.00574387058194064,1452.95422157389,0.0114323027537051,Inf,0.0025563725238671,0.128813559322034,0.00602203287196938,0.313841807909605
RMGR,interneuron,GS,8,11,19,22,72,94,696,0.00547634784250779,963.121206987622,0.00757814187350598,Inf,0.00297456721453251,0.0818713450292398,0.00424075626546302,0.118908382066277
AIBL,interneuron,GS,22,13,35,298,131,429,3340,0.0262801749913449,1543.86700758363,0.012147633270258,Inf,0.00612229125231543,0.147208121827411,0.0147563323711422,0.199258125472411
AIBR,interneuron,GS,18,14,32,201,107,308,4399,0.0346127214930916,3693.45344690004,0.0290612583553649,Inf,0.00413926939490729,0.111451942740286,0.00574573937531193,0.151874573960464
RICL,interneuron,GS,13,12,25,123,98,221,2642,0.0207880905171057,1712.12109458658,0.0134715095724875,Inf,0.00303208489760793,0.095959595959596,0.00807117845161075,0.279383116883117
RICR,interneuron,GS,13,16,29,123,162,285,4072,0.0320397822050168,2088.38669450139,0.0164320861620038,Inf,0.00407426710512769,0.11166253101737,0.00924609682529087,0.259962483752806
SAADL,interneuron,GS,12,0,12,158,0,158,0,0,0,0,Inf,0.00472419628844119,0.0984848484848485,0.00604651403965163,0.14229797979798
SAADR,interneuron,GS,11,0,11,126,0,126,0,0,0,0,Inf,0.00491594145353524,0.145454545454545,0.00625699162059525,0.198484848484848
SAAVL,interneuron,GS,8,6,14,89,152,241,5464.5,0.0429964120479653,829.404330015027,0.00652601524891438,Inf,0.00770140419331569,0.147727272727273,0.00902776363619956,0.173295454545455
SAAVR,interneuron,GS,11,7,18,119,130,249,4879.5,0.0383934472665471,878.49854487704,0.00691230403862588,Inf,0.00746202812402936,0.177852348993289,0.0101706340283089,0.253299776286353
AVKL,interneuron,GS,13,19,32,119,31,150,0,0,2424.22673557536,0.0190745816855141,Inf,0.00223874689412597,0.103238866396761,0.00596684735180638,0.291343743975323
AVKR,interneuron,GS,15,14,29,97,52,149,403,0.00317093129386586,2494.00446375531,0.0196236148912229,Inf,0.00326754957052196,0.116625310173697,0.0062902042966351,0.243512938674229
DVC,interneuron,GS,13,24,37,37,163,200,11028,0.086771787366632,10401.7746366929,0.0818444484050366,Inf,0.00270161558267559,0.128224582701062,0.00646976491557224,0.335580906616567
AVJL,interneuron,GS,10,14,24,30,36,66,367,0.00288767192270167,2712.18990136618,0.0213403668316352,Inf,0.00171997357138072,0.117647058823529,0.00286692242337883,0.202512254901961
AVJR,interneuron,GS,1,8,9,1,12,13,0,0,12.6530200828204,9.95579586663236e-05,Inf,0.00240401079966673,0.214285714285714,0.00334710589528193,0.304761904761905
PVT,interneuron,GS,4,13,17,10,59,69,15,0.000118024737985082,532.430584812272,0.00418933201784748,Inf,0.00483475438170766,0.218045112781955,0.00650214559218623,0.303258145363409
AVDL,interneuron,GS,18,20,38,184,79,263,1509,0.0118732886412992,1403.18351245187,0.0110406910934746,Inf,0.00308299039617522,0.0971428571428571,0.00606359270951681,0.22172619047619
AVDR,interneuron,GS,23,27,50,120,82,202,544,0.00428036383092563,1377.52349012619,0.0108387899326959,Inf,0.00279146021793337,0.123977086743044,0.00671692717001732,0.337475644922453
AVL,interneuron,GS,17,12,29,49,45,94,585,0.00460296478141819,2485.44931818459,0.0195563003035958,Inf,0.00184528438065326,0.13375,0.0035118959229436,0.261458333333333
PVWL,interneuron,GS,5,0,5,18,0,18,0,0,0,0,Inf,0.0125253790917662,0.6,0.012509552745279,0.7125
PVWR,interneuron,GS,5,0,5,17,0,17,0,0,0,0,Inf,0.0196560307009355,0.7,0.0165612332058163,0.775
RIAL,interneuron,GS,29,22,51,597,521,1118,5706.5,0.0449005444874579,2891.67794845656,0.0227526354802549,Inf,0.0132641647237647,0.182501979414093,0.0345702482101771,0.397723278152463
RIAR,interneuron,GS,25,23,48,619,694,1313,15689,0.12344600761653,3174.30889364224,0.0249764650303893,Inf,0.0146028536678253,0.156669650850492,0.0335125142897829,0.39826917338108
RIML,interneuron,GS,18,17,35,216,170,386,7822,0.0615459667012873,2304.78159777822,0.0181347496127075,Inf,0.00513967982515217,0.137755102040816,0.0121180594412561,0.34250283446712
RIMR,interneuron,GS,13,21,34,166,185,351,4573,0.0359818084537186,2525.63169077086,0.0198724679033366,Inf,0.00553975415748379,0.137837837837838,0.0136732549314286,0.354422994422994
AVEL,interneuron,GS,25,12,37,296,105,401,8905,0.0700673527838102,2465.58554263906,0.0194000058433187,Inf,0.00345069973416181,0.0870870870870871,0.00886463387752345,0.249413699413699
AVER,interneuron,GS,14,16,30,136,116,252,3098,0.0243760425518522,1512.16594471336,0.0118981992943172,Inf,0.00293496535516807,0.0816091954022989,0.00577524454147354,0.178716475095785
RMFL,interneuron,GS,8,0,8,25,0,25,0,0,0,0,Inf,0.00593638130445913,0.303571428571429,0.0107054364412186,0.491071428571429
RMFR,interneuron,GS,6,3,9,40,12,52,343,0.00269883234192553,398.798734723729,0.00313787441163668,Inf,0.00795413469447066,0.222222222222222,0.0140428666983152,0.413888888888889
RID,interneuron,GS,6,2,8,15,2,17,350,0.00275391055298524,698.553963892203,0.00549644323712117,Inf,0.00269407458327576,0.222222222222222,0.00262472084526927,0.212962962962963
AVBL,interneuron,GS,33,10,43,375,29,404,583,0.00458722814968684,1531.43162539719,0.0120497877553048,Inf,0.00382190622771107,0.117647058823529,0.0104790054381981,0.340788013318535
AVBR,interneuron,GS,33,20,53,360,37,397,1253,0.00985899977968716,5396.25077286522,0.0424594055712808,Inf,0.00318039576076682,0.119169096209913,0.00854612096362913,0.33997986949882
AVAL,interneuron,GS,39,43,82,551,350,901,27188.5,0.213927705913826,10016.5911863579,0.0788137033515715,Inf,0.00341554745339196,0.0895229468599034,0.0112512781502521,0.294492789567518
AVAR,interneuron,GS,40,46,86,528,381,909,19952,0.15698863815189,10603.454294574,0.0834313276569259,Inf,0.00328115166910388,0.0884530992868897,0.0104310111832146,0.276828324582713
PVCL,interneuron,GS,28,20,48,200,78,278,1031.5,0.00811616781544078,3599.1656012402,0.0283193718034196,Inf,0.00312001170386587,0.127669039145907,0.00845386786608563,0.358553988024629
PVCR,interneuron,GS,16,23,39,185,107,292,2909.5,0.022892865011173,1430.75979587813,0.0112576700018737,Inf,0.00542927588738639,0.161005434782609,0.0113808783941475,0.367289402173913
RIPL,interneuron,GS,8,0,8,169,0,169,0,0,0,0,Inf,0.0115990382240767,0.142857142857143,0.0115990382240767,0.142857142857143
RIPR,interneuron,GS,15,0,15,216,0,216,0,0,0,0,Inf,0.00699929487956407,0.142857142857143,0.0119935361929179,0.267301587301587
URADL,motorneuron,GS,2,1,3,14,16,30,0,0,1,7.86831586567211e-06,Inf,0.0103092783505155,0.166666666666667,0.0103092783505155,0.166666666666667
URADR,motorneuron,GS,2,2,4,13,26,39,5,3.93415793283606e-05,3.31145510835913,2.60555747675631e-05,Inf,0.0134296218140184,0.333333333333333,0.010917579083595,0.25
URAVL,motorneuron,GS,2,4,6,38,37,75,12,9.44197903880653e-05,15.5165838694302,0.000122089383040869,Inf,0.0152368470552086,0.3,0.0158378567938911,0.3
URAVR,motorneuron,GS,3,2,5,30,27,57,8,6.29465269253769e-05,2.23302418255979,1.75701396040647e-05,Inf,0.021588508677874,0.5,0.0222096601380811,0.491666666666667
RMEL,motorneuron,GS,6,3,9,32,5,37,2.5,1.96707896641803e-05,53.8327650997832,0.000423573199727624,Inf,0.00381915241823803,0.314285714285714,0.00456154584292243,0.107142857142857
RMER,motorneuron,GS,12,2,14,67,5,72,699,0.00549995279010481,724.20394712071,0.00569826540711225,Inf,0.00468893133295573,0.233333333333333,0.00644330560992174,0.150252525252525
RMED,motorneuron,GS,7,4,11,99,25,124,41,0.000322600950492557,57.5927987625625,0.000453158332251932,Inf,0.00447410673099407,0.172727272727273,0.00867360586197352,0.275606060606061
RMEV,motorneuron,GS,8,1,9,49,3,52,13,0.000102288106253737,126.533760847256,0.000995607598017624,Inf,0.00524133786188787,0.180555555555556,0.00522860838622105,0.219907407407407
RMDDL,motorneuron,GS,12,1,13,331,36,367,213,0.00167595127938816,14.2333676762864,0.000111992632709269,Inf,0.0263154986015621,0.272727272727273,0.040387161431707,0.467748917748918
RMDDR,motorneuron,GS,14,3,17,413,38,451,1092,0.00859220092531395,248.384860449199,0.00195437053826519,Inf,0.0233892689151698,0.205223880597015,0.0314382468378792,0.298196517412935
RMDL,motorneuron,GS,11,2,13,109,4,113,0,0,1.53834387000399,1.21041754792118e-05,Inf,0.0147053765020612,0.434210526315789,0.0207190422325945,0.507716049382716
RMDR,motorneuron,GS,19,14,33,177,108,285,10611.5,0.0834946338085796,3916.45792244793,0.0308159280084343,Inf,0.00678755809502003,0.159615384615385,0.0134240862125308,0.38091804029304
RMDVL,motorneuron,GS,14,3,17,356,73,429,491,0.00386334309004501,610.894161510023,0.00480670822325577,Inf,0.0172443437445798,0.130597014925373,0.0186439545949776,0.166355721393035
RMDVR,motorneuron,GS,13,4,17,343,80,423,1369,0.0107717244201051,1013.04478569781,0.00797095635994247,Inf,0.0165989742405835,0.180451127819549,0.0264123893955048,0.352756892230576
RIVL,motorneuron,GS,3,9,12,18,96,114,268,0.00210870865200013,170.225650560206,0.00133938918704723,Inf,0.0178554548565519,0.359375,0.0214462748985116,0.424479166666667
RIVR,motorneuron,GS,15,12,27,54,102,156,348,0.00273817392125389,623.331502011493,0.00490456914685026,Inf,0.00649171898959716,0.26231884057971,0.0124007959416477,0.353732849071832
RMHL,motorneuron,GS,14,9,23,63,24,87,383.5,0.00301749913448525,3495.03180616112,0.0275000142114462,Inf,0.00195223441788993,0.116935483870968,0.0048817496071634,0.278763440860215
RMHR,motorneuron,GS,5,4,9,55,19,74,40,0.000314732634626884,369.854787844736,0.00291013429519353,Inf,0.00390912657270492,0.147058823529412,0.00519368980844797,0.198529411764706
SABD,motorneuron,GS,9,2,11,40,8,48,14,0.00011015642211941,67.7210253095867,0.000532850417883004,Inf,0.00135245762030304,0.0909090909090909,0.00175013119360794,0.118181818181818
SABVL,motorneuron,GS,8,1,9,51,4,55,648,0.00509866868095553,121.452236306356,0.000955624557850661,Inf,0.00265469489896747,0.1,0.00377374794357915,0.138095238095238
SABVR,motorneuron,GS,7,1,8,39,4,43,77,0.000605860321656753,90.8852233764169,0.000715113645047815,Inf,0.00291134880088497,0.12962962962963,0.00500078302499686,0.20679012345679
SMDDL,motorneuron,GS,21,9,30,201,69,270,1576,0.0124004658042992,1394.33221121682,0.010971046259535,Inf,0.0086680051741199,0.188084112149533,0.0152215064626265,0.357441866933689
SMDDR,motorneuron,GS,23,9,32,313,87,400,3536,0.0278223649010166,1359.99367911321,0.0107008598425802,Inf,0.0112097950577617,0.197341513292434,0.023141399482525,0.444639205375402
SMDVL,motorneuron,GS,15,15,30,173,315,488,9184,0.0722626129103327,1610.22657798389,0.0126697713308775,Inf,0.0227675467374761,0.282201405152225,0.0354622631330256,0.360512129380054
SMDVR,motorneuron,GS,15,8,23,154,170,324,2766,0.0217637616844491,324.381495320411,0.00255233606616004,Inf,0.0145852912822708,0.261133603238866,0.0227650479510448,0.445614035087719
SMBDL,motorneuron,GS,6,11,17,48,134,182,2759,0.0217086834733894,1064.62305354101,0.00837679046313703,Inf,0.00535662799968627,0.150375939849624,0.00801017128052518,0.204385964912281
SMBDR,motorneuron,GS,13,13,26,95,116,211,4627,0.0364066975104649,2819.78953200667,0.0221869947125442,Inf,0.00828833407698079,0.239747634069401,0.0173744168943269,0.184634448574969
SMBVL,motorneuron,GS,19,10,29,101,80,181,362,0.0028483303433733,2226.86313377048,0.0175216625261266,Inf,0.00224718707551041,0.109022556390977,0.00473261321212651,0.247046186895811
SMBVR,motorneuron,GS,15,6,21,77,56,133,379,0.00298209171308973,907.30646685224,0.00713897386816039,Inf,0.00257069042286247,0.0942028985507246,0.00271475802498697,0.106280193236715
SIBDL,motorneuron,GS,3,4,7,44,14,58,0,0,247.686560419553,0.00194887609306292,Inf,0.00878224001710249,0.210526315789474,0.00878224001710249,0.210526315789474
SIBDR,motorneuron,GS,4,2,6,56,12,68,0,0,8.2844679505338,6.51848106138372e-05,Inf,0.0128355815634575,0.307692307692308,0.0128355815634575,0.307692307692308
SIBVL,motorneuron,GS,6,2,8,45,27,72,166,0.00130614043370157,34.8893958176707,0.000274520786655893,Inf,0.0199343512716478,0.307692307692308,0.00980122627758529,0.221153846153846
SIBVR,motorneuron,GS,7,5,12,61,31,92,309,0.00243130960249268,337.711634725375,0.00265722181353173,Inf,0.00466285295003795,0.119047619047619,0.0043486704275312,0.0952380952380952
SIADL,motorneuron,GS,5,3,8,41,25,66,61,0.000479967267805999,134.836503674327,0.00106093620113247,Inf,0.0194362408369798,0.44,0.0233909406007461,0.54
SIADR,motorneuron,GS,11,4,15,68,42,110,1368,0.0107638561042394,232.447150049076,0.00182896759866141,Inf,0.0149485116527676,0.361386138613861,0.0224009301685372,0.626237623762376
SIAVL,motorneuron,GS,12,4,16,94,15,109,0,0,334.421415713621,0.00263133333108001,Inf,0.00757027737521308,0.224137931034483,0.0103450471786587,0.339080459770115
SIAVR,motorneuron,GS,11,4,15,132,15,147,1958,0.015406162464986,311.680458260503,0.00245240029475107,Inf,0.00912464954904192,0.137254901960784,0.00959203467542913,0.151960784313725
DA01,motorneuron,GS,8,4,12,63,30,93,417,0.00328108771598527,140.531208434274,0.00110574393694547,Inf,0.0100053067947945,0.3125,0.0140091898444342,0.462890625
DA02,motorneuron,GS,10,6,16,47,38,85,1063,0.00836401976520946,794.18929648653,0.00624893224189193,Inf,0.00630879244040997,0.241525423728814,0.0096815766550297,0.367231638418079
DA03,motorneuron,GS,11,6,17,60,65,125,1532,0.0120542599062097,1648.57984089249,0.0129715469179216,Inf,0.00638270461706471,0.22962962962963,0.0102140129495567,0.367283950617284
DA04,motorneuron,GS,9,4,13,36,38,74,648,0.00509866868095553,453.239418508077,0.0035662309075951,Inf,0.0067448334277033,0.25974025974026,0.00990805971223431,0.392857142857143
DA05,motorneuron,GS,6,4,10,20,25,45,5,3.93415793283606e-05,127.23483948046,0.00100112390615035,Inf,0.0052449302965983,0.227272727272727,0.00676002729319385,0.301136363636364
DA06,motorneuron,GS,9,5,14,56,39,95,706,0.00555503100116451,499.531381076399,0.00393047069112453,Inf,0.00567801382123435,0.164835164835165,0.00727380231557214,0.218864468864469
DA07,motorneuron,GS,7,7,14,53,38,91,560,0.00440625688477638,145.726076932386,0.00114661880316925,Inf,0.00588492847616543,0.236263736263736,0.0086339391054112,0.336996336996337
DA08,motorneuron,GS,16,11,27,81,41,122,486,0.00382400151071665,588.400807540968,0.00462972340934888,Inf,0.00370129991365561,0.15954415954416,0.00761747527149967,0.367094017094017
DA09,motorneuron,GS,12,11,23,105,16,121,143,0.00112516916879111,734.292637071104,0.00577764640631278,Inf,0.00539230913499917,0.218,0.0101721119173138,0.5067
PDA,motorneuron,GS,7,5,12,22,25,47,700,0.00550782110597048,368.460067125344,0.00289916019202896,Inf,0.00609409356690202,0.293650793650794,0.00671304310792605,0.322751322751323
DB01,motorneuron,GS,5,6,11,7,79,86,45,0.000354074213955245,388.33730598466,0.00305556058591146,Inf,0.00974728638342229,0.326923076923077,0.0141196324968392,0.5625
DB02,motorneuron,GS,4,9,13,12,88,100,40,0.000314732634626884,153.349143806452,0.00120659950119954,Inf,0.00658438981193396,0.207792207792208,0.0110270762725365,0.395021645021645
DB03,motorneuron,GS,8,8,16,17,48,65,1111,0.00874169892676172,1889.46045873516,0.014866871705026,Inf,0.00279159517701153,0.1625,0.00532628697720429,0.309375
DB04,motorneuron,GS,6,3,9,11,19,30,4,3.14732634626884e-05,88.8815357045702,0.000699347997549572,Inf,0.00274961612625299,0.142857142857143,0.00284195808188337,0.15
DB05,motorneuron,GS,4,11,15,5,55,60,49,0.000385547477417933,502.413087026764,0.00395314486377399,Inf,0.0019456098544505,0.115384615384615,0.00286526999966536,0.189503205128205
DB06,motorneuron,GS,13,6,19,82,30,112,78,0.000613728637522425,218.997864769811,0.00172314437391662,Inf,0.00599140492145437,0.228070175438596,0.0102127423514447,0.389327485380117
DB07,motorneuron,GS,14,4,18,138,12,150,4,3.14732634626884e-05,71.3369140041519,0.000561301372266955,Inf,0.00621245992330562,0.197368421052632,0.0113690673738598,0.411787280701754
AS01,motorneuron,GS,10,5,15,45,36,81,1450,0.0114090580052246,323.635168072283,0.00254646372763261,Inf,0.0066873022512009,0.286407766990291,0.00994453825984,0.221861471861472
AS02,motorneuron,GS,9,3,12,27,25,52,63,0.000495703899537343,155.345251772153,0.00122230550917566,Inf,0.00461387960780891,0.223076923076923,0.00667536812875628,0.330769230769231
AS03,motorneuron,GS,5,2,7,14,24,38,24,0.000188839580776131,63.2239937463025,0.000497466353085187,Inf,0.00367493522701587,0.119047619047619,0.00454580864234522,0.142857142857143
AS04,motorneuron,GS,9,2,11,25,25,50,25,0.000196707896641803,91.3411512312281,0.000718701029421428,Inf,0.00478006178340692,0.254545454545455,0.00709997992747866,0.38030303030303
AS05,motorneuron,GS,6,2,8,16,15,31,22,0.000173102949044786,46.3131878744721,0.000364406790942562,Inf,0.00810305806040299,0.444444444444444,0.00848445286341549,0.355555555555556
AS06,motorneuron,GS,2,1,3,4,20,24,0,0,6.87430687810836,5.40892178745189e-05,Inf,0.00708124621960233,0.166666666666667,0.00708124621960233,0.166666666666667
AS07,motorneuron,GS,5,1,6,17,20,37,0,0,39.9724581121144,0.000314515926353463,Inf,0.00716755772781222,0.233333333333333,0.00794118936109082,0.277777777777778
AS08,motorneuron,GS,5,1,6,21,20,41,0,0,16.5972649582911,0.000130592523198086,Inf,0.00884756695690614,0.266666666666667,0.0112603520481852,0.316666666666667
AS09,motorneuron,GS,5,1,6,24,20,44,0,0,35.9868068646396,0.000283155563407922,Inf,0.0101584588012328,0.366666666666667,0.0104637041801873,0.4
AS10,motorneuron,GS,6,2,8,17,20,37,65,0.000511440531268687,117.030599482755,0.000920833722679281,Inf,0.00436879342527217,0.214285714285714,0.00514070331617043,0.279761904761905
AS11,motorneuron,GS,25,6,31,165,23,188,9398,0.0739464325055865,1756.22809986815,0.0138185574219318,Inf,0.00634906866301072,0.233766233766234,0.0131114602768519,0.518614718614719
PDB,motorneuron,GS,38,37,75,459,187,646,9851,0.077510779592736,3533.60539831476,0.0278035234185847,Inf,0.00802249228435526,0.251543770432256,0.0172949700659075,0.522967925183115
DD01,motorneuron,GS,14,3,17,148,5,153,139,0.00109369590532842,238.267075860144,0.00187476061325767,Inf,0.00797526806984697,0.285714285714286,0.0152517844838766,0.557456140350877
DD02,motorneuron,GS,11,3,14,107,4,111,282,0.00221886507411954,165.478756559092,0.0013020391256656,Inf,0.0061445792859916,0.244444444444444,0.0108501437756508,0.435092592592593
DD03,motorneuron,GS,5,2,7,60,2,62,10288,0.0809492336260347,7459.35459165769,0.0586925580812143,Inf,0.00119974967232128,0.119047619047619,0.00187963517745098,0.176587301587302
DD04,motorneuron,GS,11,0,11,70,0,70,0,0,0,0,Inf,0.00400042039677751,0.236363636363636,0.00766781434069125,0.442878787878788
DD05,motorneuron,GS,16,0,16,186,0,186,0,0,0,0,Inf,0.0102733829443289,0.241666666666667,0.0172913426555443,0.496527777777778
DD06,motorneuron,GS,32,1,33,277,3,280,94,0.000739621691373179,87.5368298581579,0.000688767427203584,Inf,0.00550659402794227,0.157495256166983,0.0129006359318008,0.443995662781241
VA01,motorneuron,GS,6,3,9,36,16,52,115,0.000904856324552293,109.572874644814,0.000862153988015092,Inf,0.00665836108666958,0.3,0.00957473609488223,0.428571428571429
VA02,motorneuron,GS,8,7,15,40,54,94,247,0.00194347401882101,990.634223608679,0.00779462297869794,Inf,0.00704448377889406,0.284313725490196,0.0100563582670821,0.43218954248366
VA03,motorneuron,GS,11,7,18,41,48,89,3095,0.0243524376042552,1954.27073292422,0.0153768194136863,Inf,0.00532893761071461,0.225165562913907,0.00962557087405428,0.435264900662252
VA04,motorneuron,GS,9,4,13,33,34,67,6423,0.050538192805212,4660.76677622045,0.0366723851715329,Inf,0.00556124081124193,0.206666666666667,0.00816055862064005,0.315555555555556
VA05,motorneuron,GS,8,4,12,19,18,37,48.5,0.000381613319485097,939.019176681007,0.00738849948604953,Inf,0.00462473489989753,0.285714285714286,0.00658992854318574,0.407407407407407
VA06,motorneuron,GS,6,7,13,25,33,58,3001,0.023612815912882,1289.81516340916,0.0101486731140368,Inf,0.00446027410844881,0.243243243243243,0.00598121040958192,0.343468468468468
VA07,motorneuron,GS,4,6,10,19,30,49,363,0.00285619865923898,107.519076067772,0.000845994052086456,Inf,0.00568010670970931,0.232558139534884,0.00711110346842061,0.273255813953488
VA08,motorneuron,GS,4,7,11,18,25,43,510,0.00401284109149278,125.190972527295,0.000985042115375435,Inf,0.00376536418536947,0.160377358490566,0.00393476530145703,0.160377358490566
VA09,motorneuron,GS,10,7,17,58,13,71,5,3.93415793283606e-05,482.359308941424,0.00379535540349844,Inf,0.00355293020300187,0.2,0.00724930038537425,0.428395061728395
VA10,motorneuron,GS,13,13,26,95,102,197,6062,0.0476977307777043,1905.29528498158,0.0149914651196108,Inf,0.00563838262383487,0.20625,0.010216212800159,0.453411458333333
VA11,motorneuron,GS,10,7,17,63,79,142,4094,0.0322128851540616,160.173792122614,0.00126029798982323,Inf,0.0118118781242245,0.435606060606061,0.0175123374702114,0.639835858585859
VA12,motorneuron,GS,15,25,40,62,240,302,1348,0.010606489786926,1105.53522945465,0.00869870038597747,Inf,0.00627081283069747,0.237354085603113,0.0137408736045073,0.534695201037613
VB01,motorneuron,GS,3,8,11,7,38,45,1390,0.0109369590532842,1280.39759380133,0.0100745727016754,Inf,0.00379491808337659,0.245283018867925,0.0054100850698649,0.365723270440252
VB02,motorneuron,GS,5,6,11,9,65,74,1399,0.0110077738960753,497.094776909685,0.00391129871990121,Inf,0.0129217367740365,0.48,0.0171567513509172,0.693333333333333
VB03,motorneuron,GS,4,5,9,14,57,71,3946,0.0310483744059422,850.924018435037,0.00669533895473387,Inf,0.0101809913492254,0.333333333333333,0.0149824415400134,0.565656565656566
VB04,motorneuron,GS,4,6,10,5,26,31,8307,0.0653620998961382,6116.69536755471,0.0481280912060138,Inf,0.00333774786789071,0.297619047619048,0.00427120240546867,0.390873015873016
VB05,motorneuron,GS,3,5,8,9,48,57,1953,0.0153668208856576,4240.47343233979,0.0333653843856403,Inf,0.00469663086766306,0.269230769230769,0.00593194818574173,0.352564102564103
VB06,motorneuron,GS,10,8,18,42,63,105,559,0.00439838856891071,814.604720145046,0.00640956724376866,Inf,0.00325091575365822,0.14,0.00523900091050555,0.247944444444444
VB07,motorneuron,GS,8,12,20,12,53,65,2258,0.0177666572246876,1602.21470608931,0.0126067313921357,Inf,0.00433815364336631,0.256756756756757,0.00678609671053039,0.463333333333333
VB08,motorneuron,GS,8,12,20,33,113,146,2672,0.0210241399930759,1501.00671079603,0.0118103949170367,Inf,0.00760619909932742,0.313513513513514,0.0111225804206894,0.556531531531531
VB09,motorneuron,GS,13,9,22,38,76,114,382,0.00300569666068675,304.726241508421,0.00239768232074734,Inf,0.00572863086077722,0.241150442477876,0.00866034138260314,0.427064896755162
VB10,motorneuron,GS,14,9,23,52,45,97,6,4.72098951940327e-05,269.169660198481,0.00211791190789728,Inf,0.00594870985282252,0.301619433198381,0.00893636945681165,0.481443994601889
VB11,motorneuron,GS,9,5,14,42,18,60,0,0,111.885977354911,0.000880354210767881,Inf,0.0101197187636552,0.471590909090909,0.0129812291933275,0.638257575757576
VD01,motorneuron,GS,4,3,7,28,15,43,1366,0.0107481194725081,541.188819974546,0.00425824457853009,Inf,0.0089446969137602,0.447368421052632,0.00752697491160346,0.421052631578947
VD02,motorneuron,GS,9,4,13,113,18,131,1489,0.0117159223239858,244.110447149424,0.00192073810428213,Inf,0.0103326369473736,0.386666666666667,0.0170987712948501,0.618555555555556
VD03,motorneuron,GS,9,4,13,132,13,145,1126,0.0088597236647468,734.394346540572,0.00577844668854509,Inf,0.00784116981765057,0.253333333333333,0.0113632690948784,0.388888888888889
VD04,motorneuron,GS,11,2,13,91,3,94,347,0.00273030560538822,710.801143715229,0.00559280791643242,Inf,0.00543804271360683,0.217105263157895,0.00859822074957712,0.331140350877193
VD05,motorneuron,GS,9,4,13,79,6,85,2282,0.0179554968054638,1186.0519780601,0.00933223159648207,Inf,0.00277127465929583,0.173333333333333,0.00263792996082578,0.18
VD06,motorneuron,GS,10,2,12,105,4,109,1189,0.00935542756428414,2777.32680963998,0.0218528846004468,Inf,0.00293396860268714,0.1171875,0.00324387621386803,0.127604166666667
VD07,motorneuron,GS,8,3,11,103,5,108,720.5,0.00566912158121676,514.241750039722,0.00404621652062854,Inf,0.00463190623631499,0.19811320754717,0.0072794751168517,0.32248427672956
VD08,motorneuron,GS,10,5,15,76,7,83,724,0.00569666068674661,601.464768568578,0.00473251478117095,Inf,0.00283486457476638,0.161764705882353,0.00406394890578865,0.237009803921569
VD09,motorneuron,GS,12,3,15,92,4,96,975,0.00767160796903031,493.468057088016,0.00388276254278803,Inf,0.00546360262616606,0.233009708737864,0.00838076423497795,0.410113268608414
VD10,motorneuron,GS,12,4,16,84,16,100,67,0.000527177163000031,102.718166867717,0.000808218982058009,Inf,0.0072633057881774,0.254237288135593,0.0109878565382586,0.405367231638418
VD11,motorneuron,GS,14,8,22,99,19,118,644,0.00506719541749284,1157.21013277386,0.00910529484762106,Inf,0.00706349793322896,0.3125,0.0103609859519191,0.461495535714286
VD12,motorneuron,GS,14,7,21,66,18,84,4,3.14732634626884e-05,170.995502407503,0.00134544662455153,Inf,0.00481572992777752,0.223557692307692,0.00903508065372336,0.486378205128205
VD13,motorneuron,GS,15,7,22,145,26,171,3305,0.0260047839360463,250.773315011332,0.00197316365319085,Inf,0.0111374160670862,0.381057268722467,0.0185228542611093,0.5924688057041
CEMDL,sensory,MS,1,6,7,5,40,45,778,0.0061215497434929,677.133498039038,0.00532790024579862,Inf,0.00427530372446261,0.166666666666667,0.00375773336038446,0.142857142857143
CEMDR,sensory,MS,1,7,8,4,41,45,0,0,0,0,Inf,0.0079113141316339,0.333333333333333,0.00626374625745531,0.0333333333333333
CEMVL,sensory,MS,5,11,16,14,52,66,1131,0.00889906524407516,1760.66660703758,0.0138534809983129,Inf,0.00684754375823681,0.299145299145299,0.0114693042645485,0.206928838951311
CEMVR,sensory,MS,9,21,30,33,173,206,2331,0.0183410442828817,2738.14527393666,0.0215445919014309,Inf,0.00427771367069443,0.15661252900232,0.00966299053021174,0.396682686995912
MCML,interneuron,MS,9,16,25,51,58,109,1368,0.0107638561042394,2901.46381908015,0.0228296338013419,Inf,0.00349733509099461,0.158163265306122,0.00598934965965343,0.318424036281179
MCMR,interneuron,MS,12,10,22,113,94,207,2445,0.0192380322915683,1166.45027557524,0.0091779992098263,Inf,0.0121624358650512,0.303964757709251,0.0175829993445234,0.384180035650624
R1AL,sensory,MS,18,5,23,128,92,220,75,0.000590123689925408,446.384763513822,0.0035122963169501,Inf,0.0144238867869404,0.36144578313253,0.021173672478442,0.563003220611916
R1AR,sensory,MS,4,3,7,32,16,48,0,0,1.30053411351365,1.02330131992073e-05,Inf,0.0310765319824851,0.815789473684211,0.0180212084817581,0.596491228070175
R1BL,sensory,MS,3,8,11,16,45,61,0,0,9.24513169700866,7.27436164118013e-05,Inf,0.00981662596369507,0.416666666666667,0.015234684906419,0.635030864197531
R1BR,sensory,MS,19,46,65,232,547,779,22455.5,0.1766869669216,4475.32351035107,0.0352132589805107,Inf,0.0128146179002765,0.273740310077519,0.023641722528319,0.526315789473684
R2AL,sensory,MS,13,17,30,98,195,293,817,0.00642841406225412,762.744541555293,0.00600151497777432,Inf,0.0106962864555107,0.2981220657277,0.0173613015882106,0.453671171171171
R2AR,sensory,MS,12,8,20,165,125,290,957,0.00752997828344821,313.425112986044,0.00246612778920817,Inf,0.0231168542425517,0.410810810810811,0.0292907135178081,0.530648769574944
R2BL,sensory,MS,15,36,51,136,482,618,4437,0.0349117174959872,600.320211614342,0.00472350904552876,Inf,0.013780866699696,0.283676703645008,0.023759357148481,0.514225372279496
R2BR,sensory,MS,21,30,51,132,469,601,1514,0.0119126302206276,372.53699516205,0.00293123874958338,Inf,0.015247913527867,0.337430610626487,0.0266140389917035,0.576633705932932
R3AL,sensory,MS,24,9,33,180,101,281,1733,0.0136357913952098,908.942870709829,0.0071518496105957,Inf,0.00866751010202896,0.289827255278311,0.0157992950491936,0.579574536148433
R3AR,sensory,MS,15,7,22,139,88,227,1324,0.0104176502061499,853.233122680007,0.00671350771630006,Inf,0.0126221721428738,0.338495575221239,0.0191769259278755,0.561873156342183
R3BL,sensory,MS,22,27,49,204,355,559,2673,0.0210320083089416,839.408415951248,0.0066047305570079,Inf,0.0104762665951498,0.268041237113402,0.0221209157830512,0.585044387170676
R3BR,sensory,MS,19,37,56,140,412,552,1497,0.0117788688509112,1315.12814863467,0.0103478436772942,Inf,0.00918795754541461,0.257198952879581,0.0201475022818984,0.528550469483568
R4AL,sensory,MS,13,16,29,217,201,418,2329,0.0183253076511503,440.294311075061,0.00346437471339708,Inf,0.0221621589319724,0.418136020151133,0.0327852737207641,0.59822990420658
R4AR,sensory,MS,14,17,31,177,222,399,1664,0.0130928776004784,708.607982919126,0.00557555143454447,Inf,0.01764074959081,0.357456140350877,0.026396208339711,0.54606365159129
R4BL,sensory,MS,13,25,38,72,164,236,127,0.000999276114940358,94.92982658088,0.00074693786061184,Inf,0.0105410879171686,0.362391930835735,0.0172050985575752,0.598583093179635
R4BR,sensory,MS,18,24,42,85,253,338,543,0.00427249551505996,259.750621220123,0.00204379993406448,Inf,0.0124695681740354,0.386792452830189,0.0202119030764242,0.580425347222222
R5AL,sensory,MS,9,10,19,59,66,125,179,0.00140842853995531,164.228671450755,0.00129220306117422,Inf,0.0144115709563245,0.454819277108434,0.0192546842779638,0.677710843373494
R5AR,sensory,MS,7,13,20,62,71,133,22,0.000173102949044786,220.016070282221,0.00173115593650443,Inf,0.0154312609503599,0.418478260869565,0.0200285983780005,0.63088768115942
R5BL,sensory,MS,6,13,19,26,35,61,0,0,140.695474315049,0.00110703643278137,Inf,0.0073526083721525,0.375757575757576,0.0108725362540701,0.578030303030303
R5BR,sensory,MS,17,28,45,138,216,354,1664,0.0130928776004784,528.317351058981,0.00415696779544725,Inf,0.012382423051087,0.320880245649949,0.0198387057338595,0.607932446264074
R6AL,sensory,MS,13,13,26,153,106,259,383,0.00301356497655242,54.9364556996413,0.00043225738598528,Inf,0.0224698453587836,0.566455696202532,0.0291125231054544,0.717039800995025
R6AR,sensory,MS,22,17,39,200,185,385,2075,0.0163267554212696,824.259686468431,0.00648553556847347,Inf,0.0159840618994895,0.415868673050616,0.0248372447259643,0.62257737189244
R6BL,sensory,MS,10,10,20,70,121,191,343,0.00269883234192553,152.528891214763,0.00120014549471849,Inf,0.0162081131296235,0.467741935483871,0.0202163856899571,0.62410394265233
R6BR,sensory,MS,10,9,19,152,186,338,7471,0.0587841878324363,121.154175384757,0.000953279320372307,Inf,0.0313984962668701,0.427710843373494,0.0370274861854208,0.618222891566265
R7AL,sensory,MS,16,23,39,115,119,234,357,0.00280898876404494,334.032530060673,0.00262827345592699,Inf,0.0137630613082651,0.452674897119342,0.0205751477454205,0.672582697201018
R7AR,sensory,MS,16,26,42,172,228,400,1256,0.00988260472728417,167.000604534292,0.001314013506234,Inf,0.0159237103352627,0.402712264150943,0.0250268495443227,0.631108940972222
R7BL,sensory,MS,27,34,61,187,324,511,5629,0.0442907500078683,1088.27814961698,0.0085629162308956,Inf,0.0123280307264045,0.353233830845771,0.0214744509243724,0.625354819633353
R7BR,sensory,MS,25,32,57,240,417,657,8582.5,0.0675298209171309,884.859183654594,0.00696235155363511,Inf,0.0163832912242132,0.362714013950539,0.0259656679633213,0.616956373551465
R8AL,sensory,MS,20,15,35,244,138,382,904,0.00711295754256759,180.594818756179,0.00142097707767742,Inf,0.0172389272236339,0.350682593856655,0.0263036568873403,0.59061433447099
R8AR,sensory,MS,16,10,26,271,120,391,1334.5,0.0105002675227394,52.9420952727574,0.000416565128196562,Inf,0.0247024189962382,0.4421875,0.0359197276779067,0.674140625
R8BL,sensory,MS,11,18,29,70,148,218,546,0.00429610046265697,34.4588366504157,0.00027113301112907,Inf,0.015429987611771,0.505037783375315,0.0213448946383763,0.696263643996641
R8BR,sensory,MS,12,24,36,75,186,261,60,0.000472098951940327,71.1782347555682,0.000560052833817772,Inf,0.0127258969214996,0.420840064620355,0.0190582137796621,0.612704174228675
R9AL,sensory,MS,15,25,40,137,197,334,1790,0.0140842853995531,273.821348163137,0.00215451285811173,Inf,0.0125672794933141,0.314119170984456,0.0229965419535899,0.603756476683938
R9AR,sensory,MS,23,28,51,95,243,338,23,0.000180971264910459,762.885029105216,0.0060026203781923,Inf,0.00998381122436484,0.319334389857369,0.0189286855006313,0.632395668251453
R9BL,sensory,MS,17,28,45,242,404,646,6261,0.0492635256349731,962.230761493012,0.00757113556709323,Inf,0.015040322689598,0.299385875127943,0.0272928466702411,0.467405536849981
R9BR,sensory,MS,13,26,39,97,282,379,1213,0.00954426714506027,216.666568419469,0.00170480099785564,Inf,0.0152424200917875,0.406164383561644,0.0248370443124223,0.620744410569106
PHDL,sensory,MS,11,16,27,58,138,196,9,7.0814842791049e-05,38.2220795259508,0.00030074339475302,Inf,0.0119954760804245,0.403458213256484,0.0172870075821566,0.592219020172911
PHDR,sensory,MS,9,21,30,49,231,280,93,0.000731753375507506,46.2897289517801,0.000364222208728953,Inf,0.012921188574089,0.386682242990654,0.0183869574415668,0.585085669781932
HOA,sensory,MS,22,27,49,240,628,868,2569,0.0202137034589117,709.943765313324,0.00558606179234983,Inf,0.016223742787652,0.290877796901893,0.0289027043540852,0.594650028686173
HOB,sensory,MS,26,43,69,187,921,1108,5139.5,0.0404392093916218,1097.97952711921,0.00863924973341527,Inf,0.0155381673542148,0.276989247311828,0.0327795021010511,0.563099041533546
PCAL,sensory,MS,19,23,42,204,416,620,4867,0.0382950933182262,257.431505985624,0.00202555240287055,Inf,0.0174042960331527,0.339201877934272,0.0320947584028349,0.599104058721934
PCAR,sensory,MS,18,21,39,201,472,673,2586,0.0203474648286281,766.889716592288,0.00603413052428389,Inf,0.0163416231001131,0.298630136986301,0.030064624120182,0.59277397260274
PCBL,sensory,MS,13,22,35,158,192,350,4671,0.0367529034085544,285.372728295755,0.00224540276567963,Inf,0.0136137397849779,0.345890410958904,0.0242364145718844,0.628396118721461
PCBR,sensory,MS,16,21,37,217,199,416,1112,0.00874956724262739,181.518196489525,0.00142824250534672,Inf,0.0177926748072522,0.386503067484663,0.0288725748718613,0.664366053169734
PCCL,sensory,MS,9,9,18,46,97,143,93,0.000731753375507506,31.2109516122592,0.000245577625753463,Inf,0.0168167966737229,0.486301369863014,0.0251383391448229,0.727454337899543
PCCR,sensory,MS,11,10,21,54,60,114,3163,0.0248874830831209,58.1655513968775,0.000457664930891618,Inf,0.0146358032914846,0.554455445544555,0.0191375660569414,0.717615511551155
SPCL,sensory,MS,10,10,20,101,33,134,0,0,81.8441995353127,0.000643976013716935,Inf,0.0151468519592428,0.510989010989011,0.0206233325138201,0.737637362637363
SPCR,sensory,MS,14,14,28,135,112,247,1860,0.0146350675101501,199.747614884318,0.00157167732732445,Inf,0.0175310505236718,0.440217391304348,0.025656973371751,0.693885869565217
SPDL,sensory,MS,12,14,26,145,114,259,242.5,0.00190806659742549,369.790198356041,0.00290962608469487,Inf,0.0107728036419015,0.302507836990596,0.017089281175757,0.564289446185998
SPDR,sensory,MS,12,11,23,149,41,190,3,2.36049475970163e-05,468.213641727209,0.00368405282572631,Inf,0.0108850099857458,0.338056680161943,0.0167152886288025,0.573481781376518
SPVL,sensory,MS,12,18,30,55,243,298,559,0.00439838856891071,214.068599325771,0.00168435935641717,Inf,0.0091887007362806,0.267441860465116,0.0168641959546631,0.540503875968992
SPVR,sensory,MS,14,20,34,65,227,292,440,0.00346205898089573,946.810966410149,0.00744980774879732,Inf,0.00718150274647686,0.219710669077758,0.0132929916699319,0.459719710669078
PVV,interneuron,MS,49,37,86,822,165,987,9978.5,0.0785139898656092,5335.41882952055,0.0419807606263222,Inf,0.00825829947543364,0.21813927883292,0.0203380971412805,0.522703222703223
PVX,interneuron,MS,39,22,61,808,169,977,3560,0.0280112044817927,2103.72431013527,0.0165527673664375,Inf,0.00945956690862296,0.196379594075699,0.0224431625297173,0.501641067836899
PVY,interneuron,MS,41,9,50,444,74,518,2698,0.0212287162055834,494.943678585773,0.00389437319883055,Inf,0.010672672051471,0.268852459016393,0.0225645152967863,0.560943060498221
PVZ,interneuron,MS,33,26,59,399,118,517,742,0.00583829037232871,2860.19794280138,0.0225049408523068,Inf,0.00503347807549911,0.157739846968805,0.0126767301787966,0.459378065528742
DVE,interneuron,MS,13,22,35,86,185,271,1007,0.00792339407673182,898.656768116225,0.00707091530636251,Inf,0.00964719855021434,0.278438030560272,0.0173550734737207,0.569538766270515
DVF,interneuron,MS,14,30,44,58,141,199,357.5,0.00281292292197778,2341.14174692616,0.0184208427511264,Inf,0.00544147388802283,0.218783351120598,0.0104800578890838,0.498203486303806
DX1,interneuron,MS,7,5,12,52,41,93,1,7.86831586567211e-06,61.2136923257108,0.000481648666522762,Inf,0.017187547234002,0.4140625,0.0226080636151363,0.62890625
DX2,interneuron,MS,4,8,12,52,79,131,83,0.000653070216850785,4.11952579276288,3.24137301542416e-05,Inf,0.0305991084130668,0.603174603174603,0.0330764465880242,0.552325581395349
DX3,interneuron,MS,10,11,21,92,59,151,4062,0.0319610990463601,100.69179800691,0.000792274871800821,Inf,0.0147703313663426,0.431372549019608,0.0213952370556113,0.658292483660131
EF1,interneuron,MS,31,7,38,521,19,540,10,7.86831586567211e-05,268.16081031529,0.00210997395835528,Inf,0.0110578433312978,0.246077032810271,0.0255028813720851,0.557156443176415
EF2,interneuron,MS,41,18,59,561,90,651,3465,0.0272637144745539,1723.95833352136,0.0135646487074038,Inf,0.0102147578537502,0.284411764705882,0.0216320963136828,0.565689365279529
EF3,interneuron,MS,43,8,51,634,98,732,2978.5,0.0234357788059044,2403.99805448897,0.0189154160331805,Inf,0.00948224292676442,0.198031496062992,0.0225993362284266,0.493451443569554
PDC,interneuron,MS,19,11,30,219,46,265,66,0.000519308847134359,370.414037858523,0.00291453465094989,Inf,0.0108424614867252,0.356976744186047,0.0185157019460937,0.579166666666667
PGA,interneuron,MS,15,21,36,74,72,146,0,0,236.356736927407,0.00185972946312441,Inf,0.00941870448958636,0.422829581993569,0.0150768338474413,0.628835740072202
CA02,interneuron,MS,1,1,2,2,1,3,0,0,0,0,Inf,0.00793051969775004,1,0.00793051969775004,1
CA03,interneuron,MS,3,8,11,3,17,20,343,0.00269883234192553,376.383665244423,0.00296150556482252,Inf,0.0033349922194211,0.320754716981132,0.00535593711523594,0.505503144654088
CA04,interneuron,MS,13,9,22,115,34,149,0,0,102.245053379283,0.000804496375690702,Inf,0.0133139831100848,0.396017699115044,0.0182047119163638,0.592367256637168
CA05,interneuron,MS,25,21,46,152,62,214,716,0.00563371415982123,2336.94285546812,0.0183878045468489,Inf,0.00533663721997054,0.2,0.0116682875873022,0.501447154471545
CA06,interneuron,MS,15,16,31,102,44,146,0,0,245.756940038382,0.00193369323040303,Inf,0.00947043793668862,0.368131868131868,0.0156338473062698,0.646153846153846
CA07,interneuron,MS,6,11,17,16,16,32,731,0.00575173889780631,811.362609876269,0.00638405729610258,Inf,0.0032603757951772,0.223484848484848,0.00430885159684755,0.320075757575758
CA08,interneuron,MS,3,10,13,6,16,22,127,0.000999276114940358,97.3085746108631,0.000765654601476593,Inf,0.002742660907415,0.263157894736842,0.00276468472148119,0.0694444444444444
CA09,interneuron,MS,2,4,6,2,5,7,1,7.86831586567211e-06,147.145112571852,0.00115778422380521,Inf,0.00367885158359306,0.571428571428571,0.00376773009156083,0.291666666666667
CP01,interneuron,MS,14,5,19,126,23,149,1,7.86831586567211e-06,29.4194586399666,0.000231481593176334,Inf,0.0142485237903981,0.37797619047619,0.0203960746132061,0.629712301587302
CP02,interneuron,MS,15,7,22,156,31,187,347,0.00273030560538822,215.511226297924,0.00169571040111041,Inf,0.0147250930269683,0.360619469026549,0.0220092586392859,0.597218710493047
CP03,interneuron,MS,16,3,19,147,17,164,5,3.93415793283606e-05,19.4094728199649,0.000152719862933661,Inf,0.0162545218022293,0.407738095238095,0.0243406739232142,0.664186507936508
CP04,interneuron,MS,27,9,36,200,42,242,3080,0.0242344128662701,937.565041686837,0.00737705789260408,Inf,0.00864142254301362,0.248397435897436,0.0163525718790445,0.507278311965812
CP05,interneuron,MS,14,24,38,110,179,289,993,0.00781323765461241,1800.02571819334,0.0141631709170785,Inf,0.0111671766236177,0.325867052023121,0.0188393242156328,0.604479768786127
CP06,interneuron,MS,14,18,32,119,107,226,328,0.00258080760394045,374.114075150946,0.00294364771308144,Inf,0.0131230776738393,0.391170431211499,0.0204784060625521,0.649897330595482
CP07,interneuron,MS,28,21,49,308,233,541,983,0.00773455449595569,714.611968071365,0.00562279268617509,Inf,0.0126057609421043,0.271636675235647,0.0229191318473229,0.526118359739049
CP08,interneuron,MS,22,13,35,230,154,384,941,0.00740408522959746,319.387145025111,0.0025130389404928,Inf,0.0148147695023037,0.339897260273973,0.0228292994529768,0.597888127853881
CP09,interneuron,MS,22,29,51,128,874,1002,3980,0.031315897145375,444.477733108123,0.00349729119935262,Inf,0.0216568718397115,0.366560762509929,0.0334736955875393,0.629163077806489
